id;financiador;convocatoria;anio;referencia;titulo;categoria;entidad;cif;ccaa;ccaa_via;provincia;localizacion;inicio;fin;importe_concedido_eur;presupuesto_total_eur;fondo;via;url;resumen
AEI:PCI2026-177600-1;AEI;Proyectos de Colaboración Internacional;2026;PCI2026-177600-1;RESHAPING FOOD SYSTEMS: VALUE CHANGE TRANSFORMATION THROUGH RECONNECTION;Ciencias sociales · Geografía;AGENCIA ESTATAL CONSEJO SUPERIOR DE INVESTIGACIONES CIENTIFICAS (CSIC);Q2818002D;Andalucía;fuente;SEVILLA;;;;286250,00;0,00;;resumen;https://www.aei.gob.es/ayudas-concedidas/buscador-ayudas-concedidas?code=PCI2026-177600-1;LA INDUSTRIALIZACION DE LOS SISTEMAS ALIMENTARIOS HA DESCONECTADO A LAS PERSONAS DE SUS ALIMENTOS, LIMITANDO EL RECONOCIMIENTO SOCIAL DE QUE LOS SERES HUMANOS FORMAN PARTE DEL MUNDO NATURAL. LOS VALORES SOCIALES DETERMINAN LA CONFIGURACION DE ESTOS SISTEMAS DESDE LA GRANJA HASTA LA MESA: LA DESCONEXION GENERALIZADA DE LAS DINAMICAS SOCIOECOLOGICAS QUE SUBYACEN A LA ALIMENTACION CONSTITUYE UNA BARRERA CLAVE PARA UN CAMBIO TRANSFORMADOR HACIA SISTEMAS SOSTENIBLES Y RESILIENTES. A PESAR DE LA GLOBALIZACION, CIERTOS PRODUCTOS Y SUS CADENAS DE VALOR CONFIGURAN LOS TERRITORIOS, YA SEA EXACERBANDO LA DESCONEXION U OFRECIENDO OPORTUNIDADES DE RECONEXION. RESHAPE TIENE COMO OBJETIVO CARACTERIZAR LAS CADENAS DE VALOR DE CINCO PRODUCTOS ALIMENTARIOS EN EUROPA DESDE PERSPECTIVAS ECONOMICA, SOCIOCULTURAL Y DE GOBERNANZA PARA CO-DISEÑAR Y PROBAR ESTRATEGIAS INNOVADORAS QUE SUPEREN ESTA DESCONEXION Y APOYEN CAMBIOS TRANSFORMADORES HACIA SISTEMAS ALIMENTARIOS SOSTENIBLES. ESTOS PRODUCTOS SERVIRAN COMO PUNTOS DE ENTRADA A SUS RESPECTIVOS SISTEMAS A TRAVES DE CINCO LIVING LABS EN EUROPA: FRUTOS ROJOS Y VERDURAS SILVESTRES EN ESPAÑA, QUESO GOUDA EN PAISES BAJOS, CARNE DE ANIMALES ALIMENTADOS A PASTO EN DINAMARCA Y PESCADO ARTESANAL EN TURQUIA. ESTOS CASOS ABARCAN UNA AMPLIA DIVERSIDAD: DESDE CADENAS LOCALIZADAS HASTA GLOBALIZADAS, EN DISTINTOS CONTEXTOS SOCIOECONOMICOS, POLITICOS Y ECOLOGICOS DE EUROPA OCCIDENTAL, MERIDIONAL, SEPTENTRIONAL Y ORIENTAL, CON ENFOQUES QUE VAN DESDE POLITICAS NACIONALES Y EUROPEAS HASTA INICIATIVAS LOCALES Y REGIONALES LIDERADAS POR PESCADORES, GANADEROS Y AGRICULTORES. RESHAPE EMPLEARA ENFOQUES SENSIBLES AL CONTEXTO, DE METODOS MIXTOS, INTERDISCIPLINARIOS Y TRANSDISCIPLINARIOS PARA ABORDAR EL SISTEMA ALIMENTARIO EN SU CONJUNTO, DESDE LA PRODUCCION HASTA EL CONSUMO, INCLUYENDO PROCESAMIENTO, DISTRIBUCION, COMERCIALIZACION Y PREPARACION, CON EL FIN DE DISEÑAR Y PROBAR ESTRATEGIAS QUE RECONECTEN LOS SISTEMAS ALIMENTARIOS CON LA SOCIEDAD. PARA ASEGURAR UN IMPACTO DURADERO, EL WP2 GARANTIZARA UN PROCESO PARTICIPATIVO TRANSVERSAL, INVOLUCRANDO A AGRICULTORES, PROCESADORES, CHEFS, FORMACION PROFESIONAL, TRANSPORTE, DISTRIBUCION COMERCIAL Y NO COMERCIAL, CONSUMIDORES, RESPONSABLES POLITICOS, MEDIOS Y ACADEMIA. EL WP3 CARACTERIZARA LAS CINCO CADENAS DE VALOR COMBINANDO ETNOGRAFIA MULTISITUADA, EVALUACION DEL CICLO DE VIDA Y ANALISIS INPUT-OUTPUT AMBIENTAL AMPLIADO. EL WP4 EXAMINARA LAS DIMENSIONES SOCIOCULTURALES MEDIANTE SINTESIS DE CONOCIMIENTOS, ENTREVISTAS Y ENCUESTAS, IDENTIFICANDO ELEMENTOS QUE FOMENTEN LA RECONEXION BASADOS EN DIVERSOS VALORES ALIMENTARIOS. EL WP5 ANALIZARA ENFOQUES DE GOBERNANZA, COMPARANDO ESTRATEGIAS DE ARRIBA ABAJO, DE ABAJO ARRIBA Y MIXTAS PARA EVALUAR SU CONTRIBUCION AL CAMBIO TRANSFORMADOR. FINALMENTE, EL WP6 PONDRA A PRUEBA ESTRATEGIAS INNOVADORAS, PARTICIPATIVAS Y TRANSDISCIPLINARIAS, INCLUYENDO CO-CREACION DE ESCENARIOS, CIENCIA CIUDADANA Y ARTES, PARA FOMENTAR CAMBIOS DE COMPORTAMIENTO. AL CONCLUIR, RESHAPE PROPORCIONARA CONOCIMIENTOS PRACTICOS PARA LA TOMA DE DECISIONES A LO LARGO DE LAS CADENAS ALIMENTARIAS, DESDE LA GRANJA HASTA LA MESA, RECONECTANDO A LAS PERSONAS CON SUS ALIMENTOS.
AEI:PCI2026-177731-1;AEI;Proyectos de Colaboración Internacional;2026;PCI2026-177731-1;RESHAPING FOOD SYSTEMS: VALUE CHANGE TRANSFORMATION THROUGH RECONNECTION;Ciencias sociales · Sociología y antropología social;UNIVERSIDAD DE CORDOBA;Q1418001B;Andalucía;fuente;CORDOBA;;;;75000,00;0,00;;resumen;https://www.aei.gob.es/ayudas-concedidas/buscador-ayudas-concedidas?code=PCI2026-177731-1;LA INDUSTRIALIZACION DE LOS SISTEMAS ALIMENTARIOS HA DESCONECTADO A LAS PERSONAS DE SUS ALIMENTOS, LIMITANDO EL RECONOCIMIENTO SOCIAL DE QUE LOS SERES HUMANOS FORMAN PARTE DEL MUNDO NATURAL. LOS VALORES SOCIALES DETERMINAN LA CONFIGURACION DE ESTOS SISTEMAS DESDE LA GRANJA HASTA LA MESA: LA DESCONEXION GENERALIZADA DE LAS DINAMICAS SOCIOECOLOGICAS QUE SUBYACEN A LA ALIMENTACION CONSTITUYE UNA BARRERA CLAVE PARA UN CAMBIO TRANSFORMADOR HACIA SISTEMAS SOSTENIBLES Y RESILIENTES. A PESAR DE LA GLOBALIZACION, CIERTOS PRODUCTOS Y SUS CADENAS DE VALOR CONFIGURAN LOS TERRITORIOS, YA SEA EXACERBANDO LA DESCONEXION U OFRECIENDO OPORTUNIDADES DE RECONEXION. RESHAPE TIENE COMO OBJETIVO CARACTERIZAR LAS CADENAS DE VALOR DE CINCO PRODUCTOS ALIMENTARIOS EN EUROPA DESDE PERSPECTIVAS ECONOMICA, SOCIOCULTURAL Y DE GOBERNANZA PARA CO-DISEÑAR Y PROBAR ESTRATEGIAS INNOVADORAS QUE SUPEREN ESTA DESCONEXION Y APOYEN CAMBIOS TRANSFORMADORES HACIA SISTEMAS ALIMENTARIOS SOSTENIBLES. ESTOS PRODUCTOS SERVIRAN COMO PUNTOS DE ENTRADA A SUS RESPECTIVOS SISTEMAS A TRAVES DE CINCO LIVING LABS EN EUROPA: FRUTOS ROJOS Y VERDURAS SILVESTRES EN ESPAÑA, QUESO GOUDA EN PAISES BAJOS, CARNE DE ANIMALES ALIMENTADOS A PASTO EN DINAMARCA Y PESCADO ARTESANAL EN TURQUIA. ESTOS CASOS ABARCAN UNA AMPLIA DIVERSIDAD: DESDE CADENAS LOCALIZADAS HASTA GLOBALIZADAS, EN DISTINTOS CONTEXTOS SOCIOECONOMICOS, POLITICOS Y ECOLOGICOS DE EUROPA OCCIDENTAL, MERIDIONAL, SEPTENTRIONAL Y ORIENTAL, CON ENFOQUES QUE VAN DESDE POLITICAS NACIONALES Y EUROPEAS HASTA INICIATIVAS LOCALES Y REGIONALES LIDERADAS POR PESCADORES, GANADEROS Y AGRICULTORES. RESHAPE EMPLEARA ENFOQUES SENSIBLES AL CONTEXTO, DE METODOS MIXTOS, INTERDISCIPLINARIOS Y TRANSDISCIPLINARIOS PARA ABORDAR EL SISTEMA ALIMENTARIO EN SU CONJUNTO, DESDE LA PRODUCCION HASTA EL CONSUMO, INCLUYENDO PROCESAMIENTO, DISTRIBUCION, COMERCIALIZACION Y PREPARACION, CON EL FIN DE DISEÑAR Y PROBAR ESTRATEGIAS QUE RECONECTEN LOS SISTEMAS ALIMENTARIOS CON LA SOCIEDAD. PARA ASEGURAR UN IMPACTO DURADERO, EL WP2 GARANTIZARA UN PROCESO PARTICIPATIVO TRANSVERSAL, INVOLUCRANDO A AGRICULTORES, PROCESADORES, CHEFS, FORMACION PROFESIONAL, TRANSPORTE, DISTRIBUCION COMERCIAL Y NO COMERCIAL, CONSUMIDORES, RESPONSABLES POLITICOS, MEDIOS Y ACADEMIA. EL WP3 CARACTERIZARA LAS CINCO CADENAS DE VALOR COMBINANDO ETNOGRAFIA MULTISITUADA, EVALUACION DEL CICLO DE VIDA Y ANALISIS INPUT-OUTPUT AMBIENTAL AMPLIADO. EL WP4 EXAMINARA LAS DIMENSIONES SOCIOCULTURALES MEDIANTE SINTESIS DE CONOCIMIENTOS, ENTREVISTAS Y ENCUESTAS, IDENTIFICANDO ELEMENTOS QUE FOMENTEN LA RECONEXION BASADOS EN DIVERSOS VALORES ALIMENTARIOS. EL WP5 ANALIZARA ENFOQUES DE GOBERNANZA, COMPARANDO ESTRATEGIAS DE ARRIBA ABAJO, DE ABAJO ARRIBA Y MIXTAS PARA EVALUAR SU CONTRIBUCION AL CAMBIO TRANSFORMADOR. FINALMENTE, EL WP6 PONDRA A PRUEBA ESTRATEGIAS INNOVADORAS, PARTICIPATIVAS Y TRANSDISCIPLINARIAS, INCLUYENDO CO-CREACION DE ESCENARIOS, CIENCIA CIUDADANA Y ARTES, PARA FOMENTAR CAMBIOS DE COMPORTAMIENTO. AL CONCLUIR, RESHAPE PROPORCIONARA CONOCIMIENTOS PRACTICOS PARA LA TOMA DE DECISIONES A LO LARGO DE LAS CADENAS ALIMENTARIAS, DESDE LA GRANJA HASTA LA MESA, RECONECTANDO A LAS PERSONAS CON SUS ALIMENTOS.
FB:97873500;FB;Convocatorias FEDER;2026;97873500;ACTIVA VERDE. Planificación, buenas prácticas e impulso de la bioeconomía agraria para el fortalecimiento de la infraestructura verde de Galicia y la adaptación al cambio climático.;Ecosistemas terrestres;Universidade de Santiago de Compostela;;Galicia;localizacion;;Galicia;2026-02-18;2028-09-30;914506,32;1524177,20;Fondo Europeo de Desarrollo Regional;resumen;https://fundacion-biodiversidad.es/proyecto_feder/activa-verde-planificacion-buenas-practicas-e-impulso-de-la-bioeconomia-agraria-para-el-fortalecimiento-de-la-infraestructura-verde-de-galicia-y-la-adaptacion-al-cambio-climatico/;"El proyecto fortalece la Estrategia Gallega de Infraestructura Verde y de la Conectividad y Restauración Ecológicas (EGIVCRE), mejorando la planificación y gestión de los usos agrarios desde un enfoque productivo y de servicios ecosistémicos, a través de participación pública y ciencia ciudadana. Para ello, identifica zonas prioritarias para implantar 5 sistemas agrarios multifuncionales demostrativos con un enfoque de silvicultura regenerativa y aprovechamiento silvopastoril, promueve actividades productivas e impulsa canales cortos de comercialización. Además, desarrolla 3 territorios piloto: un olivar autóctono (5–6 ha, 1.000 plantas), apicultura regenerativa (200 colmenas) y un espacio agrario de experimentación para huerta ecológica en terrenos incendiados. Con todo ello, se pretende conseguir la mejora de 10.000 km2 de infraestructura verde y el escalado del proyecto a toda la superficie verde de Galicia, mediante acciones de divulgación.
Objetivos: Planificar, impulsar e implantar actividades agrícolas, ganaderas y forestales, con enfoque agroecológico e innovador, en los ámbitos delimitados por la Estrategia Gallega de Infraestructura Verde.
Contribuir a la conservación, mejora y valorización de la infraestructura verde mediante la creación de paisajes agrarios multifuncionales.
Potenciar los servicios ecosistémicos, la mejora de la biodiversidad, la adaptación al cambio climático y la reducción del riesgo de incendio.
Recuperación y valorización de sistemas agrarios abandonados, degradados o en riesgo de degradación, especialmente sistemas agrarios de alto valor natural.
Favorecer la generación de empleo vinculado a la actividad agraria y la fijación de población en el medio rural."
FB:97875339;FB;Programa Pleamar;2026;97875339;Inland Wave. Formación y sensibilización en cultura oceánica para la sostenibilidad marina en territorios del interior peninsular.;Ecosistemas marinos;Universidad de Alcalá;;Madrid;cruce;;Andalucía, Canarias, Castilla-La Mancha, Comunidad de Madrid;2026;2028;0,00;0,00;Fondo Europeo Marítimo, de Pesca y de Acuicultura;resumen;https://fundacion-biodiversidad.es/programa_pleamar/inland-wave-formacion-y-sensibilizacion-en-cultura-oceanica-para-la-sostenibilidad-marina-en-territorios-del-interior-peninsular/;"Este proyecto promueve la sensibilización y el desarrollo de la ciencia ciudadana, en materia de sostenibilidad pesquera, el cuidado y la preservación del medio marino y su biodiversidad, al involucrar activamente al alumnado de diferentes niveles educativos en actividades de formación, transferencia de conocimiento y aplicación práctica en la comunidad. A través de diferentes acciones los estudiantes se convierten en agentes activos de cambio social y ambiental, se fortalece el vínculo entre las zonas de interior y las costeras y se mejora la imagen que la sociedad tiene de las actividades pesqueras, además de fortalecer el compromiso ciudadano hacia los Objetivos de Desarrollo Sostenible, partiendo como referencia del ODS 14.
Para ello, se desarrollará un programa de Aprendizaje-Servicio (ApS) en educación superior para formar a estudiantes de la Universidad de Alcalá en el conocimiento del medio marino, la cultura pesquera y oceánica. En la fase de aprendizaje, los estudiantes universitarios recibirán formación especializada sobre biodiversidad marina, pesca sostenible, economía azul y género. Como actividad final de esta fase, los estudiantes contribuirán al diseño de un juego de mesa como recurso formativo y lúdico para los centros educativos participantes en el proyecto.
Esta iniciativa representa una propuesta innovadora, al traducir los contenidos trabajados en la fase de aprendizaje como recurso didáctico creativo, accesible y motivador, promoviendo el aprendizaje significativo y la sensibilización en torno al ODS 14 desde una perspectiva activa y experiencial.
En la fase de servicio los estudiantes llevarán a cabo diferentes iniciativas, de acuerdo con el programa de actividades en distintos centros educativos de Madrid y Guadalajara. Este programa incluirá actividades sobre aspectos diversos como biodiversidad marina, la vida en un barco pesquero, la caracterización de residuos,  el análisis de la calidad del agua (en la Demarcación Hidrográfica del Tajo) o cómo afectan los microplásticos a los microorganismos. También se abordará la economía azul, el papel de la mujer en el sector pesquero, la implementación de un juego de mesa divulgativo o el diseño de una campaña de concienciación sobre el cuidado de los océanos. Además, se impulsará como iniciativa complementaria una colaboración con un centro costero que incluirá el envió de residuos y biodiversidad recogida en, al menos, una limpieza de playas y/o mar.
Proyecto complementario de INTEMARES.
Actúan como entidades colaboradoras: Junta de Comunidades de Castilla-La Mancha, Diputación de Guadalajara, Cofradía de Pescadores de Motril, CEIP La Zafra (Vecindario, Gran Canaria), Seaqual Foundation, Cholita Corme y Futuralga.
Objetivos: El objetivo general de este proyecto es conectar al alumnado del interior peninsular con la cultura pesquera, fomentando su conocimiento, sensibilización y compromiso con el ODS 14 (conservar y utilizar sosteniblemente los océanos, los mares y los recursos marinos).
Esto se logrará mediante los siguientes objetivos específicos (OE):
OE1. Formar educadores marinos que contribuyan a la sensibilización y divulgación ciudadana sobre sostenibilidad y conservación del medio marino, colaborando con centros educativos del interior peninsular.
OE2. Elaborar contenido y material didáctico que aborde el conocimiento del medio marino, la necesidad de preservar y recuperar la biodiversidad marina y la promoción de prácticas pesqueras sostenibles.
OE3. Promover la integración del currículum azul dentro de las programaciones didácticas en zonas de interior, concretamente en las provincias de Madrid y Guadalajara."
FB:97875430;FB;Programa Pleamar;2026;97875430;RIMED. Monitorización de Basuras en Desembocaduras de Ríos en el Mediterráneo.;Ecosistemas marinos;Asociación Paisaje Limpio;;;sin-ccaa;;Cataluña, Comunidad Valenciana;2026;2028;0,00;0,00;Fondo Europeo Marítimo, de Pesca y de Acuicultura;resumen;https://fundacion-biodiversidad.es/programa_pleamar/rimed-monitorizacion-de-basuras-en-desembocaduras-de-rios-en-el-mediterraneo/;"A lo largo de los dos años de la duración del proyecto se va a llevar a cabo la toma de datos de basuras en ribera y cauce de las desembocaduras de los ríos Llobregat, Ebro, Júcar y Segura, mediante monitorizaciones quincenales. Para ello se creará una metodología específica de cara a la caracterización de los residuos encontrados. Toda la información obtenida quedará registrada en una base de datos integrada, que se creará basándose en criterios comunes entre la aplicación eLitter y el protocolo RIMMEL, que permita la estandarización y futura replicabilidad de la monitorización de basuras en ríos, incorporando criterios de ciencia ciudadana e innovación tecnológica.
Paralelamente el proyecto incluye la organización de cuatro focus group en los municipios donde se va a llevar el trabajo de campo con pescadores locales, asociaciones de mujeres pescadoras y otras asociaciones de ámbito local, en colaboración con la Federación Nacional de Cofradías de Pescadores, para poner en común el problema de las basuras que aportan dichos ríos al medio marino.
El proyecto RIMED pretende también implicar a centros educativos, asociaciones locales y otros actores del entorno en acciones de sensibilización y voluntariado ambiental. Así, para todos los colectivos citados se organizarán batidas de limpieza en el entorno de las desembocaduras de los ríos estudiados. Estas acciones de limpieza llevan inherentes como resultado la sensibilización de los asistentes hacia el cuidado de su entorno, ya que observarán sobre el terreno la realidad de los residuos abandonados. La sensibilización se reforzará con la puesta en común de los residuos encontrados y sobre el efecto de dichos residuos abandonados en el medio marino. Los asistentes además realizarán una labor de ciencia ciudadana, ya que harán uso de las aplicaciones eLitter o Marnoba (según el tipo de escenario donde se lleve a cabo la batida de limpieza), que recogerán los datos obtenidos.
En definitiva, el proyecto contribuye a la reducción de la entrada de basuras marinas en el mar Mediterráneo mediante la monitorización científica y sistemática de residuos en cauce y ribera en desembocaduras de ríos, en línea con los objetivos de la Estrategia Marina de la UE, fomentando el conocimiento, la prevención en origen y la implicación del sector pesquero y otros actores clave de la Red Natura 2000.
Proyecto complementario de INTEMARES.
Actúa como entidad colaboradora: Federación Nacional de Cofradías de Pescadores (FNCP).
Objetivos: El objetivo general del proyecto es obtener información de las basuras que los ríos de la demarcación levantina-balear aportan al medio marino para contribuir a una mejor conservación de los recursos biológicos, hídricos y marinos y a la protección de las zonas marítimas de la Red Natura 2000. Este objetivo se encuentra alineado con el descriptor 10 de la Directiva Marco sobre la Estrategia Marina (Directiva 2008/56/CE), que establece que, para alcanzar el buen estado ambiental (Good Environmental Status, GES), los Estados miembros deben asegurar que las basuras marinas —tanto flotantes como sumergidas y presentes en playas— no tengan efectos nocivos sobre los ecosistemas marinos y costeros (Unión Europea, 2008).
Asimismo, RIMED contribuye a los objetivos de la Misión de la UE “Restaurar nuestros océanos y aguas de aquí a 2030”, especialmente en su eje de actuación centrado en la prevención y eliminación de la contaminación, que promueve actuaciones desde los ríos como principales vectores de entrada de basuras al mar (Comisión Europea, 2021).
Por otro lado, se alinea con las recomendaciones recogidas en el Plan de Acción para las Basuras Marinas, desarrollado por el grupo técnico de la Directiva Marina (MSFD Technical Subgroup on Marine Litter), que promueve la implementación de programas de seguimiento sistemático y la adopción de medidas en origen para evitar la entrada de residuos al medio marino (Marine Strategy Framework Directive Technical Subgroup on Marine Litter, 2013).
En definitiva, el proyecto contribuye a la reducción de la entrada de basuras marinas en el mar Mediterráneo mediante la monitorización científica y sistemática de residuos en cauce y ribera en desembocaduras de ríos, en línea con los objetivos de la Estrategia Marina de la UE, fomentando el conocimiento, la prevención en origen y la implicación del sector pesquero y otros actores clave.
Objetivos específicos:
OE1. Realizar una monitorización sistemática y estandarizada de basuras en cauce y ribera en las desembocaduras de los ríos Júcar y Besòs.
OE2. Desarrollar una base de datos integrada, basada en criterios comunes entre la aplicación eLitter y el protocolo RIMMEL, que permita la estandarización y futura replicabilidad de la monitorización de basuras en ríos.
OE3. Obtener una información valiosa sobre las basuras en desembocaduras de ríos y ponerla al final del proyecto a disposición de las autoridades competentes.
OE4. Recopilar y analizar el conocimiento empírico del sector pesquero sobre la presencia de basuras en las desembocaduras de los ríos y su impacto en las actividades pesqueras, mediante la organización de focus group con pescadores locales.
OE5. Fomentar la participación ciudadana en la limpieza y conservación de las zonas cercanas a las desembocaduras de los ríos monitorizados, implicando a centros educativos, asociaciones locales y otros actores del entorno.
OE6. Diseñar e implementar un plan de comunicación integral del proyecto."
FB:97875437;FB;Programa Pleamar;2026;97875437;RoGEO. Herramientas GEOespaciales para la monitorización de los arribazones del alga invasora Rugulopteryx okamurae en el litoral andaluz: mitigación de su impacto en la pesca y en el calentamiento global.;Ecosistemas marinos;Instituto de Ciencias Marinas de Andalucía (ICMAN-CSIC);;Andalucía;localizacion;;Andalucía;2026;2028;0,00;0,00;Fondo Europeo Marítimo, de Pesca y de Acuicultura;resumen;https://fundacion-biodiversidad.es/programa_pleamar/rogeo-herramientas-geoespaciales-para-la-monitorizacion-de-los-arribazones-del-alga-invasora-rugulopteryx-okamurae-en-el-litoral-andaluz-mitigacion-de-su-impacto-en-la-pesca-y-en-el-calentamiento-gl/;"RoGEO utiliza teledetección y la colaboración entre ciencia, administraciones y ciudadanía para desarrollar herramientas que apoyan las estrategias nacionales y autonómicas de seguimiento y gestión del alga invasora Rugulopteryx okamurae, contribuyendo a mitigar sus impactos ambientales y socioeconómicos.
Paquetes de trabajo
PT1 – Gestión y participación activa
Desarrollo y capacitación en una app móvil para registrar arribazones.
Selección de regiones piloto y entrenamiento de algoritmos satelitales.
PT2/3 – Detección de arribazones varados y flotando
Identificación y cuantificación de arribazones en playas y en la columna de agua.
Integración en un visor web.
Creación de índices espectrales específicos para Rugulopteryx okamurae.
Generación de mapas que permitan el análisis de patrones espaciales y temporales.
PT4 – Emisiones de gases de efecto invernadero
Medición de CO2 y CH4 derivado de la descomposición del alga varada.
Recomendaciones para limpieza y mitigación de impactos.
PT5 – Divulgación y ciencia ciudadana
Difusión de herramientas y resultados a pescadores, gestores y ciudadanía.
Promoción del registro colaborativo de datos.
Visibilidad académica y social mediante publicaciones, congresos y talleres participativos.
Proyecto complementario de INTEMARES.
Actúan como entidades colaboradoras: Instituto de Investigación y Formación Agraria y Pesquera (IFAPA), Instituto Universitario de Biotecnología y Desarrollo Azul (IBYDA), Demarcación de Costas de Andalucía Atlántico, Federación Andaluza de Cofradías de Pescadores (FACOPE), Asociación Nacional de Mujeres de la Pesca (ANMUPESCA) y Asociación Andaluza de Mujeres del Sector Pesquero (ANDMUPES).
Objetivos: El objetivo de RoGEO es fortalecer la capacidad del sector pesquero, el sector turístico y las administraciones públicas para afrontar la llegada masiva de arribazones del alga invasora Rugulopteryx okamurae en las costas andaluzas, mediante el desarrollo de herramientas basadas en teledetección, ciencia abierta y ciencia ciudadana.
El proyecto implementa un sistema de monitorización regional apoyado en imágenes del satélite Sentinel-2, que permite la identificación y visualización en tiempo casi real de acumulaciones del alga asiática invasora, tanto flotando en la columna de agua como varadas en playa, a lo largo de las costas atlántica y mediterránea de Andalucía.
Objetivos específicos:
OE1. Desarrollar herramientas (móviles o basadas en teledetección) para el registro, visualización y monitorización de los arribazones varados en las playas andaluzas y de los arribazones flotando en el litoral andaluz.
OE2. Analizar la dinámica espacio-temporal de los arribazones.
OE3. Cuantificar las emisiones de gases de efecto invernadero (GEI) generadas por los arribazones algales varados y proponer estrategias de gestión y limpieza que contribuyan a la reducción de dichas emisiones, mitigando el calentamiento global.
OE4. Fomentar la participación y capacitación de las partes interesadas en el uso de las herramientas desarrolladas, promoviendo la colaboración, la divulgación científica y la concienciación social para mejorar la gestión y mitigación del impacto de los arribazones del alga invasora Rugulopteryx okamurae."
AEI:PCI2025-163132;AEI;Proyectos Programación Conjunta Internacional;2025;PCI2025-163132;GREENING CITIES AS NATURE-BASED SOLUTION AND THEIR IMPACT ON VECTORS AND VECTOR-BORNE DISEASE RISKS;Biociencias y biotecnología · Biología integrativa y fisiología;UNIVERSIDAD DE BARCELONA;Q0818001J;Cataluña;fuente;BARCELONA;;;;195000,00;0,00;;resumen;https://www.aei.gob.es/ayudas-concedidas/buscador-ayudas-concedidas?code=PCI2025-163132;"LA URBANIZACION ESTA AUMENTANDO A NIVEL GLOBAL Y CON FRECUENCIA SE ASOCIA CON ALTERACIONES AMBIENTALES QUE GENERAN CONTAMINACION, INUNDACIONES, CALOR EXTREMO Y PERDIDA DE BIODIVERSIDAD. EL REVERDECIMIENTO DE LAS CIUDADES REPRESENTA UNA SOLUCION BASADA EN LA NATURALEZA (NBS, POR SUS SIGLAS EN INGLES) QUE CONTRIBUYE A PROMOVER CIUDADES SOSTENIBLES. EXISTE ABUNDANTE EVIDENCIA SOBRE EL IMPACTO POSITIVO DE LAS CIUDADES VERDES EN LA SALUD Y EL BIENESTAR DE LAS PERSONAS. ADEMAS, ESTAS CIUDADES AYUDAN A MITIGAR EL CAMBIO CLIMATICO (POR EJEMPLO, REDUCIENDO EL EFECTO ISLA DE CALOR) Y A RESTAURAR LA BIODIVERSIDAD.
SIN EMBARGO, EL REVERDECIMIENTO URBANO TAMBIEN PUEDE AFECTAR LA ECOLOGIA DE LOS ARTROPODOS HEMATOFAGOS (COMO MOSQUITOS Y FLEBOTOMOS) Y, EN CONSECUENCIA, INFLUIR EN LAS ENFERMEDADES TRANSMITIDAS POR VECTORES (COMO LA FIEBRE DEL NILO OCCIDENTAL, EL DENGUE Y LA LEISHMANIASIS). DE HECHO, LA CREACION DE NUEVAS ZONAS VERDES URBANAS PUEDE PROPORCIONAR UN HABITAT ADECUADO PARA ESPECIES AUTOCTONAS DE VECTORES, PERO TAMBIEN PUEDE FAVORECER LA INTRODUCCION Y ESTABLECIMIENTO DE ESPECIES INVASORAS (COMO EL MOSQUITO TIGRE AEDES ALBOPICTUS). ADEMAS, ESTAS AREAS PUEDEN INFLUIR EN EL ACCESO A HUESPEDES POTENCIALES O PROPORCIONAR REFUGIOS CERCANOS A FUENTES DE ALIMENTACION SANGUINEA.

POR EL CONTRARIO, SI SE DISEÑAN ADECUADAMENTE, ESTAS ZONAS PODRIAN CONTRIBUIR A REDUCIR DE MANERA SOSTENIBLE EL RIESGO DE ENFERMEDADES TRANSMITIDAS POR VECTORES EN LAS CIUDADES, PROMOVIENDO EFECTOS DE DILUCION DEL RIESGO. NO OBSTANTE, MUCHOS DE ESTOS EFECTOS AUN NO HAN SIDO BIEN ESTUDIADOS. ADEMAS DE FOMENTAR EL REVERDECIMIENTO URBANO EN ESPACIOS PUBLICOS, TAMBIEN SE PROPONE LA CREACION DE MAS ESPACIOS VERDES EN EL AMBITO PRIVADO (POR EJEMPLO, EN JARDINES) PARA PROPORCIONAR UN ENTORNO MAS BIODIVERSO. LA CONTRIBUCION RELATIVA DE LA PROLIFERACION DE VECTORES EN ESPACIOS VERDES PUBLICOS Y PRIVADOS TENDRA IMPORTANTES IMPLICACIONES PARA LA VIGILANCIA Y EL CONTROL DE VECTORES. POR LO TANTO, ES NECESARIO COMPRENDER MEJOR EL PAPEL DE ESTOS ESPACIOS EN LA PROLIFERACION DE PLAGAS QUE PUEDEN SER PERJUDICIALES PARA EL BIENESTAR HUMANO Y ANIMAL.

EL PROYECTO BIODIVECITY EXPLORARA LAS RELACIONES ENTRE LOS ESPACIOS VERDES URBANOS (UGS, POR SUS SIGLAS EN INGLES) Y LA BIODIVERSIDAD DE ARTROPODOS HEMATOFAGOS, ASI COMO SUS IMPLICACIONES EN LA TRANSMISION DE ENFERMEDADES VECTORIALES. HEMOS CONFORMADO UN CONSORCIO MULTIDISCIPLINARIO UNICO, CON SOCIOS DE LOS PAISES BAJOS, FRANCIA, ESPAÑA Y MARRUECOS, QUE NOS PERMITIRA REALIZAR COMPARACIONES ENTRE GRANDES CENTROS URBANOS EN EUROPA. EL CONSORCIO DESARROLLARA UN PROTOCOLO ARMONIZADO PARA ENCUESTAS ECOLOGICAS ESTANDARIZADAS, ORGANIZARA TALLERES PARTICIPATIVOS Y ACTIVIDADES DE CIENCIA CIUDADANA PARA RECOPILAR EVIDENCIA SOBRE LOS IMPACTOS DEL REVERDECIMIENTO URBANO EN LOS RIESGOS DE ENFERMEDADES TRANSMITIDAS POR VECTORES, Y COLABORARA EN LA ELABORACION DE DIRECTRICES Y RECOMENDACIONES POLITICAS PARA MITIGAR POSIBLES RIESGOS SANITARIOS.

PARA ABORDAR LAS MULTIPLES DIMENSIONES DEL REVERDECIMIENTO URBANO, EL PROYECTO CONTARA CON LA PARTICIPACION DE URBANISTAS, RESPONSABLES POLITICOS, REPRESENTANTES DEL SECTOR SANITARIO Y MIEMBROS DE LA SOCIEDAD CIVIL. ESTO PERMITIRA UN INTERCAMBIO DE CONOCIMIENTOS Y UN APRENDIZAJE MUTUO, ASEGURANDO LA CAPACIDAD UNICA DE OBTENER CONCLUSIONES Y RECOMENDACIONES POLITICAS A NIVEL TRANSNACIONAL."
AEI:PCI2025-163151;AEI;Proyectos Programación Conjunta Internacional;2025;PCI2025-163151;RIVER CONVIVIALITY: ADVANCING SOCIO-ENVIRONMENTALLY JUST RIVER RESTORATION THROUGH NATURE BASED SOLUTIONS;Ciencias sociales · Geografía;UNIVERSITAT DE GIRONA;Q6750002E;Cataluña;fuente;GERONA;;;;106250,00;0,00;;resumen;https://www.aei.gob.es/ayudas-concedidas/buscador-ayudas-concedidas?code=PCI2025-163151;"LA RESTAURACION DE LOS RIOS HA RECIBIDO CADA VEZ MAS ATENCION EN LAS POLITICAS Y PRACTICAS DE TODO EL MUNDO. SIN EMBARGO, SU APLICACION SE VE A MENUDO CUESTIONADA POR LAS CONTESTACIONES SOCIALES, QUE SUELEN ESTAR RELACIONADAS CON VISIONES DE ARRIBA ABAJO QUE NO RECONOCEN LOS RIOS COMO COMPLEJOS SISTEMAS SOCIOECOLOGICOS MULTIDIMENSIONALES. ESTE PROYECTO PROPONE UN ENFOQUE DE INTERVENCION DIFERENTE E INTEGRADOR PARA LA RESTAURACION FLUVIAL, PARTIENDO DEL RECONOCIMIENTO E INTEGRACION DE LOS MULTIPLES VALORES, CONOCIMIENTOS Y USOS SOCIALES Y ECOLOGICOS DE LOS RIOS.
ESTE PROYECTO PRETENDE: I) ELABORAR UN MARCO INNOVADOR DE INVESTIGACION Y ACCION COMO BASE PARA UNA RESTAURACION FLUVIAL MAS INCLUSIVA Y JUSTA DESDE EL PUNTO DE VISTA SOCIOAMBIENTAL; II) DESARROLLAR, PROBAR Y VALIDAR ESTE MARCO MEDIANTE LA INTEGRACION DE METODOLOGIAS PARA LA PARTICIPACION DE LAS PARTES INTERESADAS, EVALUACIONES DE MULTIFUNCIONALIDAD, CIENCIA CIUDADANA, RESOLUCION DE CONFLICTOS Y EL CODISEÑO DE FUTUROS FLUVIALES SOCIOAMBIENTALMENTE JUSTOS Y ROBUSTOS; III) GENERAR EXPERIENCIAS Y HERRAMIENTAS QUE INSPIREN Y APOYEN A ACADEMICOS, INICIATIVAS DE BASE, RESPONSABLES POLITICOS Y PROFESIONALES COMPROMETIDOS CON LA RESTAURACION FLUVIAL EN EUROPA Y FUERA DE ELLA.
PARA ELLO, REUNIRA A UN CONSORCIO DE 7 GRUPOS DE INVESTIGACION QUE HAN ESTADO TRABAJANDO EN LOS RIOS DESDE DIFERENTES PERSPECTIVAS, CON EL FIN DE INTEGRAR ENFOQUES INTERDISCIPLINARIOS. EL PROYECTO ES INNOVADOR EN CUANTO AL RECONOCIMIENTO DE LA NATURALEZA CONTROVERTIDA DE LA RESTAURACION DE LOS RIOS Y EL DESARROLLO DE UNA INVESTIGACION DE ACCION COMPROMETIDA SOBRE EL TERRENO, BASADA EN LA NOCION DE CONVIVIALIDAD DE LOS PAISAJES FLUVIALES. ESTA NOCION RECONOCE QUE LOS RIOS FORMAN PARTE DE PAISAJES SOCIO-NATURALES DINAMICOS (RIVERSCAPES); SE FORMULA COMO MARCO PARA COMPRENDER LA RIQUEZA DE LA INTERACCION DE TODOS LOS ACTORES HUMANOS Y MAS-QUE-HUMANOS (CONVIVIALITY); Y DESARROLLA EL CONCEPTO DE JUSTICIA MULTIESPECIE.
EL PROYECTO UTILIZARA METODOS INTERDISCIPLINARES Y TRANSDISCIPLINARES (CON LA PARTICIPACION DE ACADEMICOS Y PARTES INTERESADAS) PARA COMPRENDER LAS COMPLEJIDADES DE LA RESTAURACION FLUVIAL. ESTOS METODOS SE APLICARAN TRANSVERSALMENTE A 6 PAISAJES FLUVIALES CON DIFERENTES CONFIGURACIONES Y CONTEXTOS SOCIOCULTURALES: AURINO (ITALIA); AUZON Y RIZE (FRANCIA); SERPIS Y TER (ESPAÑA); Y REGGE (PAISES BAJOS).
EL PROYECTO IMPLICARA A LAS PARTES INTERESADAS RIBEREÑAS EN LA CREACION DE ASAMBLEAS RIBEREÑAS, COMUNIDADES DE PRACTICA CUYO OBJETIVO FINAL SERA EL DISEÑO CONJUNTO DE ESTRATEGIAS Y DIRECTRICES DE RESTAURACION. SE MOVILIZARAN HERRAMIENTAS DE CIENCIA CIUDADANA E INVESTIGACION ACADEMICA, Y SE CARTOGRAFIARA LA NATURALEZA MULTIFUNCIONAL DE CADA CASO DE ESTUDIO, ANALIZANDO COMO LOS DISTINTOS SERES HUMANOS Y NO HUMANOS SE RELACIONAN CON EL PAISAJE FLUVIAL, LO UTILIZAN Y LO ENTIENDEN. ESTAS TAREAS SERVIRAN DE BASE PARA DESARROLLAR ESTRATEGIAS DE GESTION DE CONFLICTOS Y CREACION DE CONSENSO. LAS ASAMBLEAS RIBEREÑAS COMPARTIRAN LOS RESULTADOS Y LA METODOLOGIA DEL PROYECTO PARA REPRODUCIRLOS EN OTRAS ZONAS. SU OBJETIVO FINAL ES GARANTIZAR LA ASIMILACION DE LA CONVIVENCIA EN EL PAISAJE FLUVIAL COMO ELEMENTO ESENCIAL PARA LAS ACCIONES DE RESTAURACION, LA CONSERVACION DE LA BIODIVERSIDAD Y EL CAMBIO TRANSFORMADOR JUSTO."
AEI:PCI2025-163161;AEI;Proyectos Programación Conjunta Internacional;2025;PCI2025-163161;NBS SERVICES PROMOTING LOCAL BIODIVERSITY, WELL-BEING AND SCALABLE SOLUTIONS;Ciencias y tecnologías medioambientales · Biodiversidad;UNIVERSITAT POLITÈCNICA DE VALÈNCIA;Q4618002B;Comunidad Valenciana;fuente;VALENCIA;;;;170000,00;0,00;;resumen;https://www.aei.gob.es/ayudas-concedidas/buscador-ayudas-concedidas?code=PCI2025-163161;LOS IMPACTOS CLIMATICOS INDUCIDOS POR EL HOMBRE, LOS PELIGROS NATURALES Y LA PERDIDA DE BIODIVERSIDAD ESTAN AFECTANDO GRAVEMENTE A LOS ECOSISTEMAS Y PONIENDO EN PELIGRO INFRAESTRUCTURAS CRITICAS A NIVEL MUNDIAL. LOS DESASTRES CLIMATICOS SEVEROS SON CADA VEZ MAS COMUNES A MEDIDA QUE EL AUMENTO DE LAS TEMPERATURAS CONTRIBUYE A INTENSAS OLAS DE CALOR Y PROVOCA PRECIPITACIONES EXTREMAS QUE PROVOCAN INUNDACIONES. LAS SOLUCIONES BASADAS EN LA NATURALEZA (SBN), CUANDO SE DISEÑAN HOLISTICAMENTE, SON SOLUCIONES RENTABLES Y MULTIFUNCIONALES QUE APOYAN LA CONSERVACION DE LA BIODIVERSIDAD Y LA REGENERACION DE LOS ECOSISTEMAS, A LA VEZ QUE CONTRIBUYEN A LA SOSTENIBILIDAD DEL CICLO HIDROLOGICO Y AL BIENESTAR HUMANO. SIN EMBARGO, AUN SE CONOCE POCO SOBRE LOS FACTORES QUE AFECTAN A LA MULTIFUNCIONALIDAD DE LAS SBN. ESTO SE DEBE, EN PARTE, A UN ENFOQUE MAYORITARIAMENTE AISLADO EN LA GESTION DEL MEDIO AMBIENTE, QUE SE HA EXTENDIDO A LAS SBN, IMPIDIENDO LA COLABORACION INTERDISCIPLINAR, ASI COMO A LA FALTA DE UNA EVALUACION Y ESTANDARIZACION INTEGRADAS, QUE INCLUYAN LINEAS DE BASE PARA LOS BENEFICIOS DE LAS SBN. EL PROYECTO NBSPLUS ABORDA LAS DEFICIENCIAS Y BARRERAS IDENTIFICADAS MEDIANTE EL DESARROLLO Y LA IMPLEMENTACION DEL CONCEPTO DE SERVICIOS DE LAS SBN, ES DECIR, LA GENERACION DE CONOCIMIENTO, METODOS Y HERRAMIENTAS DE TOMA DE DECISIONES QUE PERMITAN A LA SOCIEDAD PLANIFICAR MEJOR LOS RIESGOS Y LAS POSIBLES COMPENSACIONES DE LAS SBN ACTUALES Y FUTURAS EN RELACION CON SUS FUNCIONES PREVISTAS. AL ABORDAR LA CONTRIBUCION DE LAS SBN A UN CAMBIO TRANSFORMADOR JUSTO, NBSPLUS INVESTIGA COMO LA COMBINACION DEL CONTEXTO SOCIOECONOMICO, ECOLOGICO Y DE GOBERNANZA INFLUYE EN LAS DECISIONES DE DISEÑO Y EL RENDIMIENTO DE LAS SBN EN TRES CASOS DE ESTUDIO EN SUECIA, ESPAÑA Y CANADA. UNA SINTESIS DE LOS HALLAZGOS DEL PROYECTO RESPALDARA EL DISEÑO, LA GESTION Y LA EVALUACION INTEGRALES DE LAS SBN CON BASE CIENTIFICA. NBSPLUS APLICA PRINCIPIOS DE CO-CREACION BASADOS EN SU TRABAJO CON ACTORES LOCALES, INCLUYENDO LA CIUDADANIA, PARA DESARROLLAR E IMPLEMENTAR EL CONCEPTO DE SERVICIOS DE LAS SBN. EL PROYECTO EXPLORA EL VALOR DE NUEVOS BIOINDICADORES Y SU POTENCIAL DE RECOPILACION MEDIANTE ENFOQUES DE CIENCIA CIUDADANA PARA DESARROLLAR UN MARCO DE MONITORIZACION DE LA BIODIVERSIDAD QUE ABARQUE TODO EL HABITAT Y EVALUE LAS CONSECUENCIAS ECOLOGICAS DE LAS SBN. NBSPLUS DESARROLLA UN MARCO DE GOBERNANZA MULTINIVEL PARA EVALUAR LOS OBJETIVOS, LA EFICACIA Y LOS IMPACTOS SOCIO-ECOLOGICOS, CONSIDERANDO TAMBIEN LA EQUIDAD Y LA JUSTICIA SOCIAL, Y OFRECE UN ENFOQUE GENERICO NOVEDOSO PARA GENERAR DATOS SOBRE FORZAMIENTO CLIMATICO, ASI COMO METODOS Y HERRAMIENTAS DE MODELIZACION INTERPRETABLES NECESARIOS PARA UNA MAYOR TRANSPARENCIA Y LA PARTICIPACION DE LAS PARTES INTERESADAS EN LAS EVALUACIONES DE LAS SBN A ESCALAS DE CIUDAD Y CUENCA. LOS SERVICIOS DE LAS SBN CUBREN UNA NECESIDAD ESENCIAL, GARANTIZANDO QUE LA ADAPTACION A LA VARIABILIDAD CLIMATICA SE LLEVE A CABO DE FORMA HOLISTICA Y JUSTA, Y PROMOVIENDO LA BIODIVERSIDAD Y EL BIENESTAR COMO COMPONENTES FUNDAMENTALES DE LAS SBN. BASADOS EN UNA INTERACCION ITERATIVA Y ADAPTATIVA CON LA SOCIEDAD, LOS SERVICIOS DE LAS SBN AYUDARAN A OPTIMIZAR LAS INVESTIGACIONES GLOBALES SOBRE LAS SBN Y SU INFLUENCIA EN LA BIODIVERSIDAD PARA COMPRENDER MEJOR LOS CICLOS DE RETROALIMENTACION INHERENTES A LOS PROCESOS NATURALES Y SOCIALES, Y PARA DILUCIDAR LOS MECANISMOS QUE IMPULSAN LA MEJORA DE LA BIODIVERSIDAD Y EL BIENESTAR HUMANO A TRAVES DE LAS SBN.
AEI:PCI2025-163187;AEI;Proyectos Programación Conjunta Internacional;2025;PCI2025-163187;RIVER CONVIVIALITY: ADVANCING SOCIO-ENVIRONMENTALLY JUST RIVER RESTORATION THROUGH NATURE BASED SOLUTIONS;Ciencias sociales · Geografía;UNIVERSITAT POLITÈCNICA DE VALÈNCIA;Q4618002B;Comunidad Valenciana;fuente;VALENCIA;;;;150000,00;0,00;;resumen;https://www.aei.gob.es/ayudas-concedidas/buscador-ayudas-concedidas?code=PCI2025-163187;"LA RESTAURACION DE RIOS ESTA RECIBIENDO UNA ATENCION CRECIENTE EN LAS POLITICAS Y PRACTICAS DE TODO EL MUNDO. SIN EMBARGO, SU APLICACION SE VE A MENUDO CUESTIONADA POR OPOSICIONES SOCIALES, QUE SUELEN ESTAR RELACIONADAS CON VISIONES ""TOP-DOWN"", QUE NO RECONOCEN LOS RIOS COMO SISTEMAS SOCIO ECOLOGICOS COMPLEJOS Y MULTIDIMENSIONALES. ESTE PROYECTO PROPONE UN ENFOQUE DE INTERVENCION DIFERENTE E INTEGRADOR PARA LA RESTAURACION FLUVIAL, PARTIENDO DEL RECONOCIMIENTO E INTEGRACION DE LOS MULTIPLES VALORES, CONOCIMIENTOS Y USOS SOCIALES Y ECOLOGICOS DE LOS RIOS.

ESTE PROYECTO PRETENDE: I) ELABORAR UN MARCO INNOVADOR DE INVESTIGACION Y ACCION COMO BASE PARA UNA RESTAURACION FLUVIAL MAS INCLUSIVA Y JUSTA DESDE EL PUNTO DE VISTA SOCIOAMBIENTAL; II) DESARROLLAR, PROBAR Y VALIDAR ESTE MARCO MEDIANTE LA INTEGRACION DE METODOLOGIAS PARA LA PARTICIPACION DE LAS PARTES INTERESADAS, EVALUACIONES DE MULTIFUNCIONALIDAD, CIENCIA CIUDADANA, RESOLUCION DE CONFLICTOS Y EL CODISEÑO DE FUTUROS FLUVIALES SOCIOAMBIENTALMENTE JUSTOS Y SOLIDOS; III) GENERAR EXPERIENCIAS Y HERRAMIENTAS QUE INSPIREN Y APOYEN A ACADEMICOS, INICIATIVAS SOCIALES DE BASE, RESPONSABLES POLITICOS Y PROFESIONALES COMPROMETIDOS CON LA RESTAURACION FLUVIAL EN EUROPA Y FUERA DE ELLA.

PARA ELLO, REUNIRA A UN CONSORCIO DE 7 GRUPOS DE INVESTIGACION QUE HAN ESTADO TRABAJANDO EN LOS RIOS DESDE DIFERENTES PERSPECTIVAS, CON EL FIN DE INTEGRAR ENFOQUES INTERDISCIPLINARIOS. EL PROYECTO ES INNOVADOR EN CUANTO AL RECONOCIMIENTO DE LA NATURALEZA CONTROVERTIDA DE LA RESTAURACION FLUVIAL Y EL DESARROLLO DE UNA INVESTIGACION DE ACCION COMPROMETIDA SOBRE EL TERRENO, BASADA EN LA NOCION DE CONVIVIALIDAD DEL PAISAJE FLUVIAL. ESTA NOCION RECONOCE QUE LOS RIOS FORMAN PARTE DE PAISAJES SOCIO-NATURALES DINAMICOS (PAISAJES FLUVIALES); SE FORMULA COMO UN MARCO PARA COMPRENDER LA RIQUEZA DE LA INTERACCION DE TODOS LOS ACTORES HUMANOS Y MAS-QUE-HUMANOS (CONVIVIALIDAD); Y DESARROLLA EL CONCEPTO DE JUSTICIA MULTIESPECIE.

EL PROYECTO UTILIZARA METODOS INTERDISCIPLINARIOS Y TRANSDISCIPLINARIOS (CON LA PARTICIPACION DE ACADEMICOS Y PARTES INTERESADAS) PARA COMPRENDER LAS COMPLEJIDADES DE LA RESTAURACION FLUVIAL. ESTOS METODOS SE APLICARAN TRANSVERSALMENTE A 6 PAISAJES FLUVIALES CON DIFERENTES CONFIGURACIONES Y CONTEXTOS SOCIOCULTURALES: AURINO (ITALIA); AUZON Y RIZE (FRANCIA); SERPIS Y TER (ESPAÑA); Y REGGE (PAISES BAJOS).

EL PROYECTO IMPLICARA A LAS PARTES INTERESADAS EN LAS ASAMBLEAS RIBEREÑAS, COMUNIDADES CUYO OBJETIVO FINAL SERA EL CODISEÑO DE ESTRATEGIAS Y DIRECTRICES DE RESTAURACION. LAS ASAMBLEAS MOVILIZARAN HERRAMIENTAS DE CIENCIA CIUDADANA E INVESTIGACION ACADEMICA Y CARTOGRAFIARAN LA NATURALEZA MULTIFUNCIONAL DE CADA CASO DE ESTUDIO, ANALIZANDO COMO LOS DISTINTOS SERES HUMANOS Y NO HUMANOS SE RELACIONAN CON EL PAISAJE FLUVIAL, LO UTILIZAN Y LO ENTIENDEN. ESTAS TAREAS SERVIRAN DE BASE PARA DESARROLLAR ESTRATEGIAS DE GESTION DE CONFLICTOS Y CREACION DE CONSENSO. LAS ASAMBLEAS RIBEREÑAS COMPARTIRAN LOS RESULTADOS Y LA METODOLOGIA DEL PROYECTO PARA REPRODUCIRLOS EN OTRAS ZONAS. SU OBJETIVO FINAL ES GARANTIZAR LA ASIMILACION DE LA CONVIVENCIA EN EL PAISAJE FLUVIAL COMO ELEMENTO ESENCIAL PARA LAS ACCIONES DE RESTAURACION, LA CONSERVACION DE LA BIODIVERSIDAD Y EL CAMBIO TRANSFORMADOR JUSTO.

LA UNIVERSITAT POLITECNICA DE VALENCIA ES EL ORGANISMO COORDINADOR DE LA PROPUESTA INTERNACIONAL."
AEI:PCI2025-163239;AEI;Proyectos Programación Conjunta Internacional;2025;PCI2025-163239;MICROBIAL BIODIVERSITY AND CARBON USE EFFICIENCY AS NATURE BASED SOLUTION FOR SOIL C STABILIZATION;Ciencias y tecnologías medioambientales · Biodiversidad;UNIVERSITAT DE GIRONA;Q6750002E;Cataluña;fuente;GERONA;;;;201250,00;0,00;;resumen;https://www.aei.gob.es/ayudas-concedidas/buscador-ayudas-concedidas?code=PCI2025-163239;"LOS MECANISMOS RESPONSABLES DE LA ESTABILIZACION DEL CARBONO (C) EN EL SUELO POR PARTE DE LOS MICROORGANISMOS AUN SE COMPRENDEN POCO, A PESAR DE SU IMPORTANCIA CRITICA PARA EL CICLO GLOBAL DEL CARBONO. BIOCUE EVALUARA COMO LAS NBS (SOLUCIONES BASADAS EN LA NATURALEZA) BIEN ESTABLECIDAS E INNOVADORAS IMPACTAN EL BALANCE NETO DE GANANCIA (O PERDIDA) DE CARBONO EN EL SUELO, ABORDANDO LOS EFECTOS SOBRE LA DIVERSIDAD MICROBIANA Y LA FUNCION DE LOS SUELOS/SEDIMENTOS EN LA EFICIENCIA EN EL USO DEL CARBONO MICROBIANO (CUE, POR SUS SIGLAS EN INGLES). BIOCUE TIENE COMO OBJETIVO: I) VINCULAR LA DIVERSIDAD FILOGENETICA Y FUNCIONAL MICROBIANA CON LA CUE EN ECOSISTEMAS DE SUELO GESTIONADOS POR NBS, II) IDENTIFICAR Y AISLAR LOS PRINCIPALES TAXONES MICROBIANOS QUE CONTRIBUYEN A LA ESTABILIZACION DEL CARBONO EN EL SUELO, Y III) PROPORCIONAR DATOS SOBRE LA CUE MICROBIANA Y LA BIODIVERSIDAD A DIFERENTES ESCALAS PARA MODELAR LA ESTABILIZACION DEL CARBONO EN EL SUELO BAJO DIFERENTES NBS. BIOCUE CONTRIBUIRA PRINCIPALMENTE A LOS TEMAS A Y B DE LA CONVOCATORIA BIODIVERSA 2023-2024. EL VINCULO ENTRE LA DIVERSIDAD MICROBIANA DEL SUELO Y LA CUE SERA ABORDADO DE MANERA TRANSNACIONAL EN DIFERENTES ESCALAS, DESDE LA ESCALA DEL PAISAJE (ECOSISTEMA) HASTA LAS ESCALAS DE LOS MESOCOSMOS (COMUNIDADES) Y DE CELULAS INDIVIDUALES/CONSORCIOS MICROBIANOS. A NIVEL DEL PAISAJE, SE UTILIZARAN UNA SERIE DE NBS EN ECOSISTEMAS TERRESTRES, COMO LA RENATURALIZACION, LA GESTION DE LA AGRICULTURA ORGANICA, LA REDUCCION DE BIOMASA Y LA GESTION DEL AGUA, PARA ANALIZAR LA RELACION ENTRE LA BIODIVERSIDAD DEL SUELO Y LA CUE, Y PARA DESCIFRAR LAS MEJORES NBS EN TERMINOS DE MEJORAR LA CUE Y LA ESTABILIZACION DEL CARBONO EN EL SUELO, LA BIODIVERSIDAD Y LAS FUNCIONES MICROBIANAS QUE PROPORCIONAN SERVICIOS ECOSISTEMICOS.
LAS ENTIDADES INTERESADAS Y VINCULADAS AL PROYECTO (STAKEHOLDERS) Y A LOS ESTUDIOS DE CASO DE NBS ESTARAN INVOLUCRADOS DESDE EL INICIO DEL PROYECTO. SE RECOGERAN MUESTRAS DE SUELO Y SE EVALUARAN LA CUE, LA DIVERSIDAD MICROBIANA (BACTERIAS Y HONGOS), LA BIOMASA MICROBIANA ACTIVA E INACTIVA, LA NECROMASA, LA CANTIDAD Y CALIDAD DE LA MATERIA ORGANICA, Y LAS FUNCIONES DEL SUELO VINCULADAS A LA DESCOMPOSICION DE LA MATERIA ORGANICA Y EL CICLO DE C, N Y P. A ESCALA DE COMUNIDAD, SE PROBARA EL VINCULO CAUSAL ENTRE EL NIVEL DE DIVERSIDAD MICROBIANA Y LA CUE EN EXPERIMENTOS CONTROLADOS EN MESOCOSMOS, DONDE LA DIVERSIDAD MICROBIANA DEL SUELO SE DILUIRA EN DIFERENTES NIVELES. A NIVEL DE PAISAJE Y DE MESOCOSMOS, SE IDENTIFICARAN LOS PRINCIPALES TAXONES MICROBIANOS CON ALTA CUE Y SU INFORMACION GENOMICA SE UTILIZARA A ESCALA DE CELULAS MICROBIANAS PARA CULTIVAR LOS ORGANISMOS Y GENERAR UN CONSORCIO MICROBIANO SINTETICO CAPAZ DE MEJORAR LA CUE DEL SUELO. EXISTE UN CONSIDERABLE INTERES SOCIOECONOMICO EN COMPRENDER Y PREDECIR COMO EL BALANCE DE CARBONO DE LOS ECOSISTEMAS RESPONDERA A LOS CAMBIOS GLOBALES Y DE USO DEL SUELO. EL ENFOQUE MULTI-ESCALA DE BIOCUE ABORDARA ESTE DESAFIO DE MANERA INTEGRAL. AL INTEGRAR LA DIVERSIDAD MICROBIANA DEL SUELO, LA CUE Y LOS PARAMETROS ABIOTICOS DEL SUELO A TRAVES DE DIFERENTES ESCALAS ESPACIALES Y LATITUDES, LAS ESTRATEGIAS DE GESTION DE NBS Y LA CIENCIA CIUDADANA, BIOCUE PUEDE CONDUCIR POTENCIALMENTE A UNA NUEVA COMPRENSION CONCEPTUAL DE LA CUE Y LA ESTABILIZACION DEL CARBONO EN EL SUELO, CON IMPLICACIONES PROFUNDAS PARA LAS ACCIONES DE NBS Y LA GESTION DEL USO DEL SUELO."
AEI:PCI2025-163268;AEI;Proyectos Programación Conjunta Internacional;2025;PCI2025-163268;SOLAR FARMS: AN OPPORTUNITY TO RECOVER BIODIVERSITY IN FARMLANDS;Ciencias y tecnologías medioambientales · Biodiversidad;UNIVERSIDAD DE CORDOBA;Q1418001B;Andalucía;fuente;CORDOBA;;;;250000,00;0,00;;resumen;https://www.aei.gob.es/ayudas-concedidas/buscador-ayudas-concedidas?code=PCI2025-163268;"EL PROYECTO BIO_SOLAR PROPONE UNA SOLUCION INNOVADORA BASADA EN LA NATURALEZA (NBS) QUE BUSCA RECONCILIAR LA PRODUCCION DE ENERGIA SOLAR CON LA CONSERVACION DE LA BIODIVERSIDAD EN TIERRAS AGRICOLAS DE EUROPA. APROVECHANDO LA EXPANSION DE LAS PLANTAS FOTOVOLTAICAS (PV), EL PROYECTO TIENE COMO OBJETIVO TRANSFORMAR ESTOS ESPACIOS EN HABITATS FAVORABLES PARA LA FAUNA Y FLORA, CONVIRTIENDO LOS PARQUES SOLARES EN ECOSISTEMAS FUNCIONALES, CON BENEFICIOS AMBIENTALES, SOCIALES Y ECONOMICOS.
 OBJETIVOS GENERALES
1. CONSERVAR Y AUMENTAR LA BIODIVERSIDAD EN GRANJAS SOLARES MEDIANTE EL ESTABLECIMIENTO DE PASTIZALES Y LA ELIMINACION DEL USO DE PESTICIDAS.
2. EVALUAR EL IMPACTO ECOLOGICO, SOCIAL Y ECONOMICO DE ESTAS INTERVENCIONES A TRAVES DE UN ENFOQUE MULTIDISCIPLINARIO.
3. DESARROLLAR UN MARCO DE FINANCIAMIENTO PARA LA BIODIVERSIDAD, INTEGRANDO INDICADORES AMBIENTALES EN LAS DECISIONES ECONOMICAS.
4. PROPORCIONAR RECOMENDACIONES PARA POLITICAS PUBLICAS A NIVEL NACIONAL E INTERNACIONAL.
ENFOQUE CIENTIFICO Y METODOLOGICO
EL PROYECTO SE ESTRUCTURA EN 10 PAQUETES DE TRABAJO (WP) AGRUPADOS EN 5 AREAS TEMATICAS:
- DIAGNOSTICO ECOLOGICO Y SELECCION DE SITIOS.
- ANALISIS DE SUELO, MICROBIOTA Y MONITOREO DE BIODIVERSIDAD.
- EVALUACION DEL IMPACTO SOCIAL Y PERCEPCION PUBLICA.
- PARTICIPACION CIUDADANA EN LA RECOLECCION DE DATOS.
- DISEMINACION DE RESULTADOS Y FORMULACION DE POLITICAS.
ENTRE LAS TECNICAS UTILIZADAS DESTACAN:
- MUESTREOS DE FLORA Y FAUNA (AVES, REPTILES, POLINIZADORES, MAMIFEROS).
- ANALISIS DE ADN AMBIENTAL DEL SUELO.
- ENTREVISTAS, ENCUESTAS Y GRUPOS FOCALES PARA EVALUAR LA PERCEPCION SOCIAL.
- IMPLEMENTACION DE CIENCIA CIUDADANA PARA MONITOREAR BIODIVERSIDAD.
- ESTUDIOS ECONOMICOS Y FINANCIEROS RELACIONADOS CON INVERSIONES SOSTENIBLES.
UBICACION Y ALCANCE TRANSNACIONAL
EL PROYECTO SE IMPLEMENTA EN CUATRO PAISES EUROPEOS REPRESENTANDO DIFERENTES CLIMAS: ESPAÑA, PORTUGAL, POLONIA Y SUECIA. ESTO PERMITE COMPARAR EL IMPACTO DE LAS GRANJAS SOLARES EN CONTEXTOS VARIADOS, Y ESTUDIAR SU APLICABILIDAD EN DISTINTAS REGIONES.
PARTICIPACION DE ACTORES CLAVE
INCLUYE LA COLABORACION CON:
- COMUNIDADES LOCALES Y AGRICULTORES.
- EMPRESAS DE ENERGIA SOLAR.
- ONGS AMBIENTALES.
- INVERSORES Y RESPONSABLES POLITICOS.
ESTE ENFOQUE INTEGRADOR BUSCA AUMENTAR LA ACEPTACION SOCIAL DE LOS PARQUES SOLARES COMO ESPACIOS MULTIFUNCIONALES QUE COMBINAN ENERGIA LIMPIA Y CONSERVACION ECOLOGICA.
CRONOGRAMA
EL PROYECTO TIENE UNA DURACION DE TRES AÑOS, CON ACTIVIDADES DISTRIBUIDAS POR TRIMESTRES. LOS PRIMEROS MESES ESTAN DEDICADOS AL DIAGNOSTICO Y ESTABLECIMIENTO DE SITIOS, SEGUIDOS POR RECOLECCION DE DATOS, ANALISIS Y PARTICIPACION COMUNITARIA. EL TERCER AÑO SE CENTRA EN LA INTEGRACION DE RESULTADOS, DIFUSION Y DESARROLLO DE POLITICAS.
RESULTADOS ESPERADOS
- INDICADORES CLAROS DE MEJORA EN BIODIVERSIDAD (FLORA, FAUNA, MICROBIOTA).
- GUIAS DE BIODIVERSIDAD BASADAS EN CIENCIA (SBBG).
- MODELOS DE FINANCIAMIENTO VERDE Y MECANISMOS COMO BONOS VINCULADOS A SOSTENIBILIDAD.
- RECOMENDACIONES PARA REGULACIONES Y DIRECTRICES AMBIENTALES EN EL DESARROLLO DE ENERGIA SOLAR.
IMPACTO SOCIAL Y AMBIENTAL
BIO_SOLAR CONTRIBUYE A LOS OBJETIVOS DEL PACTO VERDE EUROPEO, LA ESTRATEGIA DE BIODIVERSIDAD 2030 Y LA TRANSICION ENERGETICA JUSTA. OFRECE UN MODELO REPLICABLE DE INFRAESTRUCTURA VERDE QUE GENERA ENERGIA RENOVABLE SIN SACRIFICAR LA SALUD DE LOS ECOSISTEMAS NI EL BIENESTAR SOCIAL."
AEI:PCI2025-167081-2;AEI;Proyectos de Colaboración Internacional;2025;PCI2025-167081-2;TRANSFORM URBAN FLOWERBEDS FOR FUTURE: SUSTAINABLE USE AND POLLINATOR CONSERVATION;Ciencias y tecnologías medioambientales · Biodiversidad;ASOC BC3 BASQUE CENTRE FOR CLIMATE CHANGE-KLIMA ALDAKETA IKERGAI;G95532826;País Vasco;fuente;VIZCAYA;;;;140000,00;0,00;;resumen;https://www.aei.gob.es/ayudas-concedidas/buscador-ayudas-concedidas?code=PCI2025-167081-2;"EL PROYECTO URBLOOM PROPONE UNA TRANSFORMACION INNOVADORA EN LA MANERA DE CONCEBIR Y GESTIONAR LOS PARTERRES ORNAMENTALES EN LAS CIUDADES, CON EL FIN DE CONVERTIRLOS EN HERRAMIENTAS FUNCIONALES PARA LA CONSERVACION DE LA BIODIVERSIDAD Y LA ADAPTACION AL CAMBIO CLIMATICO. ACTUALMENTE, LA MAYORIA DE PARTERRES URBANOS SE DISEÑAN UNICAMENTE CON CRITERIOS ESTETICOS, PRIORIZANDO ESPECIES ANUALES ORNAMENTALES QUE REQUIEREN UN ALTO CONSUMO DE AGUA, PRESENTAN BAJA RESISTENCIA A LA SEQUIA Y APORTAN ESCASOS BENEFICIOS A LOS POLINIZADORES Y OTROS ORGANISMOS QUE DEPENDEN DE LOS RECURSOS FLORALES. ESTE MODELO DE GESTION RESULTA INSOSTENIBLE EN UN CONTEXTO MARCADO POR EL AUMENTO DE TEMPERATURAS, LA INTENSIFICACION DE LAS SEQUIAS Y LA NECESIDAD URGENTE DE REDUCIR LA HUELLA HIDRICA EN ENTORNOS URBANOS.
URBLOOM PLANTEA UN CAMBIO DE PARADIGMA MEDIANTE EL DISEÑO DE COMPOSICIONES FLORALES QUE INTEGREN TANTO ESPECIES ORNAMENTALES PERENNES COMO ESPECIES SILVESTRES LOCALES, SELECCIONADAS EN FUNCION DE SU RESISTENCIA AL ESTRES HIDRICO, SU ATRACTIVO PARA DISTINTOS GRUPOS DE POLINIZADORES (ABEJAS, ABEJORROS, SIRFIDOS, MARIPOSAS, ESCARABAJOS, ETC.) Y SU CAPACIDAD DE FLORECER EN DISTINTAS EPOCAS DEL AÑO. EL OBJETIVO ES DOBLE: REDUCIR EL CONSUMO DE AGUA EN LA GESTION DE ZONAS VERDES URBANAS Y, AL MISMO TIEMPO, AUMENTAR LA DIVERSIDAD Y ABUNDANCIA DE POLINIZADORES EN LAS CIUDADES, REFORZANDO ASI SERVICIOS ECOSISTEMICOS ESENCIALES PARA EL BIENESTAR HUMANO.
EL PROYECTO DESARROLLARA UN ENFOQUE INTERDISCIPLINAR QUE COMBINA ECOLOGIA, CIENCIAS SOCIALES Y PARTICIPACION CIUDADANA. SE EVALUARAN EXPERIMENTALMENTE LOS RASGOS FLORALES DE LAS ESPECIES SELECCIONADAS BAJO ESCENARIOS DE CONTROL Y SEQUIA, SE MEDIRAN LAS VISITAS DE POLINIZADORES A LOS DISTINTOS TIPOS DE PARTERRES MEDIANTE METODOS DE OBSERVACION NO LETALES Y SE APLICARAN ANALISIS DE REDES ECOLOGICAS PARA ENTENDER COMO VARIA LA ESTRUCTURA DE LAS INTERACCIONES PLANTA-POLINIZADOR. PARALELAMENTE, SE IMPLICARA A GESTORES DE ESPACIOS VERDES, RESPONSABLES POLITICOS, HORTICULTORES Y CIUDADANIA A TRAVES DE ENCUESTAS, TALLERES Y PROTOCOLOS DE CIENCIA CIUDADANA, DE MANERA QUE EL DISEÑO FINAL DE LOS PARTERRES RESPONDA A CRITERIOS TANTO ECOLOGICOS COMO SOCIALES Y ECONOMICOS.
EN CUANTO A SU IMPACTO CIENTIFICO Y TECNICO, URBLOOM GENERARA DATOS PIONEROS SOBRE LA RESPUESTA DE ESPECIES ORNAMENTALES Y SILVESTRES A LA SEQUIA EN ENTORNOS URBANOS, CREARA UNA BASE DE DATOS ABIERTA SOBRE RASGOS FLORALES, Y PROPORCIONARA HERRAMIENTAS PARA LA MONITORIZACION PARTICIPATIVA DE POLINIZADORES. ESTOS RESULTADOS SE UTILIZARAN EN MODELOS PREDICTIVOS SOBRE LA CAPACIDAD DE DIFERENTES DISEÑOS DE PARTERRES PARA SOSTENER COMUNIDADES DIVERSAS DE POLINIZADORES Y CONTRIBUIRAN A LA ELABORACION DE GUIAS PRACTICAS PARA GESTORES URBANOS.
DESDE EL PUNTO DE VISTA SOCIOECONOMICO, EL PROYECTO PERMITIRA A LAS CIUDADES AVANZAR HACIA UNA GESTION MAS SOSTENIBLE DE SUS ZONAS VERDES, REDUCIENDO COSTES DE RIEGO Y MANTENIMIENTO, MEJORANDO LA RESILIENCIA FRENTE AL CAMBIO CLIMATICO Y AUMENTANDO LA CALIDAD DE VIDA DE LA CIUDADANIA MEDIANTE ESPACIOS URBANOS MAS BIODIVERSOS, ESTETICAMENTE ATRACTIVOS Y SOCIALMENTE ACEPTADOS. ASIMISMO, URBLOOM SE ALINEA CON LAS POLITICAS EUROPEAS EN MATERIA DE BIODIVERSIDAD Y RESTAURACION ECOLOGICA, Y CONTRIBUIRA DE MANERA DIRECTA A LOS OBJETIVOS DE DESARROLLO SOSTENIBLE (ODS 11: CIUDADES SOSTENIBLES Y ODS 15: VIDA DE ECOSISTEMAS TERRESTRES)."
AEI:PCI2025-167178-2;AEI;Proyectos de Colaboración Internacional;2025;PCI2025-167178-2;BIOREFOREST: REFORESTATION OF FORESTS AND ORCHARDS AFTER DISTURBANCES   A TRANSFORMATIVE ACTION PLAN BALANCING SOCIOECONOMIC AND BIODIVERSITY NEEDS;Ciencias agrarias y agroalimentarias · Agricultura y forestal;UNIVERSIDAD DE MALAGA;Q2918001E;Andalucía;fuente;MALAGA;;;;172500,00;0,00;;resumen;https://www.aei.gob.es/ayudas-concedidas/buscador-ayudas-concedidas?code=PCI2025-167178-2;"BIOREFOREST BUSCA UNA TRANSFORMACION SOCIAL ORIENTADA A OPTIMIZAR LAS ESTRATEGIAS DE REFORESTACION DE BOSQUES Y HUERTOS FRUTALES, CONSIDERANDO LA BIODIVERSIDAD COMO UN FACTOR CLAVE EN EL PROCESO DE PLANIFICACION. LOS OBJETIVOS SON: I) EVALUAR LOS IMPACTOS DE LAS DIFERENTES ESTRATEGIAS DE REFORESTACION SOBRE LA BIODIVERSIDAD Y LOS RESULTADOS ECONOMICOS A ESCALAS ESPACIALES Y TEMPORALES; II) EVALUAR LA INTERACCION ENTRE LAS PERTURBACIONES Y LOS EXITOS DE LA REFORESTACION; Y III) DESARROLLAR ENFOQUES ESPECIFICOS PARA CADA SITIO QUE: A) EQUILIBREN LAS NECESIDADES ECOLOGICAS Y ECONOMICAS ESPECIFICAS DEL SITIO, Y B) REPRESENTEN UNA ESTRATEGIA DE REFORESTACION A MEDIDA PARA LAS PARTES INTERESADAS. BIOREFOREST SE CENTRARA EN LOS BOSQUES EUROPEOS AFECTADOS POR PERTURBACIONES NATURALES Y EN RODALES MONOESPECIFICOS REFORESTADOS (INCLUIDOS HUERTOS FRUTALES) O RODALES DE ESPECIES MIXTAS, EN COMPARACION CON LOS SITIOS REGENERADOS NATURALMENTE CON INTERVENCIONES MINIMAS DE GESTION. EL PROYECTO COMBINARA LA RECOPILACION DE DATOS DE VANGUARDIA, LA MODELIZACION, LA IA Y ENFOQUES PARTICIPATIVOS PARA GUIAR LAS DECISIONES DE REFORESTACION. LOS SITIOS DE REFORESTACION Y SU DESARROLLO ESPACIAL Y TEMPORAL SE IDENTIFICARAN UTILIZANDO DATOS SATELITALES DE LOS ULTIMOS 50 AÑOS. LOS RESPONSABLES POLITICOS, LOS PROPIETARIOS DE BOSQUES Y HUERTOS DE LOS SITIOS REFORESTADOS IDENTIFICADOS PARTICIPARAN EN UNA RED DE ACTIVIDADES COLABORATIVAS. LA PARTICIPACION DE LOS PROPIETARIOS PERMITIRA A BIOREFOREST RECOPILAR INFORMACION ESPECIFICA DEL SITIO MEDIANTE ESTUDIOS PERSONALIZADOS. EN LOS SITIOS, SE REALIZA UN MUESTREO SISTEMATICO DE SUELO, HOJAS Y MADERA MUERTA. SE UTILIZARAN HERRAMIENTAS DE CIENCIA CIUDADANA PARA MONITOREAR LA BIODIVERSIDAD VEGETAL, EMPODERANDO ASI A LOS PARTICIPANTES, AUMENTANDO LA AUTOEFICACIA AMBIENTAL Y PROMOVIENDO CAMBIOS DE COMPORTAMIENTO. SE ANALIZARA LA BIODIVERSIDAD MULTITROFICA MEDIANTE METAGENOMICA PARA CADA SITIO, Y LOS DATOS SE ANOTARAN FUNCIONALMENTE. LA INFORMACION DE TELEDETECCION, LOS METADATOS DE LOS BOSQUES Y HUERTOS SELECCIONADOS Y LOS DATOS DE BIODIVERSIDAD SE UTILIZARAN PARA MODELAR LOS SERVICIOS ECOSISTEMICOS Y EL SECUESTRO DE CARBONO MEDIANTE EL MODELO LPJ-GUESS EN RELACION CON EL CAMBIO CLIMATICO Y LAS POSIBLES AMENAZAS A LOS ARBOLES Y LA CALIDAD DEL SUELO. FINALMENTE, TODOS LOS DATOS SE UTILIZARAN PARA ENTRENAR, VALIDAR Y PROBAR MODELOS DE IA EXPLICABLE (XAI) PARA EVALUAR ESTRATEGIAS DE REFORESTACION ESPECIFICAS DEL SITIO QUE EQUILIBREN MEJOR LOS OBJETIVOS DE BIODIVERSIDAD Y LAS NECESIDADES ECONOMICAS. LOS MODELOS XAI ENTRENADOS CON TODAS LAS FUNCIONES EXTRAERAN MARCADORES IMPORTANTES QUE SERVIRAN COMO SISTEMAS DE APOYO A LA TOMA DE DECISIONES. ESTOS MARCADORES INCLUIRAN INDICADORES TAXONOMICOS Y FUNCIONALES PARA MONITOREAR LOS ESFUERZOS DE REFORESTACION ACTUALES Y FUTUROS SOBRE LA BIODIVERSIDAD Y PREDECIR EL IMPACTO DE LAS ESTRATEGIAS DE REFORESTACION EN ELLA. LOS RESULTADOS DEL PROYECTO PROPORCIONARAN UN SISTEMA DE APOYO A LA TOMA DE DECISIONES PARA EQUILIBRAR LA BIODIVERSIDAD Y LOS RESULTADOS ECONOMICOS DE LA REFORESTACION. ADEMAS, LOS PROPIETARIOS DE BOSQUES Y HUERTOS, LOS GESTORES DE TIERRAS Y LOS RESPONSABLES POLITICOS PARTICIPARAN EN TODO EL PROYECTO MEDIANTE TALLERES, FORMACION Y CAMPAÑAS DE AUTOMUESTREO. ESTO GARANTIZARA QUE LAS ESTRATEGIAS DE REFORESTACION SEAN PRACTICAS, SE ADOPTEN AMPLIAMENTE Y SE AJUSTEN A LOS OBJETIVOS DE LA ESTRATEGIA FORESTAL DE LA UE, LA LEY DE RESTAURACION DE LA NATURALEZA Y LA MISION DEL SUELO."
FB:97872665;FB;Convocatorias de ayudas;2025;97872665;Digitalización de Programas de Ciencia Ciudadana: herramientas para el conocimiento sobre el Patrimonio Natural y la Biodiversidad (DIPROCES);Ecosistemas terrestres;Fundació Universitària Balmes;;Cataluña;cruce;;;2025;2027;177568,51;221960,64;Fundación Biodiversidad;titulo;https://fundacion-biodiversidad.es/proyectos_ficha/digitalizacion-de-programas-de-ciencia-ciudadana-herramientas-para-el-conocimiento-sobre-el-patrimonio-natural-y-la-biodiversidad-diproces/;"El proyecto busca digitalizar, estandarizar y publicar datos de seguimiento de fauna, garantizando acceso abierto y mejorando su interoperabilidad con plataformas nacionales e internacionales.
Se trabajará con datos de ciencia ciudadana y monitoreo de biodiversidad de programas como el Catalan Butterfly Monitoring Scheme, el Seguimiento de los micromamíferos comunes de España y BatMonitoring.
Objetivos: El proyecto pretende impulsar la digitalización de redes de ciencia ciudadana ya consolidadas para mejorar la transmisión de conocimiento del patrimonio natural y la biodiversidad.
Cuenta con estas metas específicas:
Validación, estandarización y publicación de los datos de los Programas de Seguimiento de Fauna coordinados por el Equipo de Investigación BiBIO.
Mejora de la interoperabilidad y acceso a datos de los programas de seguimiento."
FECYT:2025-22166;FECYT;Fomento de la cultura científica 2025;2025;2025/22166;Walked-Streets. Observatorio de ciencia ciudadana en movimiento;Categoría de proyectos d. Proyectos singulares · d.1 Ciencia Ciudadana;FUNDACIÓ PER A LA UNIVERSITAT OBERTA DE CATALUNYA;;Cataluña;fuente;;;;;56000,00;143330,72;;categoria;https://www.convocatoria.fecyt.es/publico/Resolucion/__Recursos/Resolucion_definitiva_convocatoria_CCi_2025.pdf;
FECYT:2025-22236;FECYT;Fomento de la cultura científica 2025;2025;2025/22236;Con-Ciencia Pola Terra: movilización ciudadana para cuidar los ecosistemas gallegos;Categoría de proyectos d. Proyectos singulares · d.1 Ciencia Ciudadana;UNIVERSIDAD DE A CORUÑA;;Galicia;fuente;;;;;30000,00;73000,00;;categoria;https://www.convocatoria.fecyt.es/publico/Resolucion/__Recursos/Resolucion_definitiva_convocatoria_CCi_2025.pdf;
FECYT:2025-22245;FECYT;Fomento de la cultura científica 2025;2025;2025/22245;Mosquito Alert para jóvenes: fomentando vocaciones científicas a partir de la ciencia ciudadana;Categoría de proyectos d. Proyectos singulares · d.1 Ciencia Ciudadana;ASSOCIACIÓ MEDIAMBIENTAL XATRAC;;Cataluña;fuente;;;;;23000,00;67250,00;;categoria;https://www.convocatoria.fecyt.es/publico/Resolucion/__Recursos/Resolucion_definitiva_convocatoria_CCi_2025.pdf;
FECYT:2025-22366;FECYT;Fomento de la cultura científica 2025;2025;2025/22366;Bages Ciencia Ciudadana: Un abordaje participativo para afrontar los retos del envejecimiento.;Categoría de proyectos d. Proyectos singulares · d.1 Ciencia Ciudadana;FUNDACIO UNIVERSITARIA DEL BAGES;;Cataluña;fuente;;;;;10000,00;25809,13;;categoria;https://www.convocatoria.fecyt.es/publico/Resolucion/__Recursos/Resolucion_definitiva_convocatoria_CCi_2025.pdf;
FECYT:2025-22520;FECYT;Fomento de la cultura científica 2025;2025;2025/22520;ParticiPC: Ciencia ciudadana para la ampliación ética y colaborativa de la base de datos CP PAIN en contextos asistenciales y familiares TOTAL;Categoría de proyectos d. Proyectos singulares · d.1 Ciencia Ciudadana;UNIVERSITAT DE LES ILLES BALEARS;;Illes Balears;fuente;;;;;10000,00;54043,75;;categoria;https://www.convocatoria.fecyt.es/publico/Resolucion/__Recursos/Resolucion_definitiva_convocatoria_CCi_2025.pdf;
FECYT:2025-22697;FECYT;Fomento de la cultura científica 2025;2025;2025/22697;Postgrowth S.A.: Rural;Categoría de proyectos d. Proyectos singulares · d.1 Ciencia Ciudadana;UNIVERSIDADE DE VIGO;;Galicia;fuente;;;;;42000,00;93333,00;;categoria;https://www.convocatoria.fecyt.es/publico/Resolucion/__Recursos/Resolucion_definitiva_convocatoria_CCi_2025.pdf;
FECYT:2025-22769;FECYT;Fomento de la cultura científica 2025;2025;2025/22769;Plastic Pirates en España: Ciencia ciudadana juvenil para estudiar la contaminación por plástico en los ríos europeos;Categoría de proyectos d. Proyectos singulares · d.1 Ciencia Ciudadana;FUNDACIÓ UNIVERSITÀRIA BALMES;;Cataluña;fuente;;;;;37000,00;59517,62;;categoria;https://www.convocatoria.fecyt.es/publico/Resolucion/__Recursos/Resolucion_definitiva_convocatoria_CCi_2025.pdf;
FECYT:2025-22779;FECYT;Fomento de la cultura científica 2025;2025;2025/22779;Surfing for Science;Categoría de proyectos d. Proyectos singulares · d.1 Ciencia Ciudadana;UNIVERSIDAD DE BARCELONA;;Cataluña;fuente;;;;;31000,00;79336,37;;categoria;https://www.convocatoria.fecyt.es/publico/Resolucion/__Recursos/Resolucion_definitiva_convocatoria_CCi_2025.pdf;
FECYT:2025-22814;FECYT;Fomento de la cultura científica 2025;2025;2025/22814;I Congreso de Ciencia Ciudadana en España;Categoría de proyectos a. Proyectos de comunicación social de la ciencia y la tecnología · a.1.2 Nuevos proyectos;FUNDACIÓN IBERCIVIS;;Aragón;fuente;;;;;27000,00;192000,00;;titulo;https://www.convocatoria.fecyt.es/publico/Resolucion/__Recursos/Resolucion_definitiva_convocatoria_CCi_2025.pdf;
FECYT:2025-22912;FECYT;Fomento de la cultura científica 2025;2025;2025/22912;Con-ciencia Selmo-Seo;Categoría de proyectos d. Proyectos singulares · d.1 Ciencia Ciudadana;UNIVERSIDAD DE LEÓN;;Castilla y León;fuente;;;;;25000,00;49840,50;;categoria;https://www.convocatoria.fecyt.es/publico/Resolucion/__Recursos/Resolucion_definitiva_convocatoria_CCi_2025.pdf;
FECYT:2025-22933;FECYT;Fomento de la cultura científica 2025;2025;2025/22933;Ciencia ciudadana CSIC: nuevos públicos y alianzas;Categoría de proyectos b. Programa anual de actividades UCC+I;AGENCIA ESTATAL CONSEJO SUPERIOR DE INVESTIGACIONES CIENTIFICAS;;Madrid;fuente;;;;;30000,00;88451,10;;titulo;https://www.convocatoria.fecyt.es/publico/Resolucion/__Recursos/Resolucion_definitiva_convocatoria_CCi_2025.pdf;
FECYT:2025-23136;FECYT;Fomento de la cultura científica 2025;2025;2025/23136;Laboratorio Eco-Red de Familias. ER-FA Lab: ciencia ciudadana y codiseño de soluciones tecnoeducativas;Categoría de proyectos a. Proyectos de comunicación social de la ciencia y la tecnología · a.1.2 Nuevos proyectos;UNIVERSIDAD DE SALAMANCA;;Castilla y León;fuente;;;;;70000,00;172375,00;;titulo;https://www.convocatoria.fecyt.es/publico/Resolucion/__Recursos/Resolucion_definitiva_convocatoria_CCi_2025.pdf;
FECYT:2025-23440;FECYT;Fomento de la cultura científica 2025;2025;2025/23440;Ecocosta: monitorización ciudadana de playas;Categoría de proyectos d. Proyectos singulares · d.1 Ciencia Ciudadana;AGENCIA ESTATAL CONSEJO SUPERIOR DE INVESTIGACIONES CIENTIFICAS;;Cataluña;fuente;;;;;54000,00;156773,80;;categoria;https://www.convocatoria.fecyt.es/publico/Resolucion/__Recursos/Resolucion_definitiva_convocatoria_CCi_2025.pdf;
FECYT:2025-23459;FECYT;Fomento de la cultura científica 2025;2025;2025/23459;Proyecto Ríos: ciencia ciudadana para el seguimiento ecológico de los ecosistemas fluviales.;Categoría de proyectos a. Proyectos de comunicación social de la ciencia, la tecnología y la innovación · a.1.1 Proyectos recurrentes;ASSOCIACIÓ HÀBITATS;;Cataluña;fuente;;;;;40000,00;66900,00;;titulo;https://www.convocatoria.fecyt.es/publico/Resolucion/__Recursos/Resolucion_definitiva_convocatoria_CCi_2025.pdf;
FECYT:2025-23593;FECYT;Fomento de la cultura científica 2025;2025;2025/23593;Adolescencia con ciencia: formar, investigar y transformar desde la educación en el tiempo libre;Categoría de proyectos d. Proyectos singulares · d.1 Ciencia Ciudadana;UNIVERSIDAD AUTÓNOMA DE MADRID;;Madrid;fuente;;;;;35000,00;61850,00;;categoria;https://www.convocatoria.fecyt.es/publico/Resolucion/__Recursos/Resolucion_definitiva_convocatoria_CCi_2025.pdf;
FECYT:2025-23594;FECYT;Fomento de la cultura científica 2025;2025;2025/23594;AmiAire2: Ciencia ciudadana y deporte en el aula para monitorizar la calidad del aire y sensibilizar sobre su impacto ambiental;Categoría de proyectos a. Proyectos de comunicación social de la ciencia, la tecnología y la innovación · a.1.1 Proyectos recurrentes;UNIVERSIDAD DE LA IGLESIA DE DEUSTO;;País Vasco;fuente;;;;;35000,00;55644,00;;titulo;https://www.convocatoria.fecyt.es/publico/Resolucion/__Recursos/Resolucion_definitiva_convocatoria_CCi_2025.pdf;
FECYT:2025-23666;FECYT;Fomento de la cultura científica 2025;2025;2025/23666;SoundCollect: Cocreando refugios auditivos en nuestra ciudades;Categoría de proyectos d. Proyectos singulares · d.1 Ciencia Ciudadana;SCIENCE FOR CHANGE, SL;;Cataluña;fuente;;;;;40000,00;70000,00;;categoria;https://www.convocatoria.fecyt.es/publico/Resolucion/__Recursos/Resolucion_definitiva_convocatoria_CCi_2025.pdf;
FECYT:2025-23749;FECYT;Fomento de la cultura científica 2025;2025;2025/23749;MelanogasterCTF_Summer Camp;Categoría de proyectos d. Proyectos singulares · d.1 Ciencia Ciudadana;UNIVERSITAT AUTÒNOMA DE BARCELONA;;Cataluña;fuente;;;;;36000,00;61160,00;;categoria;https://www.convocatoria.fecyt.es/publico/Resolucion/__Recursos/Resolucion_definitiva_convocatoria_CCi_2025.pdf;
AEI:JDC2024-053065-I;AEI;Juan de la Cierva;2024;JDC2024-053065-I;Educación para la sostenibilidad y la responsabilidad social y formación del profesorado;Ciencias de la educación · Ciencias de la educación;UNIVERSITAT DE GIRONA;Q6750002E;Cataluña;fuente;GERONA;;;;76600,00;0,00;;palabras-clave;https://www.aei.gob.es/ayudas-concedidas/buscador-ayudas-concedidas?code=JDC2024-053065-I;
AEI:PCI2024-153489;AEI;Proyectos Programación Conjunta Internacional;2024;PCI2024-153489;BUILDING A SCALABLE WILDLIFE MONITORING SYSTEM BY INTEGRATING REMOTE CAMERA SAMPLING AND ARTIFICIAL INTELLIGENCE WITH ESSENTIAL BIODIVERSITY VARIABLES;Ciencias y tecnologías medioambientales · Biodiversidad;AGENCIA ESTATAL CONSEJO SUPERIOR DE INVESTIGACIONES CIENTIFICAS (CSIC);Q2818002D;Madrid;fuente;MADRID;;;;20000,00;0,00;;resumen;https://www.aei.gob.es/ayudas-concedidas/buscador-ayudas-concedidas?code=PCI2024-153489;ANTE LA ACTUAL CRISIS AMBIENTAL Y DE BIODIVERSIDAD LA MONITORIZACION DE LA VIDA SILVESTRE ES FUNDAMENTAL PARA ENTENDER Y SABER COMO GESTIONARLA. LA COMBINACION LOS AVANCES RECIENTES EN LA DETECCION DE LA BIODIVERSIDAD, COMO SON LAS CAMARAS TRAMPA, LAS TECNOLOGIAS DE CLASIFICACION DE IMAGENES, LAS PLATAFORMAS DE CIENCIA CIUDADANA Y EL APRENDIZAJE AUTOMATICO, PROPORCIONAN UN MODO DE SEGUIMIENTO EFICAZ DE LA VIDA SILVESTRE. SIN EMBARGO, TODAVIA EXISTEN ALGUNOS OBSTACULOS, COMO SON EL ALTO COSTE DE LA REVISION MANUAL DE LAS IMAGENES PARA CONVERTIR LAS IMAGENES EN DATOS ANALIZABLES, Y LA FALTA DE FLUJOS DE TRABAJO AUTOMATIZADOS. ESTAS LIMITACIONES HAN OBSTACULIZADO LA CAPACIDAD PARA INNOVAR Y ARMONIZAR METODOS Y HERRAMIENTAS PARA RECOPILAR Y GESTIONAR DATOS DE SEGUIMIENTO DE LA BIODIVERSIDAD Y PODER TOMAR MEDIDAS OPORTUNAS DE CONSERVACION Y GESTION. EN ESTE PROYECTO, DESARROLLAREMOS UN MARCO DE MONITORIZACION ESCALABLE QUE SE BASE EN LA ELABORACION DE PROCEDIMIENTOS ARMONIZADOS Y REPRODUCIBLES A LO LARGO DEL CICLO DE TOMA DE DATOS, DESDE LA CAPTURA DE IMAGENES HASTA EL PROCESAMIENTO, LA ANOTACION, EL INTERCAMBIO Y LA ESTIMACION POSTERIOR DE LAS VARIABLES ESENCIALES DE LA BIODIVERSIDAD (EBV). ESTE SISTEMA LO PONDREMOS EN FUNCIONAMIENTO EN CUATRO AREAS DE ESTUDIO REPRESENTATIVAS DE CUATRO ECOSISTEMAS Y REGIONES BIOGEOGRAFICAS DIFERENTES DE EUROPA. COMBINAREMOS EL USO DE LAS CAMARAS TRAMPA, CIENCIA CIUDADANA, APRENDIZAJE PROFUNDO (REDES NEURONALES CONVOLUCIONALES) Y MODELADO JERARQUICO PARA OBTENER ESTIMACIONES DEMOGRAFICAS NO SESGADAS DE LAS POBLACIONES Y DE LAS DINAMICAS DE LA COMUNIDAD, Y MEDIANTE EL SEGUIMIENTO DE LAS VARIABLES ESENCIALES DE BIODIVERSIDAD PODER MEDIR LOS CAMBIOS EN LA BIODIVERSIDAD. NUESTRO PROYECTO GENERARA PRODUCTOS QUE CUALQUIER OTRO INTERESADO PODRA REUTILIZAR. ESTOS PRODUCTOS INCLUYEN LA INFRAESTRUCTURA INFORMATICA NECESARIA PARA PROCESAR LAS FOTOGRAFIAS Y TRADUCIRLAS A EBV, LA AUTOMATIZACION DE LA OBTENCION DE OTRAS ESTADISTICAS RELACIONADAS CON LA CONSERVACION, ASI COMO REDES NEURONALES CONVOLUCIONALES ADAPTADAS A LOS CUATRO SISTEMAS DE ESTUDIO QUE PUEDEN SER FACILES DE USAR Y DE REUSAR EN OTROS CONTEXTOS. DIFUNDIREMOS NUESTROS RESULTADOS EN TIEMPO REAL A TRAVES DE UN SITIO WEB DEDICADO AL PROYECTO Y MOVILIZAREMOS LOS DATOS A TRAVES DEL GLOBAL BIODIVERSITY INFORMATION FACILITYE (GBIF).  PROPORCIONAREMOS HERRAMIENTAS DE APOYO Y DESARROLLO DE CAPACIDADES PARA FACILITAR LA APLICACION DEL SISTEMA A OTRAS AREAS, AYUDANDO A MOVILIZAR Y OPTIMIZAR LOS DATOS EXISTENTES Y FOMENTAR LOS PROYECTOS DE CAMARAS TRAMPA. NUESTRO EXPERIMENTADO CONSORCIO DE CINCO GRUPOS DE INVESTIGACION INCLUYE EXPERTOS DE DIVERSAS DISCIPLINAS (ECOLOGIA Y BIOLOGIA DE LA CONSERVACION, MATEMATICAS, CIENCIAS COMPUTACIONALES Y GESTION DE BIG DATA) DE TODA EUROPA. ESTO GARANTIZA UN ENTORNO CIENTIFICO ALTAMENTE INTERDISCIPLINAR GARANTE PARA LOGRAR LOS OBJETIVOS DEL PROYECTO. COMBINAMOS LAS HABILIDADES DEL CONSORCIO CON UNA SOLIDA RED DE COLABORACION DE IMPLICADOS E INTERESADOS, LO CUAL ES FUNDAMENTAL PARA IMPLEMENTAR Y AMPLIAR EL MARCO DE MONITOREO PROPUESTO. ESTE PROYECTO CONTRIBUIRA A LA EXCELENCIA CIENTIFICA EUROPEA Y AL DESARROLLO DE CAPACIDADES AL PROPORCIONAR A CIENTIFICOS, ADMINISTRADORES Y RESPONSABLES POLITICOS UNA HERRAMIENTA DE INVESTIGACION Y MONITOREO DE LA BIODIVERSIDAD PARA GENERAR CONOCIMIENTO CRITICO, RESPALDAR EVALUACIONES Y PREDICCIONES PRECISAS, E IMPLEMENTAR ESTRATEGIAS DE GESTION OPORTUNAS Y BASADAS EN EVIDENCIA.
AEI:PCI2024-153504;AEI;Proyectos Programación Conjunta Internacional;2024;PCI2024-153504;DEVELOPING DATA MANAGEMENT AND ANALYTICAL TOOLS TO INTEGRATE AND ADVANCE PROFESSIONAL AND CITIZEN SCIENCE CAMERA-TRAPPING INITIATIVES ACROSS EUROPE;Biociencias y biotecnología · Biología integrativa y fisiología;UNIVERSIDAD DE CASTILLA-LA MANCHA;Q1368009E;Castilla-La Mancha;fuente;CIUDAD REAL;;;;175000,00;0,00;;titulo;https://www.aei.gob.es/ayudas-concedidas/buscador-ayudas-concedidas?code=PCI2024-153504;"NUESTRO PROYECTO TIENE COMO OBJETIVO APOYAR LOS ESFUERZOS DE LAS ORGANIZACIONES EUROPEAS, NACIONALES, REGIONALES Y DE PARTES INTERESADAS PARA CONSERVAR Y GESTIONAR LA BIODIVERSIDAD MEJORANDO SU ACCESO OPORTUNO A DATOS DE SEGUIMIENTO SOLIDOS PARA UN AMPLIO CONJUNTO DE ESPECIES QUE ACTUALMENTE NO ESTAN CUBIERTAS POR DATOS DE SEGUIMIENTO ACCESIBLES.
MAS ESPECIFICAMENTE, LOS OBJETIVOS SON:
 ABORDAR LOS OBSTACULOS HUMANOS, TECNOLOGICOS Y ANALITICOS PARA GENERAR UN CONJUNTO DE HERRAMIENTAS QUE PERMITAN EL PROCESAMIENTO, INTERCAMBIO, ANALISIS Y EXPLOTACION EFICIENTE Y A GRAN ESCALA DE DATOS DE FOTOTRAMPEO (CT) DE FAUNA A UNA ESCALA CONTINENTAL SIN PRECEDENTES.
 VINCULAR A CIENTIFICOS PROFESIONALES, CIENTIFICOS CIUDADANOS Y SECTORES IMPLICADOS EN UNA ACCION CONJUNTA PARA PROMOVER LA CONSERVACION Y GESTION EFICIENTE DE LA BIODIVERSIDAD.
 PRODUCIR UNA SOLUCION EUROPEA QUE SE AJUSTE AL ENTORNO EUROPEO (SOCIAL, LEGAL, INSTITUCIONAL, ECOLOGICO, TECNOLOGICO) CON VALOR DE TRANSFERENCIA A OTROS ENTORNOS FUERA DEL CONTINENTE."
AEI:PID2024-155471OB-I00;AEI;Proyectos de I+D+I (Generación de Conocimiento y Retos Investigación);2024;PID2024-155471OB-I00;INVESTIGACION EXPERIMENTAL EN EBULLICION FORZADA SUBENFRIADA Y TECNICAS DE IA PARA LA MEJORA DE LA SEGURIDAD Y EFICIENCIA EN SISTEMAS DE GESTION TERMICA DE NUEVOS EVS Y PACKS;Energía y transporte · Energia;UNIVERSIDAD DE VIGO;Q8650002B;Galicia;fuente;PONTEVEDRA;;;;197500,00;0,00;;resumen;https://www.aei.gob.es/ayudas-concedidas/buscador-ayudas-concedidas?code=PID2024-155471OB-I00;"LA PROPUESTA INVESTIGA EN SOLUCIONES DE GESTION TERMICA SEGURAS, SOSTENIBLES Y EFICIENTES PARA LA PROXIMA GENERACION DE VES, EN INVESTIGACION ORIENTADA, DENTRO DE LA PRIORIDAD: CLIMA, ENERGIA Y MOVILIDAD DEL PEICI 21-23.
LA GESTION TERMICA EN LOS VEHICULOS ELECTRICOS Y EN LOS PAQUETES DE BATERIAS ES CRUCIAL. LA TEMPERATURA AFECTA AL RENDIMIENTO DEL SISTEMA ELECTROQUIMICO: SU EFICIENCIA, LIBERACION DE POTENCIA, ACEPTACION DE CARGA, SEGURIDAD, FIABILIDAD, VIDA UTIL Y COSTES DEL CICLO DE VIDA. ADEMAS, EL AUMENTO EN COMPACIDAD Y POTENCIA TERMICA EXIGE AVANCES EN TRANSFERENCIA DE CALOR. LOS SISTEMAS BIFASICOS SE CONSIDERAN UNA SOLUCION POTENCIAL PARA LA GESTION TERMICA DE LOS SISTEMAS MODERNOS. CON RESPECTO A LOS MONOFASICOS PURAMENTE CONVECTIVOS PRESENTAN UNA TRANSFERENCIA DE CALOR MEJORADA Y UNA TEMPERATURA DE PARED MAS UNIFORME. SIN EMBARGO, TAMBIEN PRESENTAN RIESGOS Y ES PRIORITARIO CONOCERLOS. 
LA PROPUESTA PROFUNDIZARA EN LOS FLUIDOS QUE AUMENTAN SEGURIDAD Y FIABILIDAD, SATISFACEN LAS PREOCUPACIONES MEDIOAMBIENTALES Y NO ELEVAN LOS COSTES DE PRODUCCION Y FUNCIONAMIENTO, LO QUE SUPONE UN RETO EN LA GESTION TERMICA PARA LOS PAQUETES DE BATERIAS ESTACIONARIAS Y DE EMOVILIDAD. LOS NUEVOS REFRIGERANTES DE BAJO PUNTO DE EBULLICION MUESTRAN PROPIEDADES INTERESANTES PARA SU APLICACION EN SISTEMAS DE REFRIGERACION LIQUIDA DE BTMS, COMO UN BAJO GWP, BAJA INFLAMABILIDAD, BAJA VISCOSIDAD A BAJAS TEMPERATURAS Y ALTA ESTABILIDAD TERMICA, SUPERIORES A LOS REFRIGERANTES CONVENCIONALES Y HAN SIDO TRATADOS POR EL EQUIPO EN EL PID2020-114742RB-I00. SIN EMBARGO, PRESENTAN UN PEOR COMPORTAMIENTO TERMICO, POR LO QUE AUMENTAR CHF Y HTC ES OBLIGATORIO PARA LAS NUEVAS APLICACIONES. EL USO DE FORMULACIONES DE BAJA CONDUCTIVIDAD Y EL EMPLEO DE NANOPARTICULAS EN REFRIGERANTES DE BAJO PUNTO DE EBULLICION PARA MEJORA DE SUS PROPIEDADES TERMICAS ES UN CAMPO INCIPIENTE Y ES EL PUNTO DE PARTIDA DE LA PRESENTE PROPUESTA.
EL PROYECTO PROPORCIONARA NUEVAS CORRELACIONES DE PARAMETROS DE BURBUJA Y PROFUNDIZARA EN LA INTERACCION SUPERFICIE-FLUIDO. SE DESARROLLARAN TECNICAS DE DEEP LEARNING, Y TECNICAS EXPERIMENTALES PARA LA ADQUISICION NO INTRUSIVA DE DATOS, DISEÑADAS AD-HOC, PARA DIAGNOSTICAR EL NIVEL DE EBULLICION, LO CUAL SERA CRUCIAL PARA GARANTIZAR LA SEGURIDAD DE LOS FUTUROS DISPOSITIVOS. SE INVITARA A LA SOCIEDAD EN GENERAL A PARTICIPAR EN EL PROYECTO PARA APOYAR EL ETIQUETADO DE BURBUJAS EN IMAGENES, A TRAVES DE UNA APLICACION DE CIENCIA CIUDADANA DISEÑADA EN EL PROYECTO.
LA VIABILIDAD DE LA PROPUESTA ESTA AVALADA POR LA EXPERIENCIA DEL EQUIPO INVESTIGADOR EN EL CAMPO (TRES TESIS DOCTORALES, DOCTORES INCLUIDOS EN EL EQUIPO, UN PROYECTO REGIONAL Y RTC2019-006955-4 Y PID2020-114742RB-I00 LIDERADOS POR IP EN EL AMBITO), RECURSOS MATERIALES PROPIOS, ASI COMO LA RELACION CON INVESTIGADORES DE REFERENCIA, COMO EL PROF. RIBATSKY COMO PARTE DEL EQUIPO, Y UNA AMPLIA TRAYECTORIA DE COLABORACIONES CON EMPRESAS DE LOS SECTORES DE AUTOMOCION, REFRIGERANTES Y ENERGIA ELECTRICA.
LA INNOVACION EN TMS EN MOVILIDAD ELECTRICA Y BATERIAS ES UNA DE LAS PREOCUPACIONES DEL HE 21-27, CLUSTER 5: CLIMATE, ENERGY AND MOBILITY, CON VARIOS PROGRAMAS DIRECTAMENTE RELACIONADAS CON LAS CUESTIONES QUE SE ABORDARAN EN EL PROYECTO, REDUCCION DE TAMAÑO Y PESO, MEJORA DEL RENDIMIENTO, OPERACION EN AMBIENTES FRIOS Y SEGURIDAD, ENTRE OTRAS, LO QUE SUBRAYA LA RELEVANCIA DE LA PROPUESTA. LOS RESULTADOS SERAN APLICABLES A OTROS CAMPOS COMO ELECTRONICA DE POTENCIA Y ALMACENAMIENTO DE ENERGIA RENOVABLE."
AEI:PID2024-156672NB-I00;AEI;Proyectos de I+D+I (Generación de Conocimiento y Retos Investigación);2024;PID2024-156672NB-I00;CULTURAS DE LA OPRESION, EXPLOTACION LABORAL Y TRANSFORMACIONES DEL ESTADO: ANALISIS INTERSECCIONALES DE ALGUNAS FORMAS DE DOMINACION CONTEMPORANEA. UNA INVESTIGACION DE FILOS;Mente, lenguaje y pensamiento · Filosofía;UNIVERSIDAD COMPLUTENSE DE MADRID;Q2818014I;Madrid;fuente;MADRID;;;;43750,00;0,00;;resumen;https://www.aei.gob.es/ayudas-concedidas/buscador-ayudas-concedidas?code=PID2024-156672NB-I00;LA PROPUESTA REPRESENTA LA CONTINUACION DE UN PROYECTO NACIONAL ANTERIOR PRECARIEDAD LABORAL, CUERPO Y VIDA DAÑADA. UNA INVESTIGACION DE FILOSOFIA SOCIAL (PID2019-105803GB-I0/AEI/10.13039/501100011033), DESARROLLADO ENTRE 2020 Y 2024, Y SE INSERTA EN LA MODALIDAD DE INVESTIGACION NO ORIENTADA POR NO DESARROLLAR UNA INVESTIGACION ACOTADA TEMPORALMENTE NI OFRECER DESARROLLOS EMPIRICOS O DE CIENCIA APLICADA. EL EQUIPO INVESTIGADOR PROCEDE DE LA COLABORACION DE LOS GRUPOS DE INVESTIGACION UCM NORMATIVIDAD, EMOCIONES, DISCURSO, SOCIEDAD - GINEDIS Y CHARLES BABBAGE EN CIENCIAS SOCIALES DEL TRABAJO CON ALGUNAS INVESTIGADORAS DE LA UAH, ULL Y UAB Y FORMULA UNA INVESTIGACION EN CLAVE INTERSECCIONAL DE ALGUNAS FORMAS DE DOMINACION CONTEMPORANEAS QUE OBSTACULIZAN EL FORTALECIMIENTO DE SOCIEDADES DEMOCRATICAS. LA INVESTIGACION SE ARTICULA EN TRES EJES TEMATICOS INTERRELACIONADOS, EN CUYO ANALISIS LOS IPS Y LOS EQUIPOS DE INVESTIGACION Y DE TRABAJO CUENTAN CON EXPERIENCIA. LA INVESTIGACION PROYECTADA TIENE COMO FINALIDAD EL AVANCE DEL CONOCIMIENTO EN FILOSOFIA SOCIAL Y CONTRIBUIR AL DISEÑO DE POLITICAS PUBLICAS DESTINADAS A REFORZAR UNA ECONOMIA SOCIAL SOSTENIBLE Y LA PROTECCION CONSTITUCIONAL DE LOS DERECHOS SOCIALES BASICOS, FOMENTANDO LA CONCIENCIA CIUDADANA SOBRE LOS MARCOS SUBJETIVOS Y MECANISMOS QUE PROPICIAN ALGUNAS FORMAS DE DOMINACION EN EL PRESENTE. LA PROPUESTA PRETENDE CONTRIBUIR A GENERAR CONOCIMIENTO EN EL AMBITO DE LA FILOSOFIA SOCIAL, UNA LINEA PROGRESIVAMENTE CONSOLIDADA A NIVEL INTERNACIONAL Y NACIONAL COMO MUESTRAN RECIENTES PUBLICACIONES DE GONZALEZ RICOY (2022, 2023, 2024), JAEGGI/CELIKATES (2023), LOPEZ CALLE (2020), MORENO PESTAÑA/ROMERO CUEVAS (2022), RIESCO/RAMIREZ Y OTROS (2024), SANCHEZ MADRID (2021, 2023), Y SERRANO (2021). LA HIPOTESIS DE PARTIDA QUE PLANTEAMOS PRETENDE EXPLORAR DESDE UN ENFOQUE INTERSECCIONAL (ATENTO A LAS VARIABLES DE CLASE, GENERO Y RAZA) FORMAS DE DOMINACION QUE SE EXPRESAN EN LAS SOCIEDADES DEMOCRATICAS DEL PRESENTE (CON ESPECIAL INCIDENCIA EN EUROPA Y AMERICA LATINA) BAJO EL ASPECTO DE LA OPRESION CULTURAL ANTI-FEMINISTA, LA EXPLOTACION LABORAL Y EL DEBILITAMIENTO DEL ESTADO COMO OPERADOR COERCITIVO Y NORMATIVO EN EL PLANO SOCIAL Y ECONOMICO. EN DIALOGO CON ESTUDIOS CONTEMPORANEOS SOBRE LAS TRANSFORMACIONES DE LA RACIONALIDAD NEOLIBERAL, SE PARTE DE LA IDEA DE QUE LA COMPRENSION DE LOS MARCOS POLITICOS Y SOCIALES DE LA FASE ACTUAL DEL NEOLIBERALISMO -CUYO UMBRAL SE SITUA HABITUALMENTE EN LA CRISIS FINANCIERA DEL AÑO 2008- REQUIERE DE CATEGORIAS DIFERENTES Y COMPLEMENTARIAS A LAS QUE SE EMPLEARON PARA COMPRENDER SU EMERGENCIA Y DESPLIEGUE A PARTIR DE LA DECADA DE 1970 Y QUE, EN LA ESTELA DE LA INFLUYENTE LECTURA DE FOUCAULT, HAN LLEGADO A CONVERTIRSE EN LUGARES COMUNES INTERPRETATIVOS EN NUMEROSOS AMBITOS ACADEMICOS: COMPETENCIA, AUTONOMIA, CAPITAL HUMANO, SUBJETIVIDAD EMPRESARIAL. LOS ANALISIS EN TORNO AL NEOLIBERALISMO AUTORITARIO (I. BRUFF), EL NEOLIBERALISMO PUNITIVO (W. DAVIES) O EL NEXO ENTRE NEOLIBERALISMO, NIHILISMO Y RESENTIMIENTO (W. BROWN) INCIDEN EN LA NECESIDAD DE CONSIDERAR DIMENSIONES ADICIONALES, QUE EL PROYECTO PRETENDE RECONSTRUIR ESTUDIANDO LA CONFORMACION DE DISCURSOS FUERTEMENTE ANTI-IGUALITARISTAS, LA INTENSIFICACION DE LA EXPLOTACION LABORAL Y LAS COMPLEJAS TRANSFORMACIONES DE LA INSTITUCION ESTATAL (QUE NO PUEDEN ENTENDERSE SIMPLEMENTE COMO EL DEBILITAMIENTO O LA RETRACCION DEL ESTADO).
AEI:PID2024-159029NB-C21;AEI;Proyectos de I+D+I (Generación de Conocimiento y Retos Investigación);2024;PID2024-159029NB-C21;DESARROLLO DE MODELOS OCEANICOS DE NUEVA GENERACION PARA ESTUDIAR EL CAMBIO CLIMATICO EN EL MEDITERRANEO COMPONENTE FISICA;Ciencias y tecnologías medioambientales · Ciencias y tecnologías marinas;AGENCIA ESTATAL CONSEJO SUPERIOR DE INVESTIGACIONES CIENTIFICAS (CSIC);Q2818002D;Illes Balears;fuente;BALEARES;;;;160000,00;0,00;;resumen;https://www.aei.gob.es/ayudas-concedidas/buscador-ayudas-concedidas?code=PID2024-159029NB-C21;"LA REGION MEDITERRANEA ES UNA ZONA ESPECIALMENTE VULNERABLE AL CAMBIO CLIMATICO PUESTO QUE EXPERIMENTARA UN CALENTAMIENTO ACELERADO Y UNA DISMINUCION SUSTANCIAL DE LAS PRECIPITACIONES. LAS PROYECCIONES CLIMATICAS DEL MAR MEDITERRANEO MUESTRAN TENDENCIAS DE CALENTAMIENTO Y SALINIZACION, AUMENTO DE LA ESTRATIFICACION SUPERFICIAL, Y REDUCCION DE LA CIRCULACION TERMOHALINA. SE ESPERA QUE ESTOS CAMBIOS MEDIOAMBIENTALES AFECTEN A LA PRODUCCION PRIMARIA, A LOS CICLOS BIOQUIMICOS Y, EN ULTIMA INSTANCIA, A LOS ECOSISTEMAS MARINOS Y A LOS RECURSOS PESQUEROS. SIN EMBARGO, PARA ALGUNAS VARIABLES, LA MAGNITUD Y EN ALGUNOS CASOS INCLUSO EL SIGNO DE ESTOS CAMBIOS SON AUN
INCIERTOS Y OBJETO DE CONTINUA INVESTIGACION CIENTIFICA POR PARTE DE LA COMUNIDAD CLIMATICA. EN DOMOMED, EL OBJETIVO ES DESARROLLAR NUEVAS HERRAMIENTAS QUE CONTRIBUYAN A LA EVOLUCION DE LA MODELIZACION DEL CLIMA MARINO Y APLICAR ESTAS HERRAMIENTAS PARA MEJORAR EL CONOCIMIENTO SOBRE LOS PROCESOS CLAVE EN EL MEDITERRANEO. EN PARTICULAR, DOMOMED TIENE TRES OBJETIVOS PRINCIPALES. EN PRIMER LUGAR, DESARROLLAR NUEVAS TECNICAS DE MODELIZACION OCEANICA QUE HAGAN AVANZAR EL SISTEMA DE MODELIZACION MAS ALLA DEL ESTADO DEL ARTE. EN SEGUNDO LUGAR, REALIZAR PROYECCIONES CLIMATICAS RETROSPECTIVAS Y FUTURAS DE LA FISICA Y LA BIOQUIMICA DEL OCEANO MEDITERRANEO DESTINADAS A LLENAR LOS VACIOS EN LOS CONJUNTOS CLIMATICOS MARINOS EXISTENTES. EN TERCER LUGAR, MEDIANTE EL ANALISIS DE LOS CONJUNTOS CLIMATICOS EXISTENTES JUNTO CON EXPERIMENTOS NUMERICOS ESPECIFICOS PARA  COMPRENDER MEJOR LOS PROCESOS CLAVE EN EL MAR MEDITERRANEO. DEBIDO A LA RELEVANCIA DE LAS CONTRIBUCIONES ESPERADAS DE DOMOMED, EL PROYECTO HA RECIBIDO EL AVAL DE MEDCORDEX (HTTPS://WWW.MEDCORDEX.EU), LA PRINCIPAL INICIATIVA PARA LA MODELIZACION DE LA REGION MEDITERRANEA (CORDEX/WRCP). 

DE ESTE MODO, DOMOMED CONTRIBUIRA A AUMENTAR LA SOLIDEZ Y A DELIMITAR LAS INCERTIDUMBRES DE LAS PROYECCIONES CLIMATICAS EN EL MEDITERRANEO. EN PARTICULAR, EL SUBPROYECTO DOMOMED-1 SE CENTRARA EN LAS DEFICIENCIAS IDENTIFICADAS POR LA COMUNIDAD DE MODELIZACION EN RELACION CON EL REALISMO DE LAS CORRIENTES OCEANICAS SIMULADAS Y EL FLUJO DE INTERCAMBIO A TRAVES DEL ESTRECHO DE GIBRALTAR. DOMOMED-1 TAMBIEN EXPLORARA NUEVAS TECNICAS PARA ACELERAR LOS PROCEDIMIENTOS DE INICIALIZACION DE LOS MODELOS, OPTIMIZAR LOS RECURSOS DE ALMACENAMIENTO Y DESARROLLAR EMULADORES OCEANICOS MEDIANTE APRENDIZAJE PROFUNDO. A TRAVES DEL ANALISIS DEL CONJUNTO DE SIMULACIONES, AMBOS SUBPROYECTOS (DOMOMED-1 Y DOMOMED-2) TRABAJARAN DE FORMA COORDINADA PARA PROFUNDIZAR EN LA COMPRENSION DE PROCESOS CLAVE EN EL MAR MEDITERRANEO COMO LA VARIABILIDAD PRESENTE Y FUTURA DE LA CIRCULACION, LOS INTERCAMBIOS EN EL ESTRECHO DE GIBRALTAR O LA PRODUCCION PRIMARIA. FINALMENTE, DOMOMED PRESTARA ESPECIAL ATENCION A LA TRANSFERENCIA DE CONOCIMIENTO INCLUYENDO UNA INNOVADORA ACTIVIDAD DE CIENCIA CIUDADANA DIRIGIDA A ESTUDIANTES DE SECUNDARIA."
AEI:PID2024-159150OB-I00;AEI;Proyectos de I+D+I (Generación de Conocimiento y Retos Investigación);2024;PID2024-159150OB-I00;DIAGNOSTICO DE NEO-ECOSISTEMAS FORESTALES EN ESPAÑA;Ciencias y tecnologías medioambientales · Biodiversidad;UNIVERSIDAD DE ALCALA;Q2818018J;Madrid;fuente;MADRID;;;;131250,00;0,00;;palabras-clave;https://www.aei.gob.es/ayudas-concedidas/buscador-ayudas-concedidas?code=PID2024-159150OB-I00;"LOS NEO-ECOSISTEMAS FORESTALES (NEF) SON MASAS ARBOREAS FORMADAS POR ESPECIES DE ARBOLES EXOTICOS (EAE) DOMINANDO O COEXISTIENDO CON ARBOLES AUTOCTONOS, QUE ESTAN ESTABLECIDAS EN LA NATURALEZA Y PERSISTEN EN ELLA SIN INTERVENCION HUMANA. ESTOS SISTEMAS PUEDEN ORIGINARSE A PARTIR DE PLANTACIONES ABANDONADAS O DE LA PROPAGACION ESPONTANEA DE EAE INVASORAS. LOS NEF HAN RECIBIDO POCA ATENCION CIENTIFICA DEBIDO A SU CARACTER SEMI-DEGRADADO Y A LA PERCEPCION DE QUE CARECEN DE VALOR ECONOMICO. SIN EMBARGO, EL INTERES EN LOS NEF ESTA AUMENTANDO POR SU CRECIENTE EXPANSION, POR LOS RIESGOS AMBIENTALES QUE PRESENTAN (INCENDIOS, PLAGAS, INVASIONES), ASI COMO POR LAS OPORTUNIDADES QUE OFRECEN PARA LA RESTAURACION ECOLOGICA. ES MAS, EN UN CONTEXTO DE CAMBIO GLOBAL, ESTOS SISTEMAS PUEDEN INCLUSO SUSTITUIR CIERTAS FUNCIONES Y SERVICIOS QUE LOS BOSQUES AUTOCTONOS ESTAN PERDIENDO. A PESAR DE LOS AVANCES, NUESTRO CONOCIMIENTO SOBRE LA DISTRIBUCION, COMPOSICION, FUNCIONAMIENTO Y TRAYECTORIA SUCESIONAL DE LOS NEF SIGUE SIENDO LIMITADO, EN GRAN MEDIDA PORQUE SE TRATA DE SISTEMAS RECIENTES QUE AUN NO HAN ALCANZADO UN EQUILIBRIO CON SU ENTORNO.
EL PROYECTO DINOFORES BUSCA ABORDAR ESTA LAGUNA DE CONOCIMIENTO MEDIANTE UN DIAGNOSTICO MULTINIVEL DEL ESTADO DE LOS NEF EN ESPAÑA, CON EL FIN DE IDENTIFICAR PRIORIDADES PARA MITIGAR LOS RIESGOS AMBIENTALES Y EXPLORAR LAS OPORTUNIDADES PARA RESTAURAR SU BIODIVERSIDAD, FUNCIONES Y SERVICIOS ECOSISTEMICOS. ESTE AMBICIOSO PROPOSITO SE ARTICULA EN TORNO A CUATRO OBJETIVOS GENERALES, QUE COMBINAN DIVERSAS FUENTES DE INFORMACION, HERRAMIENTAS, ESCALAS DE ANALISIS Y NIVELES DE ORGANIZACION. 
1.	DISTRIBUCION Y DINAMICA DE LAS ESPECIES EXOTICAS ARBOREAS (NIVEL DE POBLACION). ACTUALIZAREMOS LA DISTRIBUCION DE LAS EAE EN ESPAÑA, ANALIZAREMOS LOS CAMBIOS OCURRIDOS EN LAS ULTIMAS DECADAS Y MODELIZAREMOS SU NICHO CLIMATICO FUTURO BAJO DIFERENTES ESCENARIOS.
2.	CARACTERIZACION DE LOS TIPOS Y TRAYECTORIAS SUCESIONALES DE LOS NEF (NIVEL DE COMUNIDAD). IDENTIFICAREMOS LOS DISTINTOS TIPOS DE NEF Y EXPLORAREMOS COMO EVOLUCIONAN EN EL TIEMPO, TANTO EN LAS CONDICIONES ACTUALES COMO EN ESCENARIOS DE CAMBIO GLOBAL.
3.	SALUD FORESTAL DE NEF FRENTE A BOSQUES NATIVOS (NIVEL DE COMUNIDAD Y ECOSISTEMA). PROFUNDIZAREMOS EN EL CONCEPTO DE SALUD FORESTAL, EVALUANDO INDICADORES ESTRUCTURALES, FUNCIONALES Y DE DESEMPEÑO DE LOS BOSQUES. COMPARAREMOS ESTOS INDICADORES ENTRE NEF Y BOSQUES NATIVOS COEXISTENTES.
4.	INTEGRACION, TRANSFERENCIA Y DIVULGACION. INTEGRAREMOS LOS HALLAZGOS DE LOS OBJETIVOS ANTERIORES, LOS TRASLADAREMOS A GESTORES, CONSERVACIONISTAS Y RESTAURADORES FORESTALES, Y LOS COMUNICAREMOS AL PUBLICO GENERAL.
EL CONOCIMIENTO GENERADO POR DINOFORES PERMITIRA COMPRENDER DE FORMA INTEGRAL EL ESTADO DE LOS NEF EN ESPAÑA, PRIORIZAR ACCIONES DE RESTAURACION Y DESARROLLAR ESTRATEGIAS DE GESTION ENCAMINADAS A MEJORAR LA SALUD FORESTAL. ESTE ENFOQUE RESPONDE A LOS DESAFIOS PLANTEADOS POR EL RECIENTE REGLAMENTO EUROPEO DE RESTAURACION DE LA NATURALEZA Y CONTRIBUYE A UNA GESTION SOSTENIBLE DE NUESTROS PAISAJES FORESTALES."
AEI:PID2024-160286NB-I00;AEI;Proyectos de I+D+I (Generación de Conocimiento y Retos Investigación);2024;PID2024-160286NB-I00;LA VIVIENDA RURAL EN TRANSICION: DESPOBLACION, MOVILIDAD Y SOSTENIBILIDAD;Ciencias sociales · Sociología y antropología social;UNIVERSIDAD NACIONAL DE EDUCACION A DISTANCIA;Q2818016D;Madrid;fuente;MADRID;;;;108875,00;0,00;;resumen;https://www.aei.gob.es/ayudas-concedidas/buscador-ayudas-concedidas?code=PID2024-160286NB-I00;"EL PROYECTO ABORDA EL ESTUDIO DE LA VIVIENDA RURAL, EN EL MARCO DE TRANSFORMACION GLOBAL AL QUE LAS AREAS RURALES ESTAN SOMETIDAS, ESPECIALMENTE EN RELACION CON EL RETO DEMOGRAFICO, LA TRANSICION DIGITAL EN INTERACCION CON LA MOVILIDAD, Y EL DESARROLLO SOSTENIBLE. LOS MERCADOS DE VIVIENDA RURAL, LOCALMENTE PEQUEÑOS Y POCO FLEXIBLES POR SU ALTO NIVEL DE PROPIEDAD Y ANTIGUEDAD, SE ENFRENTAN A PROCESOS DE FINANCIARIZACION DEL ESPACIO, DE INDIVIDUALIZACION DE LOS HOGARES Y DE CRECIMIENTO EN EL VOLUMEN E IMPORTANCIA DE LA MOVILIDAD. SE TRATA DE ESTUDIAR COMO AFECTAN ESTOS CAMBIOS A LA DISPONIBILIDAD, LA ASEQUIBILIDAD Y LA ADECUACION DE LAS VIVIENDAS RURALES, Y COMO LOS ACTORES LOCALES ENFRENTAN LA SITUACION, PONIENDO EL FOCO ESPECIALMENTE EN EL IMPACTO SOBRE LA COHESION SOCIAL. 
MAS CONCRETAMENTE, EL PROYECTO TIENE COMO OBJETIVO GLOBAL PROPORCIONAR UN MARCO GENERAL DE INFORMACION, DE INDICADORES, DE DEMANDAS TECNICAS Y DE INICIATIVAS CIVICAS PARA LA ADAPTACION DE LAS POLITICAS DE VIVIENDA A LA ESPECIFICIDAD DEL HABITAT DE LAS AREAS RURALES. 
EL PROYECTO ABORDA LA OBTENCION DE DATOS DESDE UNA ORIENTACION DE TRIANGULACION METODOLOGICA A PARTIR DEL EMPLEO DE TECNICAS CUANTITATIVAS Y CUALITATIVAS INCLUYENDO TAMBIEN EL REGISTRO DE LA PARTICIPACION SOCIAL DENTRO DE LOS PARAMETROS DE CIENCIA CIUDADANA. LAS ACTIVIDADES DE DIFUSION Y TRANSFERENCIA DE RESULTADOS SE INTEGRAN DENTRO DEL PROPIO DESARROLLO METODOLOGICO."
AEI:PID2024-160557OB-I00;AEI;Proyectos de I+D+I (Generación de Conocimiento y Retos Investigación);2024;PID2024-160557OB-I00;TRANSMISION INTERGENERACIONAL DE LA POBREZA: COMUNIDAD, RESILIENCIA Y ACCION EDUCATIVA EN 10 TERRITORIOS DE ESPAÑA;Ciencias de la educación · Ciencias de la educación;UNIVERSIDAD DE MALAGA;Q2918001E;Andalucía;fuente;MALAGA;;;;55250,00;0,00;;resumen;https://www.aei.gob.es/ayudas-concedidas/buscador-ayudas-concedidas?code=PID2024-160557OB-I00;"EL PROYECTO TRANSMISION INTERGENERACIONAL DE LA POBREZA: COMUNIDAD, RESILIENCIA Y ACCION EDUCATIVA EN 10 TERRITORIOS DE ESPAÑA ESTA VINCULADO A LA PRIORIDAD TEMATICA CULTURA, CREATIVIDAD Y SOCIEDAD INCLUSIVA: RETO DEMOGRAFICO Y COHESION SOCIAL, INCLUIDA EN LA CONVOCATORIA, ASI COMO EN EL ANEXO I SOBRE LINEAS ESTRATEGICAS DEL PLAN ESTATAL DE INVESTIGACION CIENTIFICA, TECNICA Y DE INNOVACION 2024-2027, DENTRO DE LOS AMBITOS DE INTERVENCION DE POBREZA Y EDUCACION, QUE CONSTITUYE EL CLUSTER 2 DEL PROGRAMA HORIZONTE EUROPA 2021-2027. IGUALMENTE, EL PROYECTO AFRONTA UN RETO DIRIGIDO A LA BUSQUEDA DE SOLUCIONES A LOS PROBLEMAS DE LA SOCIEDAD TAL Y COMO SEÑALA
LA CONVOCATORIA PARA LA MODALIDAD DE PROYECTOS DE INVESTIGACION ORIENTADA. LA HIPOTESIS DE PARTIDA ES QUE LAS ACCIONES EDUCATIVAS COMUNITARIAS CONTRARRESTAN LA TRANSMISION INTERGENERACIONAL DE LA POBREZA. PARA DAR RESPUESTA A DICHA HIPOTESIS, SE REALIZARA UN ESTUDIO EN 10 TERRITORIOS DE ESPAÑA QUE SUFREN EXCLUSION SOCIAL SEVERA. CON ELLO SE OBTENDRA UNA PERSPECTIVA LOCAL Y DIVERSA DE LO QUE ACONTECE EN DIVERSOS TERRITORIOS DE EXCLUSION SOCIAL, MIENTRAS QUE SIMULTANEAMENTE EL PROYECTO OFRECERA ANALISIS COMPARADOS Y UNA VISION GLOBAL DEL FOCO DE ESTUDIO QUE INCORPORARA ANALISIS DE GENERO E INTERDISCIPLINARES.
PARA TALES FINES EL PROYECTO SE CONSTRUYE DESDE UN ENFOQUE METODOLOGICO PLURAL, INCLUYENDO METODOLOGIAS CUALITATIVAS (4 ESTUDIOS BIOGRAFICOS INTERGENERACIONALES Y 10 ESTUDIOS DE CASOS DE 10 TERRITORIOS DE EXCLUSION SOCIAL SEVERA: MADRID, L`HOSPITALET-BARCELONA, A CORUÑA, VALLADOLID, VALENCIA, SALAMANCA, SEVILLA, GRAN CANARIAS, MALAGA Y MELILLA), METODOLOGIAS CUANTITATIVAS (ESCALA CD-RISC_25 Y CUESTIONARIO DUKE-UNC_11) Y METODOLOGIAS PARTICIPATIVAS (INVESTIGACION ACCION PARTICIPATIVA EN 4 DE LOS10 TERRITORIOS SEÑALADOS).
ESTE PROYECTO TIENE UNA DURACION DE TRES AÑOS. LOS OBJETIVOS Y METODOLOGIA PERMITIRAN ARROJAR AVANCES EN EL CONOCIMIENTO TECNICO-CIENTIFICO DE LAS CAUSAS Y EFECTOS QUE TIENE LA TRASMISION INTERGENERACIONAL DE LA POBREZA; MOSTRAR EVIDENCIAS DE LA RELACION ENTRE APOYO SOCIAL Y RESILIENCIA Y OFRECER RESULTADOS SOBRE ESTRATEGIAS QUE LOS AGENTES EDUCATIVOS DE LAS COMUNIDADES PONEN EN MARCHA PARA GENERAR RESILIENCIA Y ASI AFRONTAR LOS EFECTOS DE LA TRANSMISION INTERGENERACIONAL DE LA POBREZA.
LAS HERRAMIENTAS METODOLOGICAS DEL PROYECTO SE BASAN EN LOS PILARES DE LA CIENCIA CIUDADANA. SE UTILIZARAN HERRAMIENTAS QUE PROPICIARAN QUE LAS PROPIAS PERSONAS DE LOS TERRITORIOS PUEDAN REPRESENTARSE A SI MISMAS. AL MISMO TIEMPO LA PARTICIPACION DE LA CIUDADANIA EN ESTOS PROCESOS GENERARA BENEFICIOS SIGNIFICATIVOS TANTO EN LA PRODUCCION DE LOS RESULTADOS COMO EN LAS ESTRUCTURAS SOCIALES. SE ESPERA QUE LOS RESULTADOS TENGAN INCIDENCIA EN PLANES DE ACCION Y POLITICAS SOCIOEDUCATIVAS PARA SUBVERTIR LAS SITUACIONES DE POBREZA HEREDADA. ADEMAS, SE HA DISEÑADO UN PLAN DE DIFUSION PARA QUE LOS HALLAZGOS SE DIVULGUEN POR DIFERENTES MEDIOS: LIBROS, ARTICULOS CON INDICE DE IMPACTO Y ACCESO ABIERTO, MATERIALES/GUIAS COMO PLAN DE TRANSFERENCIA A AGENTES Y ENTIDADES EDUCATIVAS, MATERIALES AUDIOVISUALES. CON RELACION A LA DIVULGACION A LA CIUDADANIA, EL
MODELO DE CIENCIA CIUDADANA EN EL QUE SE BASA EL PROYECTO NO SOLO BUSCARA HACER DIVULGACION A LA CIUDADANIA, SINO QUE BUSCARA ACOMPAÑAR Y POTENCIAR LAS CAPACIDADES Y MEDIOS INTERNOS DE LAS COMUNIDADES DE LOS 10 TERRITORIOS PARA FORTALECER LA GENERACION PROPIA DE CONOCIMIENTO Y SUS PROPIOS MODOS DE INVESTIGACION."
AEI:PTA2024-024063-I;AEI;Personal Técnico de Apoyo;2024;PTA2024-024063-I;Technician for the management of a Citizen Lab at the IMF-CSIC: interdisciplinary collaboration, citizen participation, documentation, and heritage.;Cultura: filología, literatura y arte · Arte, bellas artes, museística;AGENCIA ESTATAL CONSEJO SUPERIOR DE INVESTIGACIONES CIENTIFICAS (CSIC);Q2818002D;Cataluña;fuente;BARCELONA;;;;56100,00;0,00;;palabras-clave;https://www.aei.gob.es/ayudas-concedidas/buscador-ayudas-concedidas?code=PTA2024-024063-I;
AEI:PTA2024-024568-I;AEI;Personal Técnico de Apoyo;2024;PTA2024-024568-I;Puesta en valor a través de la divulgación, la internacionalización y los recursos educativos de la Colección de Geología del MNCN-CSIC;Ciencias sociales · Comunicación;AGENCIA ESTATAL CONSEJO SUPERIOR DE INVESTIGACIONES CIENTIFICAS (CSIC);Q2818002D;Madrid;fuente;MADRID;;;;56100,00;0,00;;palabras-clave;https://www.aei.gob.es/ayudas-concedidas/buscador-ayudas-concedidas?code=PTA2024-024568-I;
AEI:RED2024-153630-T;AEI;Redes Investigación /Redes Excelencia;2024;RED2024-153630-T;EDUCACION AMBIENTAL, CAMBIO CLIMATICO Y SOSTENIBILIDAD;Ciencias de la educación · Ciencias de la educación;UNIVERSIDAD DE MALAGA;Q2918001E;Andalucía;fuente;MALAGA;;;;43000,00;0,00;;palabras-clave;https://www.aei.gob.es/ayudas-concedidas/buscador-ayudas-concedidas?code=RED2024-153630-T;"LA CREACION DE UNA RED TEMATICA SOBRE ""EDUCACION AMBIENTAL, CAMBIO CLIMATICO Y SOSTENIBILIDAD"" SE PRESENTA COMO UNA OPORTUNIDAD ESTRATEGICA CRUCIAL EN EL CONTEXTO ACTUAL, CARACTERIZADO POR LA CRECIENTE URGENCIA DE ABORDAR LOS DESAFIOS AMBIENTALES Y CLIMATICOS GLOBALES. EL AUMENTO DE LA CONCIENCIA PUBLICA RESPECTO A LOS PROBLEMAS AMBIENTALES Y LA DEMANDA POR ACCIONES URGENTES Y EFECTIVAS DEBE ESTRUCTURARSE EN LA INCORPORACION EFECTIVA DE ESTOS TEMAS EN LA EDUCACION FORMAL. LOS COMPROMISOS INTERNACIONALES ADQUIRIDOS POR EL GOBIERNO DE ESPAÑA, EXPRESADOS EN EL PLAN DE ACCION DE EDUCACION AMBIENTAL PARA LA SOSTENIBILIDAD (PAEAS, 2021), REQUIEREN DE UNA RED COMO ESTA PARA TRASLADARSE MAS AGILMENTE A LA INVESTIGACION Y LA PRACTICA DE LA EDUCACION AMBIENTAL Y DEL CAMBIO CLIMATICO. LA APUESTA DEL PACTO VERDE EUROPEO (2019) COMO HOJA DE RUTA HACIA LA SOSTENIBILIDAD REQUIERE DE UN CAMBIO SIGNIFICATIVO DE LAS ESTRATEGIAS EDUCATIVAS QUE ESTA RED PUEDE ANALIZAR Y RECOMENDAR PARA LOGRAR LOS GRANDES OBJETIVOS DE DESCARBONIZACION, QUE SON ESENCIALES PARA EVITAR LOS PEORES ESCENARIOS CLIMATICOS. LA TRANSICION ECOLOGICA JUSTA REQUIERE DE LA EDUCACION COMO ELEMENTO ESENCIAL QUE PERMITA QUE LAS SOLUCIONES AMBIENTALES Y CLIMATICAS BENEFICIEN A TODAS Y TODOS EN LA SOCIEDAD.
ESTA RED RESPONDE A LA NECESIDAD IMPERIOSA DE INTEGRAR CONOCIMIENTOS Y ESFUERZOS EN EL AMBITO DE LA EDUCACION AMBIENTAL Y LA SOSTENIBILIDAD, AREAS QUE REQUIEREN DE UN ENFOQUE MULTI, INTER, TRANSDISCIPLINARIO Y COLABORATIVO PARA GENERAR SOLUCIONES EFECTIVAS Y DURADERAS. LA RED PROPUESTA BUSCA FORTALECER LA CAPACIDAD DEL SISTEMA ESPAÑOL DE CIENCIA, TECNOLOGIA E INNOVACION PARA ENFRENTAR ESTOS DESAFIOS MEDIANTE LA PROMOCION DE LA INVESTIGACION DE EXCELENCIA, LA COOPERACION Y MOVILIDAD ACADEMICA, LA TRANSFERENCIA DE CONOCIMIENTO Y LA FORMACION DE UNA CIUDADANIA COMPROMETIDA CON LA SOSTENIBILIDAD.
EL ANALISIS DEL ESTADO ACTUAL REVELA TANTO FORTALEZAS COMO DEBILIDADES EN EL ABORDAJE DE LA EDUCACION AMBIENTAL Y LA SOSTENIBILIDAD EN ESPAÑA. ENTRE LAS FORTALEZAS, DESTACA LA EXISTENCIA DE UNA SOLIDA BASE DE PERSONAS EXPERTAS INVESTIGADORAS Y ACADEMICAS ESPECIALIZADAS EN ESTAS AREAS, ASI COMO LA CRECIENTE CONCIENCIA PUBLICA SOBRE LA IMPORTANCIA DE LA SOSTENIBILIDAD. SIN EMBARGO, TAMBIEN SE IDENTIFICAN DEBILIDADES SIGNIFICATIVAS, COMO LA FRAGMENTACION DE LOS ESFUERZOS Y LA FALTA DE COORDINACION ENTRE DIFERENTES ACTORES E INSTITUCIONES. EN CUANTO A LAS OPORTUNIDADES, LA RED PUEDE CAPITALIZAR EL CRECIENTE INTERES Y APOYO A NIVEL NACIONAL E INTERNACIONAL PARA INICIATIVAS QUE ABORDEN EL CAMBIO CLIMATICO Y PROMUEVAN LA SOSTENIBILIDAD. SIN EMBARGO, LOS DESAFIOS SON IGUALMENTE IMPORTANTES, INCLUYENDO LA NECESIDAD DE ASEGURAR FINANCIACION ADECUADA, SUPERAR BARRERAS INSTITUCIONALES Y CULTURALES, Y FOMENTAR UNA COLABORACION EFECTIVA ENTRE DIVERSAS DISCIPLINAS Y DIFERENTES SECTORES DE LA SOCIEDAD. 
ESTA RED TEMATICA SE POSICIONA ESTRATEGICAMENTE PARA ABORDAR ESTAS NECESIDADES, FACILITANDO UN ESPACIO DE COMUNICACION, INTERCAMBIO DE CONOCIMIENTO Y COLABORACION ENTRE LA ACADEMICA, EL SECTOR EMPRESARIAL Y LA SOCIEDAD. SU OBJETIVO ES POTENCIAR LA CAPACIDAD DEL SISTEMA ESPAÑOL DE CIENCIA, TECNOLOGIA E INNOVACION PARA GENERAR IMPACTOS SIGNIFICATIVOS EN LA EDUCACION AMBIENTAL, LA SOSTENIBILIDAD Y LA LUCHA CONTRA EL CAMBIO CLIMATICO."
FB:97853153;FB;Biodiversa+;2024;97853153;BioBoost+ – Boosting the Frequency and Scale of Marine Biodiversity Monitoring Using Digital Imagery and Artificial Intelligence;Generación y gestión del conocimiento;Fundación AZTI;;País Vasco;manual;;;2024;2027;0,00;0,00;Biodiversa +;resumen;https://fundacion-biodiversidad.es/proyecto_biodiversa/bioboost-boosting-the-frequency-and-scale-of-marine-biodiversity-monitoring-using-digital-imagery-and-artificial-intelligence/;"BioBoost+ está diseñado para mejorar el muestreo y la identificación, a través de la monitorización no invasiva, rentable y de alta frecuencia, de la biota marina mediante la aplicación de Inteligencia Artificial (IA) e imágenes digitales. Esto incluye el seguimiento a tiempo real a través de redes de cámaras y grupos de ciencia ciudadana. Estos métodos se aplicarán a una amplia gama de taxones, desde especies formadoras de hábitats (praderas marinas, lechos de moluscos y doseles de macroalgas), especies de importancia ecológica y económica (por ejemplo, peces costeros, langostas, aves playeras), especies invasoras y otros grupos poco estudiados (desde animales microscópicos hasta peces raros).
BioBoost+ mejora el seguimiento de la biodiversidad en los mares regionales europeos del Mediterráneo, el Mar del Norte y el Mar de Noruega para apoyar las intervenciones de conservación en curso, como los proyectos de restauración de hábitats y las áreas marinas protegidas (AMP).
Objetivos: Aprovechar las imágenes de biodiversidad para permitir flujos de datos y su análisis, desde la adquisición de imágenes mediante redes de cámaras in situ hasta la actualización automatizada de indicadores para apoyar la planificación, restauración, conservación y gestión de la biodiversidad marina;
Ampliar la adquisición de datos digitales mediante programas de ciencia ciudadana y otras partes interesadas (industria, científicos, responsables políticos), potenciando un enfoque multidisciplinar para ampliar las escalas de monitorización de la biodiversidad;
Automatizar los análisis de los datos sobre los hábitats de los fondos marinos (por ejemplo, praderas marinas, lechos marisqueros, bosques de macroalgas) y fomentar el uso de drones e imágenes por satélite para cartografiar las presiones humanas y evaluar el éxito de la restauración de hábitats y de las Áreas Marinas Protegidas;
Utilizar series temporales de alta frecuencia y análisis sistemáticos de datos sobre hábitats para obtener mejores mediciones de la biodiversidad en escenarios actuales y futuros de cambio climático, apoyando las políticas de adaptación y mitigación."
FECYT:2024-20596;FECYT;Fomento de la cultura científica 2024;2024;2024/20596;Mosquito Alert para jóvenes: fomentando vocaciones científicas a partir de la ciencia ciudadana;Categoría de proyectos d. Proyectos singulares · d.1 Ciencia Ciudadana;ASSOCIACIÓ MEDIAMBIENTAL XATRAC;;Cataluña;fuente;;;;;20000,00;78900,00;;categoria;https://www.convocatoria.fecyt.es/publico/Resolucion/__Recursos/Resolucion_definitiva_convocatoria_CC_2024.pdf;
FECYT:2024-20786;FECYT;Fomento de la cultura científica 2024;2024;2024/20786;ANDALUCIA + CIENCIA CIUDADANA;Categoría de proyectos d. Proyectos singulares · d.1 Ciencia Ciudadana;FUNDACIÓN DESCUBRE-FUNDACIÓN ANDALUZA PARA LA DIVULGACIÓN DE LA INNOVACIÓN Y EL CONOCIMIENTO;;Andalucía;fuente;;;;;30000,00;156491,00;;categoria;https://www.convocatoria.fecyt.es/publico/Resolucion/__Recursos/Resolucion_definitiva_convocatoria_CC_2024.pdf;
FECYT:2024-20830;FECYT;Fomento de la cultura científica 2024;2024;2024/20830;Proyecto BICHOCOMPO: Analizando la mesofauna del compostaje de biorresiduos TOTAL;Categoría de proyectos d. Proyectos singulares · d.1 Ciencia Ciudadana;AGENCIA ESTATAL CONSEJO SUPERIOR DE INVESTIGACIONES CIENTIFICAS;;Andalucía;fuente;;;;;11250,00;42100,00;;categoria;https://www.convocatoria.fecyt.es/publico/Resolucion/__Recursos/Resolucion_definitiva_convocatoria_CC_2024.pdf;
FECYT:2024-21230;FECYT;Fomento de la cultura científica 2024;2024;2024/21230;Mapeando barrios desfavorecidos de Bilbao: Fortaleciendo redes de apoyo comunitarias y prescripción social a través de Ciencia Ciudadana;Categoría de proyectos d. Proyectos singulares · d.1 Ciencia Ciudadana;UNIVERSIDAD DEL PAIS VASCO/EUSKAL HERRIKO UNIBERTSITATEA;;País Vasco;fuente;;;;;45000,00;90375,40;;categoria;https://www.convocatoria.fecyt.es/publico/Resolucion/__Recursos/Resolucion_definitiva_convocatoria_CC_2024.pdf;
FECYT:2024-21268;FECYT;Fomento de la cultura científica 2024;2024;2024/21268;Melanogaster AI Co-Fly;Categoría de proyectos d. Proyectos singulares · d.1 Ciencia Ciudadana;UNIVERSITAT AUTÒNOMA DE BARCELONA;;Cataluña;fuente;;;;;25000,00;68155,00;;categoria;https://www.convocatoria.fecyt.es/publico/Resolucion/__Recursos/Resolucion_definitiva_convocatoria_CC_2024.pdf;
FECYT:2024-21285;FECYT;Fomento de la cultura científica 2024;2024;2024/21285;Plastic Pirates en España: Ciencia ciudadana juvenil para estudiar la contaminación por plástico en los ríos europeos;Categoría de proyectos d. Proyectos singulares · d.1 Ciencia Ciudadana;FUNDACIÓ UNIVERSITÀRIA BALMES;;Cataluña;fuente;;;;;35000,00;63787,62;;categoria;https://www.convocatoria.fecyt.es/publico/Resolucion/__Recursos/Resolucion_definitiva_convocatoria_CC_2024.pdf;
FECYT:2024-21341;FECYT;Fomento de la cultura científica 2024;2024;2024/21341;Ciencia Ciudadana-Impronta Granada 2.0;Categoría de proyectos d. Proyectos singulares · d.1 Ciencia Ciudadana;UNIVERSIDAD DE GRANADA;;Andalucía;fuente;;;;;28000,00;73200,01;;categoria;https://www.convocatoria.fecyt.es/publico/Resolucion/__Recursos/Resolucion_definitiva_convocatoria_CC_2024.pdf;
FECYT:2024-21579;FECYT;Fomento de la cultura científica 2024;2024;2024/21579;Ciencia ciudadana y conflictos habitacionales: mapeando el problema de la vivienda en ciudades con fuerte presión turística;Categoría de proyectos d. Proyectos singulares · d.1 Ciencia Ciudadana;UNIVERSIDAD DE SEVILLA;;Andalucía;fuente;;;;;15000,00;59768,90;;categoria;https://www.convocatoria.fecyt.es/publico/Resolucion/__Recursos/Resolucion_definitiva_convocatoria_CC_2024.pdf;
FECYT:2024-21620;FECYT;Fomento de la cultura científica 2024;2024;2024/21620;MATERNIDADES SOSTENIBLES - Ciencia Ciudadana para comprender los aspectos psicológicos y emocionales que envuelven la maternidad;Categoría de proyectos d. Proyectos singulares · d.1 Ciencia Ciudadana;FUNDACIÓN PARA EL FOMENTO DE LA INVESTIGACIÓN SANITARIA Y BIOMÉDICA DE LA COMUNITAT VALENCIANA;;Comunidad Valenciana;fuente;;;;;25000,00;74842,53;;categoria;https://www.convocatoria.fecyt.es/publico/Resolucion/__Recursos/Resolucion_definitiva_convocatoria_CC_2024.pdf;
FECYT:2024-21671;FECYT;Fomento de la cultura científica 2024;2024;2024/21671;Corrientes de Vida: Proyecto de Ciencia Ciudadana para la Indagación Colectiva sobre las Aguas del Valle del Guadalhorce en la provincia de Málaga.;Categoría de proyectos d. Proyectos singulares · d.1 Ciencia Ciudadana;UNIVERSIDAD DE MÁLAGA;;Andalucía;fuente;;;;;15000,00;37800,00;;categoria;https://www.convocatoria.fecyt.es/publico/Resolucion/__Recursos/Resolucion_definitiva_convocatoria_CC_2024.pdf;
FECYT:2024-21685;FECYT;Fomento de la cultura científica 2024;2024;2024/21685;Mulleres raíz: ciencia ciudadana con mujeres del medio rural, de edad avanzada o con deterioro cognitivo, para la recuperación del patrimonio musical asociado a los oficios;Categoría de proyectos d. Proyectos singulares · d.1 Ciencia Ciudadana;AGENCIA ESTATAL CONSEJO SUPERIOR DE INVESTIGACIONES CIENTIFICAS;;Galicia;fuente;;;;;10000,00;52438,00;;categoria;https://www.convocatoria.fecyt.es/publico/Resolucion/__Recursos/Resolucion_definitiva_convocatoria_CC_2024.pdf;
FECYT:2024-21710;FECYT;Fomento de la cultura científica 2024;2024;2024/21710;Posidonia activa Badalona;Categoría de proyectos d. Proyectos singulares · d.1 Ciencia Ciudadana;ANEL.LIDES, S.L.;;Cataluña;fuente;;;;;4750,00;20200,00;;categoria;https://www.convocatoria.fecyt.es/publico/Resolucion/__Recursos/Resolucion_definitiva_convocatoria_CC_2024.pdf;
FECYT:2024-21763;FECYT;Fomento de la cultura científica 2024;2024;2024/21763;Surfing For Science;Categoría de proyectos d. Proyectos singulares · d.1 Ciencia Ciudadana;UNIVERSIDAD DE BARCELONA;;Cataluña;fuente;;;;;36000,00;78836,37;;categoria;https://www.convocatoria.fecyt.es/publico/Resolucion/__Recursos/Resolucion_definitiva_convocatoria_CC_2024.pdf;
FECYT:2024-21771;FECYT;Fomento de la cultura científica 2024;2024;2024/21771;KIDS Vall d'Hebron: Jóvenes Impulsando la Ciencia Ciudadana y la Comunicación Científica;Categoría de proyectos a. Proyectos de comunicación social de la ciencia y la tecnología · a.1.2 Nuevos proyectos;FUNDACIÓ HOSPITAL UNIVERSITARI VALL D'HEBRON INSTITUT DE RECERCA (VHIR);;Cataluña;fuente;;;;;25000,00;54021,43;;titulo;https://www.convocatoria.fecyt.es/publico/Resolucion/__Recursos/Resolucion_definitiva_convocatoria_CC_2024.pdf;
AEI:CNS2023-145143;AEI;Proyectos Consolidación Investigadora;2023;CNS2023-145143;NARATIVAS DE CAMBIO CLIMATICO Y STORYLINES PARA CERRAR LA BRECHA ENTRE CONOCIMIENTO Y ACCION CLIMATICA;Ciencias y tecnologías medioambientales · Ciencias de la Tierra y del agua;BARCELONA SUPERCOMPUTING CENTER   CENTRO NACIONAL DE SUPERCOMPUTACION;S0800099D;Cataluña;fuente;BARCELONA;;;;199462,04;0,00;;resumen;https://www.aei.gob.es/ayudas-concedidas/buscador-ayudas-concedidas?code=CNS2023-145143;"A MEDIDA QUE EL MUNDO SE ACERCA AL LIMITE PLANETARIO DE LOS 1,5 GRADOS Y NO LOGRA REDUCIR ADECUADAMENTE LAS EMISIONES DE GASES DE EFECTO INVERNADERO, LOS ACTORES DE TODOS LOS SECTORES SOCIO-ECONOMICOS Y ESCALAS NECESITAN DESARROLLAR RAPIDAMENTE RESPUESTAS ADECUADAS PARA GARANTIZAR UN FUTURO HABITABLE. SIN EMBARGO, EXISTE UNA ""BRECHA DE USABILIDAD"" RECONOCIDA EN LA CIENCIA DEL CLIMA, QUE HACE QUE A PESAR DE CONTAR CON DATOS CLIMATICOS DE MEJOR CALIDAD, ESTOS DATOS RARA VEZ SE INCORPOREN EN LA POLITICA Y LA PLANIFICACION. EL OBJETIVO PRINCIPAL DE CLIMA-GAP ES CONTRIBUIR A REDUCIR LA BRECHA ENTRE EL CONOCIMIENTO Y LA ACCION CLIMATICA, CENTRANDOSE EN COMO LOS SERVICIOS CLIMATICOS PUEDEN CONTRIBUIR A ABORDAR ESTE DESAFIO. EL PROYECTO PARTE DE LA HIPOTESIS DE QUE LAS NARRATIVAS LOCALES TIENEN EL POTENCIAL DE DAR FORMA A ESTRATEGIAS DE ADAPTACION FUTURA Y, POR LO TANTO, PUEDEN PROPORCIONAR HERRAMIENTAS PARA LLENAR LA BRECHA ENTRE EL CONOCIMIENTO Y LA ACCION. PARTIENDO DE LAS EXPERIENCIAS DE DIFERENTES INICIATIVAS, EL PROYECTO MAPEARA LAS NARRATIVAS DEL CAMBIO CLIMATICO QUE UTILIZAN LOS SERVICIOS CLIMATICOS PARA LA ADAPTACION. ASI, EN EL PROYECTO SE DESARROLLARA Y COMPARTIRA UNA BASE DE DATOS SISTEMATICAMENTE ESTRUCTURADA PARA DOCUMENTAR LAS NARRATIVAS A TRAVES DE UNA PLATAFORMA EN LINEA DONDE LOS USUARIOS PODRAN EXPLORAR LA GEOGRAFIA DE LAS NARRATIVAS Y CONTRIBUIR CON UNA NUEVA NARRATIVA, EN EL ESPIRITU DE LAS ACTIVIDADES DE CIENCIA CIUDADANA. EL ANALISIS DE LAS NARRATIVAS AYUDARA A LAS COMUNIDADES DE SERVICIOS CLIMATICOS Y ADAPTACION CLIMATICA A ENTENDER MEJOR LOS CONTEXTOS Y LAS CONDICIONES EN LAS QUE PROSPERAN LOS SERVICIOS CLIMATICOS, ASI COMO LOS VALORES Y CARACTERISTICAS QUE CONDUCEN A UNA ADAPTACION CLIMATICA ""EXITOSA"". ADEMAS, EL PROYECTO CO-DESARROLLARA STORYLINES APLICANDO UN NUEVO ENFOQUE TRANSDISCIPLINAR PARA EXPLORAR FUTUROS PLAUSIBLES BAJO DIFERENTES NIVELES DE CALENTAMIENTO GLOBAL. ESTE NUEVO ENFOQUE INVOLUCRARA A DIFERENTES DISCIPLINAS ACADEMICAS Y ACTORES NO ACADEMICAS QUE TRADICIONALMENTE NO HAN TOMADO PARTE EN LA CONVERSACION, PARA GENERAR METODOS CREATIVOS DE ESCENARIOS BOTTOM UP QUE PRESENTEN TRAYECTORIAS HACIA UN FUTURO MAS RESILIENTE AL CAMBIO CLIMATICO. DISCIPLINAS COMO LAS CIENCIAS SOCIALES Y DE LA COMUNICACION, LAS CIENCIAS COGNITIVAS, LA PSICOLOGIA DEL COMPORTAMIENTO, EL ANALISIS DE REDES SOCIALES, LA EXPERIENCIA DEL USUARIO Y LA VISUALIZACION DE DATOS, ENTRE OTRAS, JUGARAN UN PAPEL CLAVE. LOS POTENCIALES USUARIOS DE DIFERENTES SECTORES SOCIO-ECONOMICOS TAMBIEN PARTICIPARAN EN EL PROCESO CON EL OBJETIVO DE OBTENER STORYLINES QUE SEAN MAS REALISTAS, PROCESABLES Y UTILIZABLES. SE ESPERA QUE CLIMA-GAP CONSTITUYA UN CAMBIO DE PARADIGMA EN LA GENERACION DE CONOCIMIENTO PARA LA ADAPTACION CLIMATICA, BASANDOSE EN PROCESOS DE DESARROLLO DE NARRATIVAS Y STORYLINES, ASI COMO EN LA TRANSDISCIPLINARIEDAD, PARA PRODUCIR CIENCIA UTIL PARA LLENAR LA BRECHA ENTRE EL CONOCIMIENTO Y LA ACCION."
AEI:GPE2023-001333-P;AEI;Preparación y Gestión de Proyectos Europeos;2023;GPE2023-001333-P;Refuerzo de la competitividad de la Fundación Ibercivis en programas de I+D europeos;;FUNDACION IBERCIVIS;G99330094;Aragón;fuente;ZARAGOZA;;;;150000,00;0,00;;resumen;https://www.aei.gob.es/ayudas-concedidas/buscador-ayudas-concedidas?code=GPE2023-001333-P;"El plan de refuerzo de la competitividad de la Fundación Ibercivis en programas de I+D europeos tiene como objetivo principal es consolidar a la fundación como una entidad representativa de la ciencia ciudadana a nivel nacional e internacional. Esto se conseguirá gracias a su participación en proyectos europeos de I+D+i, en los que desarrollará avances científico-tecnológicos, metodologías y recursos relevantes tanto para la ciencia ciudadana como para disciplinas relacionadas. De esta manera, y a través de sinergias con entidades punteras a nivel europeo, Ibercivis será capaz de actuar como entidad tractora del estado del arte en ciencia ciudadana del nivel internacional al territorio nacional, potenciando así tanto la realización de nuevas iniciativas en España como el aumento de su calidad y robustez. Para ello, se llevarán a cabo las siguientes acciones:
i) Refuerzo de la OPE a través de la contratación de 2 personas adicionales, concretamente un perfil senior con más de 3 años de experiencia en preparación y gestión de propuestas en programas de I+D+i europeos (Horizon 2020, Horizon Europe y similares), así como un perfil de project manager para asumir la administración, gestión y justificación económica de los proyectos financiados.
ii) Formación del personal de la OPE a través de la realización del curso de ""Experto en Proyectos Europeos"", organizado por el Campus de Excelencia Internacional del Valle del Ebro. 
iii) Asistencia a brokerage events organizados en Bruselas, eventos online sobre las novedades de Horizon Europe (infodays) y otros eventos sectoriales, con el fin de ampliar la cartera de contactos y generar oportunidades de colaboración con otras entidades.
iv) Presentación de 24 propuestas de Horizon Europe en colaboración para el periodo de la actuación.
v) Coordinación de, al menos, 1 de los proyectos financiados."
AEI:PCI2023-145963-2;AEI;Proyectos Programación Conjunta Internacional;2023;PCI2023-145963-2;BUILDING A SCALABLE WILDLIFE MONITORING SYSTEM BY INTEGRATING REMOTE CAMERA SAMPLING AND ARTIFICIAL INTELLIGENCE WITH ESSENTIAL BIODIVERSITY VARIABLES;Ciencias y tecnologías medioambientales · Biodiversidad;UNIVERSIDAD DE HUELVA;Q7150008F;Andalucía;fuente;HUELVA;;;;215380,00;0,00;;resumen;https://www.aei.gob.es/ayudas-concedidas/buscador-ayudas-concedidas?code=PCI2023-145963-2;"ANTE LA ACTUAL CRISIS AMBIENTAL Y DE BIODIVERSIDAD LA MONITORIZACION DE LA VIDA SILVESTRE ES FUNDAMENTAL PARA ENTENDER Y SABER COMO GESTIONARLA. LA COMBINACION LOS AVANCES RECIENTES EN LA DETECCION DE LA BIODIVERSIDAD, COMO SON LAS CAMARAS TRAMPA, LAS TECNOLOGIAS DE CLASIFICACION DE IMAGENES, LAS PLATAFORMAS DE CIENCIA CIUDADANA Y EL APRENDIZAJE AUTOMATICO, PROPORCIONAN UN MODO DE SEGUIMIENTO EFICAZ DE LA VIDA SILVESTRE. SIN EMBARGO, TODAVIA EXISTEN ALGUNOS OBSTACULOS, COMO SON EL ALTO COSTE DE LA REVISION MANUAL DE LAS IMAGENES PARA CONVERTIR LAS IMAGENES EN DATOS ANALIZABLES, Y LA FALTA DE FLUJOS DE TRABAJO AUTOMATIZADOS. ESTAS LIMITACIONES HAN OBSTACULIZADO LA CAPACIDAD PARA INNOVAR Y ARMONIZAR METODOS Y HERRAMIENTAS PARA RECOPILAR Y GESTIONAR DATOS DE SEGUIMIENTO DE LA BIODIVERSIDAD Y PODER TOMAR MEDIDAS OPORTUNAS DE CONSERVACION Y GESTION.
EN ESTE PROYECTO, DESARROLLAREMOS UN MARCO DE MONITORIZACION ESCALABLE QUE SE BASE EN LA ELABORACION DE PROCEDIMIENTOS ARMONIZADOS Y REPRODUCIBLES A LO LARGO DEL CICLO DE TOMA DE DATOS, DESDE LA CAPTURA DE IMAGENES HASTA EL PROCESAMIENTO, LA ANOTACION, EL INTERCAMBIO Y LA ESTIMACION POSTERIOR DE LAS VARIABLES ESENCIALES DE LA BIODIVERSIDAD (EBV). ESTE SISTEMA LO PONDREMOS EN FUNCIONAMIENTO EN CUATRO AREAS DE ESTUDIO REPRESENTATIVAS DE CUATRO ECOSISTEMAS Y REGIONES BIOGEOGRAFICAS DIFERENTES DE EUROPA. COMBINAREMOS EL USO DE LAS CAMARAS TRAMPA, CIENCIA CIUDADANA, APRENDIZAJE PROFUNDO (REDES NEURONALES CONVOLUCIONALES) Y MODELADO JERARQUICO PARA OBTENER ESTIMACIONES DEMOGRAFICAS NO SESGADAS DE LAS POBLACIONES Y DE LAS DINAMICAS DE LA COMUNIDAD, Y MEDIANTE EL SEGUIMIENTO DE LAS LAS VARIABLES ESENCIALES DE BIODIVERSIDAD PODER MEDIR LOS CAMBIOS EN LA BIODIVERSIDAD. NUESTRO PROYECTO GENERARA PRODUCTOS QUE CUALQUIER OTRO INTERESADO PODRA REUTILIZAR. ESTOS PRODUCTOS INCLUYEN LA INFRAESTRUCTURA INFORMATICA NECESARIA PARA PROCESAR LAS FOTOGRAFIAS Y TRADUCIRLAS A EBV, LA AUTOMATIZACION DE LA OBTENCION DE OTRAS ESTADISTICAS RELACIONADAS CON LA CONSERVACION, ASI COMO REDES NEURONALES CONVOLUCIONALES ADAPTADAS A LOS CUATRO SISTEMAS DE ESTUDIO QUE PUEDEN SER FACILES DE USAR Y DE REUSAR EN OTROS CONTEXTOS. DIFUNDIREMOS NUESTROS RESULTADOS EN TIEMPO REAL A TRAVES DE UN SITIO WEB DEDICADO AL PROYECTO Y MOVILIZAREMOS LOS DATOS A TRAVES DEL GLOBAL BIODIVERSITY INFORMATION FACILITYE (GBIF). PROPORCIONAREMOS HERRAMIENTAS DE APOYO Y DESARROLLO DE CAPACIDADES PARA FACILITAR LA APLICACION DEL SISTEMA A OTRAS AREAS, AYUDANDO A MOVILIZAR Y OPTIMIZAR LOS DATOS EXISTENTES Y FOMENTAR LOS PROYECTOS DE CAMARAS TRAMPA.
NUESTRO EXPERIMENTADO CONSORCIO DE CINCO GRUPOS DE INVESTIGACION INCLUYE EXPERTOS DE DIVERSAS DISCIPLINAS (ECOLOGIA Y BIOLOGIA DE LA CONSERVACION, MATEMATICAS, CIENCIAS COMPUTACIONALES Y GESTION DE BIG DATA) DE TODA EUROPA. ESTO GARANTIZA UN ENTORNO CIENTIFICO ALTAMENTE INTERDISCIPLINAR GARANTE PARA LOGRAR LOS OBJETIVOS DEL PROYECTO. COMBINAMOS LAS HABILIDADES DEL CONSORCIO CON UNA SOLIDA RED DE COLABORACION DE IMPLICADOS E INTERESADOS, LO CUAL ES FUNDAMENTAL PARA IMPLEMENTAR Y AMPLIAR EL MARCO DE MONITOREO PROPUESTO. ESTE PROYECTO CONTRIBUIRA A LA EXCELENCIA CIENTIFICA EUROPEA Y AL DESARROLLO DE CAPACIDADES AL PROPORCIONAR A CIENTIFICOS, ADMINISTRADORES Y RESPONSABLES POLITICOS UNA HERRAMIENTA DE INVESTIGACION Y MONITOREO DE LA BIODIVERSIDAD PARA GENERAR CONOCIMIENTO CRITICO, RESPALDAR EVALUACIONES Y PREDICCIONES PRECISAS, E IMPLEMENTAR ESTRATEGIAS DE GESTION OPORTUNAS Y BASADAS EN EVIDENCIA."
AEI:PCI2023-146013-2;AEI;Proyectos Programación Conjunta Internacional;2023;PCI2023-146013-2;MONITORING AND MAPPING FUNGAL DIVERSITY FOR NATURE CONSERVATION;Ciencias y tecnologías medioambientales · Biodiversidad;AGENCIA ESTATAL CONSEJO SUPERIOR DE INVESTIGACIONES CIENTIFICAS (CSIC);Q2818002D;Madrid;fuente;MADRID;;;;122210,00;0,00;;resumen;https://www.aei.gob.es/ayudas-concedidas/buscador-ayudas-concedidas?code=PCI2023-146013-2;"LOS HONGOS CONSTITUYEN UNO DE LOS GRUPOS DE ORGANISMOS MAS GRANDES DEL PLANETA Y TIENEN UNA IMPORTANCIA CENTRAL PARA EL FUNCIONAMIENTO DE LOS ECOSISTEMAS. MUCHOS HONGOS ESTAN ALTAMENTE ESPECIALIZADOS Y ASOCIADOS CON HABITATS AMENAZADOS, COMO BOSQUES ANTIGUOS, PASTIZALES ANTIGUOS Y BOSQUES EN SUELOS CALCAREOS O POBRES EN NUTRIENTES. TAMBIEN, DESEMPEÑAN UN PAPEL CRUCIAL EN EL CICLO DEL CARBONO, REGULANDO TANTO LA ABSORCION COMO LA LIBERACION DE CARBONO EN LOS ECOSISTEMAS TERRESTRES. A PESAR DE SU EVIDENTE RELEVANCIA PARA COMPRENDER LA NATURALEZA Y LOS CAMBIOS EN LOS ECOSISTEMAS, LOS HONGOS TRADICIONALMENTE HAN SIDO IGNORADOS EN LA CONSERVACION DE LA BIODIVERSIDAD. NO FUERON INCLUIDOS EN EL CONVENIO DE BERNA NI EN LA DIRECTIVA DE HABITATS DE LA UE Y, POR LO TANTO, LA CONSERVACION DE LOS HONGOS ESTA MEDIADA PRINCIPALMENTE POR INICIATIVAS LOCALES Y NACIONALES DE NATURALEZA VARIABLE. 

LA COMPRENSION DE LOS HONGOS COMO ACTORES CRUCIALES DEL ECOSISTEMA. LOS NUEVOS ENFOQUES METODOLOGICOS HAN PERMITIDO UNA COMPRENSION MUCHO MAS PROFUNDA DE LA BIODIVERSIDAD Y LA BIOGEOGRAFIA DE LOS HONGOS. EN PRIMER LUGAR, LA CIENCIA CIUDADANA HA SURGIDO COMO UN ENFOQUE MUY ATRACTIVO PARA LA RECOPILACION DE DATOS QUE INVOLUCRA A UNA RICA COMUNIDAD DE MICOLOGOS AFICIONADOS. ESTO HA IMPULSADO LA RECOPILACION DE DATOS SOBRE BIODIVERSIDAD DE HONGOS, Y EL FONDO MUNDIAL DE INFORMACION SOBRE BIODIVERSIDAD (GBIF) AHORA ALMACENA MAS DE 26 MILLONES DE REGISTROS DE HONGOS, PRINCIPALMENTE DE CIENCIA CIUDADANA. EN SEGUNDO LUGAR, EL DESARROLLO DE HERRAMIENTAS MOLECULARES QUE NOS PERMITEN EXPLORAR EL ADN DE HONGOS AMBIENTALES (EDNA) DE DIFERENTES SUSTRATOS HA IMPULSADO NUESTRA CAPACIDAD PARA EXPLORAR COMUNIDADES DE HONGOS. ACTUALMENTE, MAS DE 600 MILLONES DE REGISTROS DE HONGOS BASADOS EN EDNA ESTAN DISPONIBLES A TRAVES DE BASES DE DATOS ABIERTAS. FINALMENTE, LOS HONGOS HAN ENTRADO EN LA AGENDA DE CONSERVACION GLOBAL, CON CASI 600 ESPECIES EVALUADAS PARA LA LISTA ROJA DE LA UNION INTERNACIONAL PARA LA CONSERVACION DE LA NATURALEZA (UICN) HASTA EL MOMENTO.

A PESAR DE LOS OBVIOS POTENCIALES SINERGICOS, LA EXPLORACION DE LA BIODIVERSIDAD FUNGICA POR PARTE DE LA CIENCIA CIUDADANA Y EL EDNA SE HAN ESTADO DESARROLLANDO EN PARALELO, SIENDO EXCEPCIONES ALGUNOS PROYECTOS A ESCALA NACIONAL. EN TEORIA, CADA ENFOQUE PODRIA CONDUCIR A CONOCIMIENTOS IMPORTANTES SOBRE LA BIODIVERSIDAD DE LOS HONGOS Y, POR LO TANTO, PROPORCIONAR INFORMACION PARA ESTRATEGIAS DE CONSERVACION TRANSNACIONALES. SIN EMBARGO, COMO CADA UNO DE ELLOS CAPTURA SOLO CIERTOS ASPECTOS DE LOS CICLOS DE VIDA DE LOS HONGOS, UN ENFOQUE DE VIA UNICA PROHIBE UNA VISION COMPLEMENTARIA SOBRE DONDE EXISTEN Y SE REPRODUCEN LAS ESPECIES, LO QUE PODRIA CONDUCIR A ESTRATEGIAS DE CONSERVACION SESGADAS SI SOLO SE CONSIDERA UN ENFOQUE.

NUESTRO OBJETIVO GENERAL EN FUNDIVE ES UNIR LOS DOS ENFOQUES, EVALUANDO LAS FORTALEZAS Y DEBILIDADES DE CADA UNO Y EXPLORANDO LOS POTENCIALES COMPLEMENTARIOS. UNA LIMITACION CRITICA A ESE RESPECTO ES QUE LA CIENCIA CIUDADANA Y EL EDNA SE BASAN EN CONCEPTOS DE ESPECIES DIFERENTES. MIENTRAS QUE LA CIENCIA CIUDADANA TRADICIONALMENTE SE BASA EN UN CONCEPTO DE ESPECIE MORFOLOGICA (MSC), LOS ENFOQUES EDNA SE BASAN EN HIPOTESIS DE ESPECIES (SH) A PARTIR DE SECUENCIAS. 

POR LO TANTO, UN OBJETIVO ADICIONAL EN FUNDIVE ES PROPORCIONAR UNA PLATAFORMA MEJOR PARA LA DENOMINACION CONSISTENTE DE TAXONES DE HONGOS."
AEI:PCI2023-146021-2;AEI;Proyectos Programación Conjunta Internacional;2023;PCI2023-146021-2;MONITORING AND MAPPING FUNGAL DIVERSITY FOR NATURE CONSERVATION;Ciencias y tecnologías medioambientales · Biodiversidad;CONSORCI CENTRE DE CIÈNCIA I TECNOLOGIA FORESTAL DE CATALUNYA;Q7550005H;Cataluña;fuente;LERIDA;;;;122210,00;0,00;;resumen;https://www.aei.gob.es/ayudas-concedidas/buscador-ayudas-concedidas?code=PCI2023-146021-2;"LOS HONGOS CONSTITUYEN UNO DE LOS PRINCIPALES GRUPOS DE ORGANISMOS DEL PLANETA Y TIENEN UNA IMPORTANCIA CENTRAL PARA EL FUNCIONAMIENTO DE LOS ECOSISTEMAS. A PESAR DE SU OBVIA RELEVANCIA PARA COMPRENDER LA NATURALEZA Y EL CAMBIO DE LOS ECOSISTEMAS, TRADICIONALMENTE NO HAN SIDO CONSIDERADOS EN LA CONSERVACION Y EL MONITOREO DE LA BIODIVERSIDAD, LO QUE IMPLICA UN GRAN VACIO DE CONOCIMIENTO. ESTE PROYECTO TIENE EL OBJETIVO GENERAL DE LLENAR DICHO VACIO, CONTRIBUYENDO A VISIBILIZAR LA IMPORTANCIA DE LOS HONGOS EN EL MAPA DE LA BIODIVERSIDAD. UTILIZARA DATOS DE CIENCIA CIUDADANA EXISTENTES PARA EXPLORAR LOS CAMBIOS ESPACIOTEMPORALES EN LAS COMUNIDADES DE HONGOS Y ANALIZAR EN QUE MEDIDA LA DIRECTIVA HABITATS CONSIDERA LA BIODIVERSIDAD DE LOS HONGOS. ADEMAS, DESARROLLARA Y PROBARA NUEVAS HERRAMIENTAS Y METODOS PARA EL MAPEO Y MONITOREO DE LA BIODIVERSIDAD DE HONGOS, COMBINANDO CIENCIA CIUDADANA Y MUESTREO ESTANDARIZADO DE ADN AMBIENTAL (EDNA). FINALMENTE, UN OBJETIVO IMPORTANTE ES CONSOLIDAR LOS RECURSOS DE DATOS ABIERTOS QUE SUSTENTAN LA COLABORACION EN MATERIA DE BIODIVERSIDAD DE HONGOS, MEJORANDO SUSTANCIALMENTE LA IDENTIFICACION TAXONOMICA Y LOS DATOS DE HONGOS A PARTIR DE ADN. EN GENERAL, EL PROYECTO ABORDARA LOS TRES TEMAS DE LA CONVOCATORIA BIODIVERSA.

EL PROYECTO ESTA ESTRUCTURADO EN LOS SIGUIENTES CINCO PAQUETES DE TRABAJO (WP) TEMATICOS, ADEMAS DE UN SEXTO PAQUETE DE TRABAJO DEDICADO A LA COORDINACION Y GESTION DEL PROYECTO:

1. MEJORAR LA IDENTIFICACION Y LA COMUNICACION INEQUIVOCA SOBRE ESPECIES DE HONGOS
2. APLICACION Y MEJORA DE HERRAMIENTAS DE IA PARA EL SEGUIMIENTO DE HONGOS
3. INVOLUCRAR A CIENTIFICOS CIUDADANOS EN EL DESCUBRIMIENTO Y MONITOREO DE LA BIODIVERSIDAD
4. MUESTREO DE COMUNIDADES FUNGICAS POR EDNA
5. ANALISIS DE PATRONES ESPACIOTEMPORALES DE BIODIVERSIDAD DE HONGOS.

EL PROYECTO INVOLUCRARA A INFORMATICOS, BIOINFORMATICOS, ECOLOLOGOS, TAXONOMOS Y CIENTIFICOS CIUDADANOS QUE COLABORAN PARA RESOLVER CUESTIONES DE INTERES PARA LA SOCIEDAD. ES NOVEDOSO Y BUSCA EL MAXIMO IMPACTO APLICADO COMBINANDO DIFERENTES HERRAMIENTAS DE MANERA INNOVADORA. EL CONSORCIO DETRAS DEL PROYECTO TIENE UNA SOLIDA TRAYECTORIA DE COLABORACIONES ANTERIORES Y UNE TRADICIONES DE INVESTIGACION EN EL NORTE, CENTRO Y SUR DE EUROPA, ASEGURANDO LA TRANSFERENCIA DE CONOCIMIENTO ENTRE REGIONES Y UN AMPLIO ALCANCE GEOGRAFICO SOBRE EL TERRENO.

EL PROYECTO NO SOLO PROPORCIONARA UNA VISION MUY NECESARIA SOBRE EL ESTADO DE CONSERVACION DE LOS HONGOS EN EUROPA. DEBIDO A LAS FUNCIONES CRITICAS QUE DESEMPEÑAN LOS HONGOS EN LOS ECOSISTEMAS Y SU SENSIBILIDAD AL CAMBIO EN LOS ECOSISTEMAS, UNA MEJOR COMPRENSION DE LA DIMENSION FUNGICA DE LA BIODIVERSIDAD SERA DE GRAN IMPORTANCIA PARA COMPRENDER, DE MANERA MAS AMPLIA, COMO EL CAMBIO GLOBAL AFECTA LOS ECOSISTEMAS Y LOS SERVICIOS ECOSISTEMICOS ASOCIADOS A LOS HONGOS. FINALMENTE, CREEMOS QUE EL PROYECTO TENDRA UN IMPACTO EN LA CONSERVACION Y EL MONITOREO DE OTROS GRUPOS DE ORGANISMOS, AL MOSTRAR COMO LOS METODOS MOLECULARES Y DE INTELIGENCIA ARTIFICIAL EN COMBINACION CON UNA COMUNICACION INEQUIVOCA SOBRE LAS ESPECIES SE PUEDEN COMBINAR PARA AUMENTAR LA CREDIBILIDAD Y EL IMPACTO DE LOS DATOS SOBRE BIODIVERSIDAD."
AEI:PID2023-146088OB-C31;AEI;Proyectos de I+D+I (Generación de Conocimiento y Retos Investigación);2023;PID2023-146088OB-C31;CIENCIA JOVEN CIUDADANA. INVESTIGANDO PARA ENFRENTAR RETOS GLOBALES;Ciencias de la educación · Ciencias de la educación;UNIVERSIDAD DE CANTABRIA;Q3918001C;Cantabria;fuente;CANTABRIA;;;;49875,00;0,00;;palabras-clave;https://www.aei.gob.es/ayudas-concedidas/buscador-ayudas-concedidas?code=PID2023-146088OB-C31;LOS RESULTADOS DEL ESTUDIO INTERNACIONAL DE LA EDUCACION CIVICA Y CIUDADANA (ICSS, 2022) MUESTRAN QUE DURANTE LOS ULTIMOS AÑOS HAN DESCENDIDO LOS CONOCIMIENTOS CIVICOS DE LAS PERSONAS JOVENES (COMPARATIVA CON LAS EDICIONES DE 2009 Y 2016 DEL ESTUDIO) Y EVIDENCIAN QUE TENER UN MAYOR CONOCIMIENTO DE TEMAS CIVICOS SE ASOCIA DIRECTAMENTE CON UNA MEJORA EN SU COMPROMISO Y ACTITUDES HACIA CUESTIONES COMO LA SOSTENIBILIDAD MEDIOAMBIENTAL, LA RESPUESTA A RETOS MIGRATORIOS O LA CONSTRUCCION DE MODELOS DE CIUDADANIA GLOBAL. ESTE MISMO INFORME SUBRAYA LA NECESIDAD DE DESARROLLAR INVESTIGACIONES QUE COMPRENDAN COMO MEJORAR LA EFICACIA DE LAS PRACTICAS EDUCATIVAS DIRIGIDAS AL DESARROLLO CIUDADANO DE LA JUVENTUD. EN NUESTRA ANTERIOR INVESTIGACION PUDIMOS CONSTATAR QUE LOS PROFESIONALES INVOLUCRADOS EN EL DESARROLLO DE ESTE TIPO DE COMPETENCIAS CIVICAS IDENTIFICAN BARRERAS (CURRICULARES, ORGANIZATIVAS Y DE POLITICA EDUCATIVA) QUE ESTAN DIFICULTANDO SU DESARROLLO. A ESAS BARRERAS HAY QUE AÑADIR LAS LIMITACIONES QUE ESTOS PROFESIONALES MANIFESTARON PARA ACOMPAÑAR A LAS PERSONAS JOVENES A LA HORA DE COMPRENDER, INFORMARSE Y VALORAR CRITICAMENTE LA INFORMACION RELACIONADA CON LOS RETOS GLOBALES A LOS QUE SE ENFRENTAN. TAMBIEN CONSTATAMOS QUE ESTO ULTIMO CORRELACIONA DIRECTAMENTE CON LOS BAJOS NIVELES DE ALFABETIZACION INFORMACIONAL QUE PRESENTAN LAS PERSONAS JOVENES QUE PARTICIPARON EN NUESTRA ANTERIOR INVESTIGACION, EN UN MOMENTO EN EL QUE UTILIZAN DE FORMA MASIVA MEDIOS DIGITALES Y EN LOS QUE CADA VEZ RESULTA MAS DIFICIL VERIFICAR LOS HECHOS. TAMBIEN SON MEDIOS EN LOS QUE CADA VEZ ESTAN MAS PRESENTES DIFERENTES MANIFESTACIONES Y ACTORES QUE PROPAGAN INFORMACION FALSA SOBRE PROBLEMAS GLOBALES. PARA QUE LAS PERSONAS JOVENES DESARROLLEN UN MODELO DE CIUDADANIA GLOBAL CONSCIENTE Y SENSIBLE A LOS RETOS A LOS QUE SE ENFRENTA LA HUMANIDAD EN ESTE MOMENTO, ES NECESARIO COMBINAR DOS FACTORES INTIMAMENTE RELACIONADOS: LA MEJORA DE SUS NIVELES DE ACCESO, ANALISIS Y EVALUACION DE LA INFORMACION QUE CONSUMEN COTIDIANAMENTE (ALFABETIZACION INFORMACIONAL) Y EL DESARROLLO DE COMPETENCIAS QUE MEJOREN SU AGENCIA PARA INDAGAR EN AQUELLOS PROBLEMAS LOCALES Y GLOBALES A LOS QUE SE ENFRENTAN Y QUE LES AFECTAN. EL OBJETIVO DEL SUBPROYECTO ES ANALIZAR COMO LAS PERSONAS JOVENES (14-17 AÑOS) CONSTRUYEN CIUDADANIA GLOBAL CUANDO DESEMPEÑAN EL ROL DE CO-INVESTIGADORES SOBRE RETOS GLOBALES (A PARTIR DE UN PROCESO DE CO-INVESTIGACION ESTRUCTURADO EN 10 ETAPAS). LA INVESTIGACION TIENE 3 FASES (DIAGNOSTICA, DESARROLLO DE PROYECTOS DE CO-INVESTIGACION Y EVALUACION/DIFUSION) Y SE ASIENTA EN LOS PILARES DE LA TRADICION CUALITATIVA. SE INSPIRA EN METODOLOGIAS PARTICIPATIVAS, NARRATIVAS, INCLUSIVAS Y CON ENFOQUE DE GENERO, AL RECONOCER LAS DIVERSAS DE FORMAS EN LAS QUE LA JUVENTUD CONSTRUYE SU COMPROMISO CIVICO EN FUNCION DE SU SOCIALIZACION DE GENERO, CAPACIDADES, ETNIA, ETC. LA INVESTIGACION SE NUTRE DEL ENFOQUE GENERO-INCLUSION AL RECONOCER LAS APORTACIONES DE ESTOS ESTUDIOS AL CONCEPTO MISMO DE CIUDADANIA, EN ESCENARIOS PRESENCIALES Y VIRTUALES (P.E. IDENTIFICANDO EL ORIGEN ANDROCENTRICO Y CAPACITISTA DEL CONCEPTO) Y REVISANDO CRITICAMENTE LAS METODOLOGIAS DE INVESTIGACION. EL TRABAJO DESARROLLADO DESDE ESTE PROYECTO SERA UNA PIEZA FUNDAMENTAL PARA COMPRENDER LA DIVERSIDAD DE FORMAS EN LAS QUE SE MANIFIESTA EL COMPROMISO CIUDADANO DE LAS PERSONAS JOVENES, COMO TAMBIEN LAS BARRERAS Y FACILITADORES QUE APARECEN EN ESE PROCESO CUANDO ESTAS DESARROLLAN EL ROL DE CO-INVESTIGADORAS.
AEI:PID2023-146088OB-C32;AEI;Proyectos de I+D+I (Generación de Conocimiento y Retos Investigación);2023;PID2023-146088OB-C32;INVESTIGACION PARTICIPATIVA EN LABORATORIOS JUVENILES DE CIUDADANIA GLOBAL;Ciencias de la educación · Ciencias de la educación;UNIVERSIDAD DE OVIEDO;Q3318001I;Asturias;fuente;ASTURIAS;;;;37500,00;0,00;;resumen;https://www.aei.gob.es/ayudas-concedidas/buscador-ayudas-concedidas?code=PID2023-146088OB-C32;EN LOS ULTIMOS AÑOS, LA CIENCIA CIUDADANA SE HA CONVERTIDO EN UN MOVIMIENTO GLOBAL EN AUGE, SUS BENEFICIOS SOCIALES Y SU PODER TRANSFORMADOR SON OBJETO DE DEBATES POLITICOS Y CIENTIFICOS. ESTO EVIDENCIA, ENTRE OTRAS COSAS, EL DESEO DE LA SOCIEDAD DE PARTICIPAR MAS ACTIVAMENTE EN LA PRODUCCION DEL CONOCIMIENTO Y EN LA TOMA DE DECISIONES. MIENTRAS, EN EL AMBITO ACADEMICO CADA VEZ SON MAS EVIDENTES LOS BENEFICIOS DE ABRIR LA INVESTIGACION A LA SOCIEDAD. POR TODO ELLO, ESTE PROYECTO APUESTA POR LA PARTICIPACION CIUDADANA EN EL PROCESO DE CONSTRUCCION DE CONOCIMIENTO SOBRE CIUDADANIA GLOBAL A TRAVES DE UN TIPO DE INVESTIGACION QUE PERMITA CREAR ESTRATEGIAS SIGNIFICATIVAS PARA ABORDAR LOS DESAFIOS GLOBALES DE FORMA CONJUNTA. EL INFORME LABFABAPP (2017) SOBRE COMO MAXIMIZAR EL IMPACTO DE LA INVESTIGACION Y LA INNOVACION DE LA UE, RECOMIENDA EL DISEÑO DE PROGRAMAS DE INVESTIGACION CON MAYOR IMPACTO Y QUE INVOLUCREN A LOS CIUDADANOS EN LA CO-CREACION Y EL CO-DISEÑO. HAY MUCHAS RAZONES PARA QUE LA CIUDADANIA PARTICIPE EN ACTIVIDADES CIENTIFICAS Y DE INVESTIGACION, ESPECIALMENTE CUANDO SE TRATAN DE TEMAS DE CARACTER UNIVERSAL COMO LOS RETOS GLOBALES O EL DERECHO A LA INFORMACION Y LA VERACIDAD INFORMATIVA EN EL MUNDO DIGITAL. ESTA PARTICIPACION CIUDADANA PERMITE A LAS UNIVERSIDADES AMPLIAR SU ACCION INVESTIGADORA Y FORTALECER SUS VINCULOS CON LA SOCIEDAD, ASI COMO GANAR PRESENCIA EN ESPACIOS Y ASOCIARSE CON COLECTIVOS QUE PREVIAMENTE ESTABAN FUERA DE SU ALCANCE. TOMANDO ESTO EN CONSIDERACION, EN ESTE PROYECTO PLANTEAMOS LA CREACION DE LABORATORIOS JUVENILES QUE NOS PERMITAN COMPRENDER COMO LAS PERSONAS JOVENES ENTRE 14 Y 17 AÑOS CONSTRUYEN CIUDADANIA GLOBAL A PARTIR DE SU PARTICIPACION EN ESPACIOS QUE LES BRINDAN LA OPORTUNIDAD DE OCUPAR EL ROL DE INVESTIGADORES SOBRE LOS TEMAS SOCIALES QUE MAS LES PREOCUPAN. PARA ELLO, SE EMPLEA UN ENFOQUE DE INVESTIGACION EMINENTEMENTE DEMOCRATIZADOR QUE NOS PERMITE NO SOLO GENERAR CONOCIMIENTO Y EXPERIMENTAR CON METODOLOGIAS DE INVESTIGACION PARTICIPATIVAS Y DE COPRODUCCION, SINO QUE TAMBIEN POSIBILITA LA TOMA DE CONCIENCIA CRITICA DE LA JUVENTUD SOBRE SU REALIDAD MAS INMEDIATA (LOCAL) Y MAS LEJANA (GLOBAL). EN EL MARCO DEL PROYECTO COORDINADO, Y EN COHERENCIA CON LA METODOLOGIA ADOPTADA, EL SUBPROYECTO DE LA UNIVERSIDAD DE OVIEDO CONTRIBUIRA A TODAS LAS FASES DE LA INVESTIGACION APORTANDO ESPECIFICIDAD A NIVEL TERRITORIAL, ASI COMO ESPECIALIZACION EN ENFOQUE INCLUSIVO, METODOLOGIAS PARTICIPATIVAS DE INVESTIGACION  Y DIMENSION INTERCULTURAL, ASI COMO SU EXPERIENCIA EN EL ESTUDIO DE DE LA PARTICIPACION JUVENIL Y LA CONSTRUCCION DE CIUDADANIA EN LOS ESPACIOS VIRTUALES. EL PROYECTO ANALIZARA EL MARCO LEGAL Y NORMATIVO EN MATERIA DE EDUCACION Y COOPERACION DE LA COMUNIDAD AUTONOMA ASTURIANA Y MAPEARA LAS PRINCIPALES EXPERIENCIAS CON ENFOQUE JIRG (JOVENES INVESTIGADORES SOBRE RETOS GLOBALES). POR OTRO LADO, SE ORGANIZARAN LABORATORIOS JUVENILES QUE PERMITIRAN EXPERIMENTAR Y CO-INVESTIGAR CON LOS JOVENES CREANDO UN ESPACIO EN DONDE SE TRABAJARA DE FORMA CONJUNTA EN EL ACCESO AL CONOCIMIENTO Y SU CONSTRUCCION. NOS INTERESA DESARROLLAR UNA INVESTIGACION HORIZONTAL MAXIMIZANDO LA INTERACCION SOCIAL Y LA COOPERACION ENTRE EL MUNDO ACADEMICO Y LA COMUNIDAD. TODO ELLO ENRIQUECERA EL TRABAJO COORDINADO, CONTRASTANDOSE LOS RESULTADOS OBTENIDOS CON LOS OTROS SUBPROYECTOS.
AEI:PID2023-146210NB-I00;AEI;Proyectos de I+D+I (Generación de Conocimiento y Retos Investigación);2023;PID2023-146210NB-I00;EL OBSERVATORIO VIRTUAL ESPAÑOL. EXPLOTACION CIENTIFICO-TECNICA DE ARCHIVOS ASTRONOMICOS;Ciencias físicas · Astronomía y astrofísica;INSTITUTO NACIONAL DE TECNICA AEROESPACIAL ESTEBAN TERRADAS (INTA);Q2822003F;Madrid;fuente;MADRID;;;;335625,00;0,00;;resumen;https://www.aei.gob.es/ayudas-concedidas/buscador-ayudas-concedidas?code=PID2023-146210NB-I00;"LAS INFRAESTRUCTURAS ASTRONOMICAS TIENEN ASOCIADAS UNOS ELEVADOS COSTES DE PUESTA EN MARCHA Y OPERACION Y ES, POR TANTO, NECESARIO GARANTIZAR EL MAXIMO RETORNO CIENTIFICO DE LAS INVERSIONES REALIZADAS. EN ESTE CONTEXTO, LOS ARCHIVOS ASTRONOMICOS JUEGAN UN PAPEL FUNDAMENTAL.

EL OBJETIVO PRINCIPAL DEL OBSERVATORIO VIRTUAL (VO) ES GARANTIZAR EL ACCESO Y ANALISIS FACIL Y EFICIENTE DE LA INFORMACION ALOJADA EN LOS ARCHIVOS Y SERVICIOS ASTRONOMICOS. VO ES UNA INICIATIVA INTERNACIONAL CON EL POTENCIAL DE ABRIR NUEVAS LINEAS DE INVESTIGACION EN ASTRONOMIA. LA IMPORTANCIA DE VO COMO E-INFRAESTRUCTURA DE INVESTIGACION HA SIDO CLARAMENTE IDENTIFICADA POR LA UNION EUROPEA (QUE APOYO EL DESARROLLO Y PUESTA EN MARCHA DEL VO EUROPEO A TRAVES DE DIFERENTES PROYECTOS DE LOS PROGRAMAS MARCO VI Y VII Y QUE HA FACILITADO SU INTEGRACION EN EL EUROPEAN OPEN SCIENCE CLOUD (EOSC) EN EL MARCO DEL PROGRAMA H2020), ASI COMO POR OTROS CONSORCIOS INTERNACIONALES COMO ASTRONET. VO TAMBIEN ESTA EN PLENA CONSONANCIA CON LOS PRINCIPIOS EXPRESADOS EN EL PROGRAMA HORIZONTE EUROPA DE CREACION DE UN ECOSISTEMA INTEGRADO DE INFRAESTRUCTURAS DE INVESTIGACION Y TECNOLOGICAS DE CATEGORIA MUNDIAL, ABIERTAS Y ACCESIBLES PARA QUE TODO EL PERSONAL INVESTIGADOR APROVECHE SU POTENCIAL PARA EL AVANCE CIENTIFICO Y LA INNOVACION.

EL OBJETIVO PRINCIPAL DE ESTA PROPUESTA ES CONTINUAR CON LAS ACTIVIDADES QUE SE LLEVAN A CABO EN EL MARCO DEL OBSERVATORIO VIRTUAL ESPAÑOL (SVO, HTTPS://SVO.CAB.INTA-CSIC.ES), UNA INICIATIVA QUE ESTA FUNCIONANDO CON EXITO DESDE 2004. SVO COORDINA Y COLABORA CON LOS GRUPOS ASTRONOMICOS ESPAÑOLES CON INTERESES EN EL VO Y ACTUA COMO PUNTO UNICO DE CONTACTO PARA LAS INICIATIVAS INTERNACIONALES, EN PARTICULAR IVOA Y EURO-VO.

LA PROPUESTA QUE AQUI SE PRESENTA SE ENCUENTRA LIDERADA POR EL INTA A TRAVES DEL CAB (CENTRO DE ASTROBIOLOGIA) Y REPRESENTA LA CONTINUACION NATURAL DE LOS PROYECTOS AYA2004-00253 (2005), AYA2005-04286 (2006-2008), AYA2008-02156 (2009-2011), AYA2011-24052 (2012-2014) , AYA2014-55216 (2015-2017), AYA2017-84089 (2017-2020) Y PID2020-112949GB-I00 (2021-2024). TODOS ESTOS PROYECTOS HAN SIDO EVALUADOS MUY POSITIVAMENTE. EN LA MISMA LINEA SE EXPRESO LA COMUNIDAD ESPAÑOLA A TRAVES DE UN CUESTIONARIO DE SATISFACCION DISTRIBUIDO EN 2013.

EL PROYECTO SE ESTRUCTURA EN CUATRO GRANDES LINEAS DE TRABAJO / OBJETIVOS:

+ MEJORAR LAS PRESTACIONES DEL CENTRO DE DATOS CAB Y PRESTAR APOYO A OTROS CENTROS DE DATOS ESPAÑOLES.
+ FOMENTAR LAS COLABORACIONES EN CIENCIA-VO.
+ DESARROLLAR HERRAMIENTAS VO, CON ESPECIAL ENFASIS EN LAS HERRAMIENTAS DE MINERIA DE DATOS E INTELIGENCIA ARTIFICIAL .
+ DESARROLLAR ACTIVIDADES EDUCATIVAS Y DE CIENCIA CIUDADANA, INCLUYENDO INICIATIVAS PARA PERSONAS CON CAPACIDADES VISUALES LIMITADAS. 

LOS RESULTADOS PREVISTOS SON LOS SIGUIENTES:

+ UN MAYOR RENDIMIENTO EN LA EXPLOTACION DE LOS DATOS CIENTIFICOS DE LOS CENTROS DE DATOS ASTRONOMICOS ESPAÑOLES.
+ UN AUMENTO EN EL NUMERO DE PROYECTOS DE CIENCIA-VO A NIVEL NACIONAL. UN ELEMENTO CLAVE EN ESTE CONTEXTO SERA LA ORGANIZACION DE LAS ESCUELAS VO. 
+ UN ACERCAMIENTO DE LAS CAPACIDADES DE VO A EDUCADORES, ASTRONOMOS AFICIONADOS Y EL PUBLICO EN GENERAL. 

EL KNOW-HOW Y LA EXPERIENCIA ACUMULADA POR EL EQUIPO SOLICITANTE EN PROYECTOS ANTERIORES GARANTIZA LA AUSENCIA DE RIESGOS QUE PUEDAN PONER EN PELIGRO LA VIABILIDAD DEL PROYECTO."
AEI:PID2023-146317OB-I00;AEI;Proyectos de I+D+I (Generación de Conocimiento y Retos Investigación);2023;PID2023-146317OB-I00;AGROALIMENTACION TERRITORIALIZADA, MARCAS TERRITORIALES DE CALIDAD AGROALIMENTARIA Y BIODISTRITOS EN LOS PAISAJES DE LA DEHESA ESPAÑOLA;Ciencias sociales · Geografía;UNIVERSIDAD DE SEVILLA;Q4118001I;Andalucía;fuente;SEVILLA;;;;93750,00;0,00;;resumen;https://www.aei.gob.es/ayudas-concedidas/buscador-ayudas-concedidas?code=PID2023-146317OB-I00;"EL PROYECTO ATERBIODEHESA VERSA SOBRE MARCAS TERRITORIALES DE CALIDAD AGROALIMENTARIA; MAS ESPECIFICAMENTE SOBRE DENOMINACIONES DE ORIGEN PROTEGIDAS DEL CERDO IBERICO (DOPS), EN SUS RELACIONES CON LA DEHESA. LA FINALIDAD ES ANALIZARLAS, EN SUS EXPRESIONES TERRITORIALES Y CAPACIDADES ARTICULADORAS DE PROYECTOS DE DESARROLLO CONDUCENTES A LA TRANSICION AGROECOLOGICA Y LA CONFORMACION DE BIODISTRITOS. ELLO, DESDE UNA DOBLE ORIENTACION: ACADEMICA (AVANCE EN LOS CONOCIMIENTOS Y TRASLACIONES EMPIRICAS) Y APLICADA O DE TRANSFERENCIA DE CONOCIMIENTOS (ELABORACION DE UN VISOR CARTOGRAFICO E INICIACION DE UNA GUIA DE ITINERARIOS AGRO-PAISAJISTICOS). 
SU MARCO EPISTEMOLOGICO ES LA AGROALIMENTACION TERRITORIALIZADA, EN LO QUE TIENE QUE VER LA APUESTA POR SISTEMAS AGRARIOS DE ALTO VALOR NATURAL (DEHESAS), RAZAS AUTOCTONAS (CERDO IBERICO) Y REDES ALIMENTARIAS ALTERNATIVAS (DOPS). SUS IDEAS FUERZA O EJES VERTEBRADORES SON: TERRITORIALIDAD; SOSTENIBILIDAD; DESARROLLO; PAISAJES Y PATRIMONIOS ALIMENTARIOS; GOBERNANZA CIUDADANA; SINERGIAS; MIRADAS FEMENINAS Y JUVENTUD; AMEN DE TRANSFERENCIA E INTERNALIZACION. TODAS ELLAS REGIRAN EN LA FASE EJECUTIVA DEL PROYECTO, QUE SE PREVE DESARROLLAR EN DOS ESCALAS: LA TOTALIDAD DE LAS AREAS CONCERNIDAS POR ESTAS DOPS; Y DOS AMBITOS REPRESENTATIVOS PARA UN ANALISIS EN PROFUNDIDAD (SIERRA DE HUELVA Y COMARCA DE JEREZ DE LOS CABALLEROS). EL ESTUDIO SE ACOMETERA EN VARIAS DIRECCIONES: (I) SOSTENIBILIDAD DE LOS ENTRAMADOS DE PRODUCCION-ELABORACION-CONSUMO; (II) REVERSIBILIDADES AMBIENTALES Y CULTURALES, PARTICULARMENTE EN LO QUE TIENE QUE VER CON LOS RECURSOS PATRIMONIALES Y PAISAJISTICOS; (III) POTENCIALIDADES SINERGICAS; (IV) CAPITAL SOCIAL Y GOBERNANZA; Y (V) PARTICIPACIONES Y LIDERAZGOS FEMENINOS Y EXPECTATIVAS DE RELEVO GENERACIONAL. SE RECURRIRA A FUENTES INDIRECTAS (ESTADISTICAS, CARTOGRAFICAS, BIBLIOGRAFICAS Y DOCUMENTALES) Y DIRECTAS (ENTREVISTAS, GRUPOS DE DISCUSION Y TRABAJO DE CAMPO); SERAN TRATADAS CONFORME A LOS PRINCIPIOS DE COGENERACION DE CONOCIMIENTOS PROPIOS DE LA CIENCIA CIUDADANA, PRIORIZANDOSE LAS VISIONES FEMENINAS. 
LOS RESULTADOS SERAN COMUNICADOS MEDIANTE UN PLAN DE DIFUSION DISEÑADO EXPROFESO. SE PREVE UN ELEVADO IMPACTO SOCIAL, ECONOMICO E INSTITUCIONAL: POR EL ALCANCE DE SUS RESULTADOS DE TRANSFERENCIA EN TERRITORIOS DESPOBLADOS Y DESARTICULADOS QUE APUESTAN POR EL TURISMO RURAL Y AGROTURISMO COMO ESTRATEGIA MITIGADORA DE ATONIAS ECONOMICAS Y DEMOGRAFICAS; Y POR EL ELEVADO NUMERO DE INSTITUCIONES, ORGANIZACIONES Y ASOCIACIONES CONCERNIDAS. 
LOS EQUIPOS DE INVESTIGACION Y TRABAJO DISPONEN DE UN DILATADO BAGAJE Y PROPONEN UN PROYECTO DEUDOR DE SUS TRAYECTORIAS, QUE MIRA AL FUTURO ASUMIENDO LOS DESAFIOS DEL DEBATE AGROALIMENTARIO ACTUAL: PROVISION DE ALIMENTOS DE CALIDAD, A PARTIR DE CADENAS ALIMENTARIAS SOSTENIBLES Y JUSTAS; BUSQUEDA DE RENTABILIDAD ECONOMICA, EN MERCADOS CADA VEZ MAS COMPETITIVOS E INFORMADOS; PRESERVACION Y LEGADO DE PAISAJES VALIOSOS Y UN RICO PATRIMONIO AGROALIMENTARIO;  MANTENIMIENTO/ACRECENTAMIENTO DE LA AGROBIODIVERSIDAD Y LA RIQUEZA BIOCULTURAL; MITIGACION DE LA CRISIS AMBIENTAL Y EL CAMBIO CLIMATICO;  RECUPERACION Y DIGNIFICACION DE LA AGRICULTURA FRENTE A LOS PROCESOS DE DESAGRARIZACION; INCORPORACION DE LA PERSPECTIVA DE GENERO EN TODAS LAS FACETAS, AGRARIAS Y PARA AGRARIAS, Y EN EL CONJUNTO DE LOS ESLABONES DE LA CADENA DE LA ALIMENTACION. TODO ELLO, ABUNDANDO EN LA PRESENCIA Y FACTIBILIDAD DE LOS BIODISTRITOS COMO INSTRUMENTO DE DESARROLLO TERRITORIAL."
AEI:PID2023-146662OB-I00;AEI;Proyectos de I+D+I (Generación de Conocimiento y Retos Investigación);2023;PID2023-146662OB-I00;PAISAJES AGROALIMENTARIOS EN LAS MONTAÑAS ESPAÑOLAS. DIVERSIDAD BIOCULTURAL, INNOVACION SOCIAL Y DESARROLLO TERRITORIAL;Ciencias sociales · Geografía;UNIVERSIDAD AUTONOMA DE MADRID;Q2818013A;Madrid;fuente;MADRID;;;;115000,00;0,00;;resumen;https://www.aei.gob.es/ayudas-concedidas/buscador-ayudas-concedidas?code=PID2023-146662OB-I00;"EL PROYECTO BIOFOODSCAPE SE SITUA EN LA CONVERGENCIA DE DIVERSOS GRUPOS DE INVESTIGACION (10 GRUPOS Y MAS DE 30 INVESTIGADORES) CON EXPERIENCIA EN TEMATICAS SIMILARES Y COMPLEMENTARIAS, CONSOLIDANDO EL ENFOQUE EN EL MODELO AGROALIMENTARIO DE MONTAÑA EN ESPAÑA, PREVIAMENTE ESTUDIADO POR AMBAS IP EN PROYECTOS COMO SAMUTER E AGROFOODSCAPES. 

LA PROPUESTA DE INVESTIGACION SE FUNDAMENTA EN LA CONVERGENCIA DE LA DIVERSIDAD BIOCULTURAL, LA GESTION DE SISTEMAS AGROALIMENTARIOS Y EL PATRIMONIO MATERIAL E INMATERIAL. SE PARTE DE LA PREMISA DE QUE LAS MONTAÑAS ESPAÑOLAS HAN RESISTIDO LAS CRISIS Y CONSERVAN UNA VALIOSA DIVERSIDAD BIOCULTURAL. LA METODOLOGIA CONVERGENTE BUSCA INTEGRAR ASPECTOS DE DIVERSIDAD BIOCULTURAL, GESTION AGROALIMENTARIA Y PATRIMONIO, FORMULANDO MODELOS BASADOS EN LA RECUPERACION DE LA TRADICION HEREDADA EN NUEVOS CONTEXTOS.

LAS PREGUNTAS DE INVESTIGACION APUNTAN A DESAFIOS ESPECIFICOS DE LAS MONTAÑAS ESPAÑOLAS, COMO LA CONSERVACION DE LA AGROBIODIVERSIDAD Y LA ADAPTACION DE SABERES TRADICIONALES A NUEVOS CONTEXTOS. LA HIPOTESIS SUBRAYA LA IMPORTANCIA DE UNA METODOLOGIA INTEGRADORA PARA DESARROLLAR PRACTICAS AGROALIMENTARIAS SOSTENIBLES Y ANCLADAS EN EL TERRITORIO.

EL PROYECTO SE ALINEA CON LA TEMATICA ""ALIMENTACION, BIOECONOMIA, RECURSOS NATURALES Y MEDIOAMBIENTE"", ABORDANDO LA EXPLOTACION Y PROSPECTIVA DE LA BIODIVERSIDAD Y LA CADENA AGROALIMENTARIA SOSTENIBLE. ADEMAS, CONTRIBUYE A LAS MISIONES DEL PROGRAMA HORIZONTE EUROPA, CENTRANDOSE EN LA SALUD DEL SUELO Y LA ADAPTACION AL CAMBIO CLIMATICO.

LA METODOLOGIA SE ESTRUCTURA EN TRES EJES TEMATICOS (DIVERSIDAD BIOCULTURAL, CADENA AGROALIMENTARIA Y VALORES PATRIMONIALES) Y UNO TRANSVERSAL (MODELOS, METODOS, REDES Y DIFUSION). LOS OBJETIVOS ESPECIFICOS ABARCAN LA CARACTERIZACION AMBIENTAL, LA DIVERSIDAD PAISAJISTICA, LA IDENTIFICACION DE AGROBIODIVERSIDAD Y LA VALORACION DE PRACTICAS SOSTENIBLES. ADEMAS, SE EXPLORA EL FUNCIONAMIENTO DE LA CADENA AGROALIMENTARIA, EL PAPEL DE LA MUJER Y SE IDENTIFICAN AMENAZAS A LA AGROBIODIVERSIDAD. LOS VALORES PATRIMONIALES, TANTO MATERIALES COMO INMATERIALES, SON OBJETO DE ESTUDIO, DESTACANDO LA INTERACCION DE COMUNIDADES RURALES CON LA DIVERSIDAD BIOCULTURAL Y EL PAPEL DE LA MUJER EN LA CONSERVACION DE VALORES.

LA METODOLOGIA TRANSVERSAL BUSCA ESTABLECER Y COMPARAR MODELOS, RECOPILAR BUENAS PRACTICAS, RECONOCER EL PAPEL DE LOS ESPACIOS NATURALES PROTEGIDOS Y DEFINIR UNA METODOLOGIA INTEGRADORA. SE PROMUEVE LA CREACION DE REDES DE COLABORACION Y LA PARTICIPACION DE COMUNIDADES LOCALES MEDIANTE LA CIENCIA CIUDADANA, ASEGURANDO UNA DIFUSION AMPLIA DE LOS RESULTADOS Y LA TRANSFERENCIA DE CONOCIMIENTOS A LA SOCIEDAD."
AEI:PID2023-146995OB-I00;AEI;Proyectos de I+D+I (Generación de Conocimiento y Retos Investigación);2023;PID2023-146995OB-I00;COMUNICACION TRIBUTARIA CLARA. ESTUDIO Y CLARIFICACION DEL DISCURSO EMPLEADO EN EL PROCEDIMIENTO DE APLAZAMIENTO Y FRACCIONAMIENTO DE DEUDAS;Mente, lenguaje y pensamiento · Lingüística y lenguas;UNIVERSIDAD DE BARCELONA;Q0818001J;Cataluña;fuente;BARCELONA;;;;114875,00;0,00;;palabras-clave;https://www.aei.gob.es/ayudas-concedidas/buscador-ayudas-concedidas?code=PID2023-146995OB-I00;"EL PROYECTO ANALIZA EL DISCURSO DE LAS ADMINISTRACIONES TRIBUTARIAS ESPAÑOLAS EN SU PROCEDIMIENTO DE APLAZAMIENTO, FRACCIONAMIENTO Y SUSPENSION DE PAGOS Y DEUDAS PARA EVALUAR EL GRADO EN QUE ESTE DISCURSO RESULTA (IN)COMPRENSIBLE PARA LA CIUDADANIA Y SE APROXIMA O NO A LOS PRINCIPIOS DESCRITOS EN LA RECIENTE NORMA ISO 24495-1 DE LENGUAJE CLARO, EN LAS GUIAS Y MANUALES DE LENGUAJE CLARO Y EN LOS ESTANDARES DE DISEÑO GRAFICO Y USABILIDAD. PARTIMOS DE LA HIPOTESIS DE QUE UNA TRANSFORMACION EN LOS PROCESOS COMUNICATIVOS DEL PROCEDIMIENTO MENCIONADO, LIGADA A LA TRANSFORMACION DIGITAL YA EN PROCESO, REDUNDARA EN UNA MAYOR EFICACIA DE LAS ADMINISTRACIONES TRIBUTARIAS ESPAÑOLAS: REDUCIRA LOS COSTES EN TIEMPO, ESFUERZO Y DINERO PUBLICO, Y AFIANZARA LA IMAGEN PUBLICA DE ESTAS INSTITUCIONES. SON OBJETIVOS TAMBIEN (I) PROFUNDIZAR EN LA DESCRIPCION DEL ESPAÑOL ADMINISTRATIVO Y (II) ELABORAR UNA HERRAMIENTA DE IA GENERATIVA QUE PERMITA OPTIMIZAR LAS TAREAS DE LOS REDACTORES ADMINISTRATIVOS.

PARA ELLO, APLICAREMOS UNA MIRADA INTERDISCIPLINAR QUE COMPRENDA PERSPECTIVAS TEORICAS COMPLEMENTARIAS. ESTA INTERDISCIPLINARIEDAD, QUE SE HA MOSTRADO MUY EXITOSA EN EL PROYECTO ACTUAL, PERMITIRA AUNAR HERRAMIENTAS PROPIAS DE LA LINGUISTICA TEORICA Y DE LA LINGUISTICA APLICADA, LA LINGUISTICA DE CORPUS, LA PRAGMATICA Y EL ANALISIS DEL DISCURSO, LA LINGUISTICA COGNITIVA Y LA OPTIMIZACION DEL DISCURSO, ASI COMO DEL DERECHO, DE LA CIENCIA POLITICA, LAS CIENCIAS DEL COMPORTAMIENTO, Y DEL DISEÑO GRAFICO, LA USABILIDAD, ACCESIBILIDAD Y EL DISEÑO DE SERVICIOS Y LA INTELIGENCIA ARTIFICIAL.

LA METODOLOGIA ADOPTADA ES DE CARACTER EMPIRICO Y CUALI-CUANTITATIVO. PRETENDEMOS (I) COMPILAR UN CORPUS TEXTUAL QUE ABARQUE LA COLONIA DE GENEROS IMPLICADOS EN LOS PROCEDIMIENTOS DE APLAZAMIENTO; (II) ANALIZAR Y DESCRIBIR EL DISCURSO MULTIMODAL EMPLEADO EN DICHOS PROCEDIMIENTOS, ASI COMO LA ACCESIBILIDAD Y USABILIDAD DE LAS PAGINAS WEB QUE HAN DE CONSULTAR LOS CONTRIBUYENTES; (III) PROPONER TANTO FORMULACIONES LINGUISTICAS ALTERNATIVAS CON LAS QUE SIMPLIFICAR LA EXPRESION COMO CAMBIOS TIPOGRAFICOS, INFOGRAFICOS, DE DISEÑO Y NAVEGACION NECESARIOS PARA FACILITAR LA LECTURA Y LA COMPRENSION DE LOS DOCUMENTOS POR PARTE DE SUS DESTINATARIOS, PENSANDO EN QUE ESTOS DOCUMENTOS VAN A SER LEIDOS EN ENTORNOS FUNDAMENTALMENTE DIGITALES; Y, POR ULTIMO, (IV) DISEÑAR PRUEBAS DE COMPRENSION LECTORA Y TESTS DE USUARIO CON LOS QUE EVALUAR EL GRADO DE SATISFACCION DE EXPERTOS Y DE CIUDADANOS RESPECTO DE LAS NUEVAS VERSIONES DE LOS DOCUMENTOS PROPUESTAS PARA EL PROCEDIMIENTO TRIBUTARIO OBJETO DE ESTUDIO. 

EL EQUIPO DE INVESTIGACION ESTA FORMADO POR 11 INVESTIGADORES DE LAS AREAS DE LINGUISTICA, DERECHO Y COMUNICACION: 2 CATEDRATICOS, 7 PROFESORES TITULARES Y 2 PROFESORES CONTRATADOS DOCTORES. EL EQUIPO DE TRABAJO SE COMPONE DE 15 INVESTIGADORES Y DE PROFESIONALES DE DIFERENTES CAMPOS (LINGUISTICA, DERECHO, CIENCIA POLITICA, COMUNICACION, DISEÑO WEB, USABILIDAD). DADO EL PROPOSITO DEL PROYECTO, CABE DESTACAR QUE LOS JURISTAS DEL EQUIPO CONOCEN LAS INSTITUCIONES TRIBUTARIAS, BIEN POR SU ESPECIALIZACION EN DERECHO TRIBUTARIO, BIEN POR SU EXPERIENCIA PROFESIONAL EN LA DIRECCION GENERAL DE LA AGENCIA ESTATAL DE ADMINISTRACION TRIBUTARIA, EN EL CONSEJO PARA LA DEFENSA DEL CONTRIBUYENTE, EN EL INSTITUTO DE ESTUDIOS FISCALES Y EN UN ORGANISMO DE GESTION TRIBUTARIA (GESTION TRIBUTARIA TERRITORIAL). EL PROYECTO CUENTA CON EL APOYO DE LA AEAT, LA AEDAF Y EL CENTRO NACIONAL DE SUPERCOMPUTACION (BCN-CNS)."
AEI:PID2023-147368OB-I00;AEI;Proyectos de I+D+I (Generación de Conocimiento y Retos Investigación);2023;PID2023-147368OB-I00;EL APRENDIZAJE A TRAVES DE LA PARTICIPACION SOCIAL DE LAS PERSONAS JOVENES. SU CONTRIBUCION AL EMPODERAMIENTO JUVENIL EN LAS TRAYECTORIAS JUVENILES.;Ciencias de la educación · Ciencias de la educación;UNIVERSITAT DE GIRONA;Q6750002E;Cataluña;fuente;GERONA;;;;91875,00;0,00;;resumen;https://www.aei.gob.es/ayudas-concedidas/buscador-ayudas-concedidas?code=PID2023-147368OB-I00;"ESTA INVESTIGACION PARTE DE LOS RESULTADOS DE LAS DIFERENTES EDICIONES DEL PROYECTO HEBE, EN LOS QUE SE HA IDO DESARROLLANDO EL CUERPO TEORICO DEL EMPODERAMIENTO JUVENIL. EN ESTA OCASION, SE BUSCA RESPONDER LA PREGUNTA DE INVESTIGACION: ¿COMO AFECTAN LOS APRENDIZAJES ADQUIRIDOS A TRAVES DE LAS EXPERIENCIAS DE PARTICIPACION SOCIAL AL EMPODERAMIENTO DE LAS PERSONAS JOVENES Y A SUS DIFERENTES TRAYECTORIAS VITALES? ESTA PREGUNTA SE CONCRETA EN 3 OBJETIVOS: 1. ENRIQUECER LA INVESTIGACION EDUCATIVA SOBRE PARTICIPACION SOCIAL DE LAS PERSONAS JOVENES A PARTIR DE LA INCORPORACION EN EL PROCESO DE INVESTIGACION DE DIFERENTES TIPOS DE SABERES; 2. ANALIZAR LAS EXPERIENCIAS DE PARTICIPACION SOCIAL DE LAS PERSONAS JOVENES E IDENTIFICAR LAS POSIBILIDADES Y LAS LIMITACIONES QUE LA DETERMINAN; 3. ANALIZAR Y CARACTERIZAR LOS APRENDIZAJES QUE LAS PERSONAS JOVENES ADQUIEREN A TRAVES DE LAS EXPERIENCIAS DE PARTICIPACION SOCIAL Y DETERMINAR COMO INFLUYEN EN SUS DIFERENTES TRAYECTORIAS VITALES.
 
EN EL MARCO DE LOS PROCESOS DE RESPONSIVE RESEARCH AND INNOVATION, EL PROYECTO DA LUGAR A UN PROCESO DE CIENCIA CIUDADANA, CON EL FIN DE QUE LA CIUDADANIA CONTRIBUYA A LA CONSTRUCCION DEL CONOCIMIENTO Y A LA TRANSFORMACION DE SU ENTORNO. AL INICIO DE LA INVESTIGACION SE CONSTITUYEN UN CONSEJO ASESOR Y 4 GRUPOS DE EXPERTOS CON JOVENES Y PROFESIONALES EN JUVENTUD QUE CONTRIBUYEN AL DISEÑO, AL DESARROLLO, A LA EVALUACION Y A LA DIVULGACION DEL PROYECTO A TRAVES DE UN PROCESO INCLUSIVO Y DELIBERATIVO. 
 
EL ABORDAJE DE LOS OBJETIVOS SE REALIZA MEDIANTE UNA METODOLOGIA MIXTA DE INVESTIGACION EDUCATIVA SECUENCIAL QUE INCLUYE UNA PARTE CUANTITATIVA (CUESTIONARIOS A UNA MUESTRA DE 2000 JOVENES Y 100 PROFESIONALES) Y OTRA CUALITATIVA (ENTREVISTAS INDIVIDUALES Y COLECTIVAS, GRUPOS DE DISCUSION Y GRUPOS NOMINALES). LA VOLUNTAD ES APROXIMARSE A DATOS Y RESULTADOS A NIVEL ESTATAL, CON LO QUE LA RECOGIDA DE DATOS SE REALIZA EN CUATRO COMUNIDADES AUTONOMAS: MADRID, COMUNIDAD VALENCIANA, EUSKADI Y CATALUNYA. EL ANALISIS CUANTITATIVO SE COMPLEMENTA CON EL ANALISIS DE DATOS DISPONIBLES EN ESTUDIOS Y ENCUESTAS A LA JUVENTUD ESTATALES Y DE LAS 4 COMUNIDADES. EL ANALISIS CUALITATIVO SE REALIZA A TRAVES DE 18 GRUPOS DE DISCUSION CON PERSONAS JOVENES DE EXPERIENCIAS DE PARTICIPACION SOCIAL, 18 ENTREVISTAS A LAS PERSONAS RESPONSABLES DE ESTAS EXPERIENCIAS, 2 GRUPOS DE DISCUSION CON JOVENES QUE NO PARTICIPAN Y 5 ENTREVISTAS COLECTIVAS A JOVENES DE DIFERENTES PERFILES. LOS PROYECTOS DE PARTICIPACION SOCIAL SE SELECCIONARAN A TRAVES DE LA SIGUIENTE CLASIFICACION SEGUN SEAN GRUPO O ENTIDAD: A) DEPORTIVA, B) CULTURAL O DE OCIO, C) PARTIDO POLITICO O SINDICATO, D) ONG O DE AYUDA A DESFAVORECIDOS O DE AYUDA MUTUA, E) OTROS MOVIMIENTOS SOCIALES O ENTIDADES DE REIVINDICACION SOCIAL Y POLITICA, F) RELIGIOSA, G) DE EDUCACION EN EL TIEMPO LIBRE, H) SINDICATO DE ESTUDIANTES U ORGANIZACION O ASAMBLEA DE ESTUDIANTES; I) COMUNIDAD VIRTUAL DE INTERES.
 
LOS RESULTADOS OBTENIDOS SERAN ANALIZADOS POR LOS GRUPOS DE EXPERTOS Y CON ELLOS SE APLICARA LA TECNICA DEL GRUPO NOMINAL PARA RECOPILAR PROPUESTAS QUE INCENTIVEN ESTA PARTICIPACION SOCIAL Y PUEDAN SUPERAR LOS POSIBLES OBSTACULOS. DE ESTE MODO SE CREARA UNA GUIA PARA LA PARTICIPACION SOCIAL DE JOVENES A PARTIR DE LA CUAL SE PREVE TRANSFERIR LOS RESULTADOS DEL PROYECTO A LOS PARTICIPANTES Y A LAS DIFERENTES ADMINISTRACIONES Y ORGANISMOS ESPECIALIZADOS EN JUVENTUD, TANTO LOCALES COMO A NIVEL NACIONAL E INTERNACIONAL."
AEI:PID2023-147673OB-I00;AEI;Proyectos de I+D+I (Generación de Conocimiento y Retos Investigación);2023;PID2023-147673OB-I00;VINCULANDO LA HISTORIA DE LAS MUJERES A LA IA NEURO-SIMBOLICA: ENFOQUE DE ARQUITECTURA DE LA INFORMACION PARA EL ESTUDIO DE CASO DE REPRESION FRANQUISTA;Ciencias sociales · Comunicación;UNIVERSIDAD DE BARCELONA;Q0818001J;Cataluña;fuente;BARCELONA;;;;100000,00;0,00;;resumen;https://www.aei.gob.es/ayudas-concedidas/buscador-ayudas-concedidas?code=PID2023-147673OB-I00;"EL PROYECTO HERSTORY-NESYAI BUSCA AVANZAR EN EL CONOCIMIENTO TEORICO DE LA ARQUITECTURA DE LA INFORMACION (IA) MEDIANTE LA INTEGRACION DE UN SISTEMA IMPULSADO POR INTELIGENCIA ARTIFICIAL (IA), ENRIQUECIENDO LA CREACION Y USO DE NARRATIVAS MARGINALIZADAS. ESTO IMPLICA REFINAR LOS SERVICIOS DE ARQUITECTURA DE LA INFORMACION, QUE INCLUYEN BUSQUEDA, NAVEGACION, ORGANIZACION Y ETIQUETADO, ASI COMO IMPLEMENTAR UN MODELO PARA LA PUBLICACION DE DATOS ENLAZADOS ABIERTOS CON CONTENIDO SEMANTICO ENRIQUEZIDO. AL ENFOCARSE EN MEJORAR LOS SISTEMAS DE INTELIGENCIA ARTIFICIAL (IA), EN PLATAFORMAS WEB DE LAS MAS UTILIZADAS Y MAS VOLUMINOSAS COMO WIKIPEDIA, UTILIZANDO LAS TECNOLOGIAS SEMANTICAS DESARROLLADAS EN WIKIDATA, EL PROYECTO TIENE COMO OBJETIVO PROPORCIONAR CONOCIMIENTOS VALIOSOS QUE SE PUEDEN EXTRAPOLAR EN DIFERENTES CONTEXTOS DE USO. LA EXPERIENCIA ADQUIRIDA CON CONJUNTOS DE DATOS DE HUMANIDADES DIGITALES Y EN EL AMBITO DE WIKIMEDIA PUEDE EXTRAPOLARSE PARA MEJORAR Y AMPLIAR EL USO DE ESTAS TECNOLOGIAS DE IA EN DIVERSOS CAMPOS DE CREACION Y GESTION DE CONTENIDOS.

ABORDANDO EL DESAFIO SOCIAL DE LA BRECHA DE GENERO EN EL USO DE DATOS Y LA RECUPERACION Y CREACION DE INFORMACION, ESPECIALMENTE PARA MUJERES E IDENTIDADES DE GENERO MARGINALIZADAS EN CONTENIDOS MEDIATICOS, EL PROYECTO TIENE COMO OBJETIVO FOMENTAR UNA ESFERA PUBLICA MAS INCLUSIVA Y EQUITATIVA. LA CONTRIBUCION UNICA RADICA EN PROPORCIONAR INFORMACION NO SOLO A TRAVES DE DATOS ESTRUCTURADOS O FORMATOS LINEALES, SINO TAMBIEN OFRECIENDO PERSPECTIVAS ENRIQUECIDAS DESDE PUNTOS DE VISTA COGNITIVOS Y EMOCIONALES.

A TRAVES DE LA EXPLORACION DE NARRATIVAS MARGINADAS, EL PROYECTO BUSCA CULTIVAR UNA COMPRENSION MAS INCLUSIVA DE LAS CONTRIBUCIONES HISTORICAS, DESMANTELANDO ACTIVAMENTE ESTEREOTIPOS Y PROMOVIENDO UNA PERSPECTIVA SOCIETAL MAS AMPLIA EN HUMANIDADES DIGITALES (DH). UN ENFOQUE ESPECIFICO EN LA REPRESION Y CENSURA FRANQUISTA, CON UN ENFOQUE DE GENERO, IMPLICA LA PARTICIPACION COMUNITARIA EN LA RECOPILACION DE DATOS BASADA EN NECESIDADES REALES, PROTOTIPOS Y PRUEBAS. ESTE ENFOQUE INNOVADOR, DENOMINADO 'HUMANIDADES DIGITALES CIUDADANAS', INVOLUCRA A GRUPOS DE ACTIVISTAS VOLUNTARIOS EN CUESTIONES DE GENERO EN WIKIPEDIA Y WIKIDATA, ASI COMO A VOLUNTARIOS CON CONOCIMIENTOS SOBRE LA REPRESION ESPAÑOLA DURANTE EL PERIODO FRANQUISTA.

EL DISEÑO DE INVESTIGACION ADOPTA UN ENFOQUE DE INVESTIGACION-ACCION, COMBINANDO CIENCIA CIUDADANA CO-CREADA CON METODOLOGIAS DE DISEÑO CENTRADO EN EL USUARIO. ESTO FOMENTA MICROPROYECTOS EN ESCENARIOS DIVERSOS EN EL AMBITO DE LAS HUMANIDADES DIGITALES Y EN CONCRETO EN EL PERIODO DE REPRESION FRANQUISTA. LOS PARTICIPANTES COLABORAN DE MANERA ITERATIVA CON EL EQUIPO DE INVESTIGACION EN LA CREACION DE PROTOTIPOS, PRUEBAS, RECOPILACION DE DATOS, ANALISIS, DISEÑO DE ESTUDIOS, INTERPRETACION DE DATOS, FORMULACION DE CONCLUSIONES Y DIFUSION DE RESULTADOS. EL ASPECTO CENTRAL DE ESTE ENFOQUE ES LA INTEGRACION DE TECNICAS DE EXPERIENCIA DE USUARIO (UX) ADAPTADAS CON METODOS DE INVESTIGACION CUALITATIVA, ALINEANDOSE CON LA NATURALEZA PARTICIPATIVA Y ABIERTA DEL PROYECTO. ADAPTADAS BAJO UN ENFOQUE DE CO-CREACION, ESTAS TECNICAS DE UX Y PROYECTOS DE INVESTIGACION COMUNITARIA SON CRUCIALES PARA CREAR HERRAMIENTAS INTUITIVAS Y ACCESIBLES, MEJORAR LA CALIDAD DE LOS DATOS Y MANTENER ESTANDARES ETICOS, FOMENTANDO LA INCLUSION Y EMPODERAMIENTO DE LOS PARTICIPANTES."
AEI:PID2023-148202OB-C21;AEI;Proyectos de I+D+I (Generación de Conocimiento y Retos Investigación);2023;PID2023-148202OB-C21;OPTIMIZACION INTELIGENTE DEL ANALISIS DE DATOS EXTREMOS;Tecnologías de la información y de las comunicaciones · Ciencias de la computación y tecnología informática;UNIVERSITAT ROVIRA I VIRGILI;Q9350003A;Cataluña;fuente;TARRAGONA;;;;105625,00;0,00;;resumen;https://www.aei.gob.es/ayudas-concedidas/buscador-ayudas-concedidas?code=PID2023-148202OB-C21;"EL PROYECTO ABORDARA LA FALTA DE UNA SOLUCION INTEGRAL PARA GESTIONAR DATOS EXTREMOS (UNA GRAN PARTE DE LOS CUALES ES NO ESTRUCTURADA) EN LA NUBE CON ABSTRACCIONES CONVENIENTES TIPICAS DEL MODELO SIN SERVIDOR. UNA PLATAFORMA PARA DATOS EXTREMOS DE ESTE TIPO REQUIERE NUEVAS ABSTRACCIONES Y DEFINICIONES PARA FACILITAR LA ANALITICA DE DATOS Y CALCULOS DE PROCESAMIENTO COMPLEJOS. ESTE OBJETIVO SE CENTRA EN NUEVOS METODOS Y HERRAMIENTAS DE PROCESAMIENTO CERCANO A LOS DATOS PARA RESOLVER ESTAS SITUACIONES DE MANERA EFICIENTE Y EFECTIVA. VALIDAREMOS NUESTRA INFRAESTRUCTURA ADAPTABLE CON CASOS DE USO DE DATOS EXTREMOS COMO METABOLOMICA, GENOMICA Y CIENCIA CIUDADANA.

EL COMPONENTE EN EL BORDE TAMBIEN DESEMPEÑARA UN PAPEL CENTRAL EN EL PROYECTO. AL PERMITIR QUE LOS EJECUTORES NATIVOS DE LA NUBE SE LANCEN EN BORDES OPERATIVOS, WASM PERMITIRA IMPLEMENTAR LA LOGICA EMPRESARIAL MAS CERCA DE LOS USUARIOS O LOS DATOS, INCLUSO EN LUGARES A LOS QUE KUBERNETES Y LOS CONTENEDORES NO PUEDEN LLEGAR. PARA LOGRAR ESTO, ESTE OBJETIVO ESPECIFICO LLEVARA A CABO LAS SIGUIENTES TAREAS PRINCIPALES: (I) COMPRENDER COMO SE TRADUCE EL CODIGO FUENTE EN LENGUAJES COMO C, C++, RUST, GO, ETC., O APLICACIONES PARALELAS ESCRITAS CON PTHREADS, AL FORMATO BINARIO DE WASM, Y (II) HABILITAR WEBASSEMBLY EN PLATAFORMAS SIN SERVIDOR DE CODIGO ABIERTO COMO APACHE OPENWHISK."
AEI:PID2023-148202OB-C22;AEI;Proyectos de I+D+I (Generación de Conocimiento y Retos Investigación);2023;PID2023-148202OB-C22;PROVISIONAMIENTO INTELIGENTE DE RECURSOS EN EL CONTINUO NUBE-EXTREMO;Tecnologías de la información y de las comunicaciones · Ciencias de la computación y tecnología informática;UNIVERSIDAD DE ZARAGOZA;Q5018001G;Aragón;fuente;ZARAGOZA;;;;93750,00;0,00;;resumen;https://www.aei.gob.es/ayudas-concedidas/buscador-ayudas-concedidas?code=PID2023-148202OB-C22;"LA RAPIDA EVOLUCION TECNOLOGICA HA PROVOCADO UN AUMENTO SIN PRECEDENTES EN LA GENERACION DE DATOS, CON PROYECCIONES QUE INDICAN LA CREACION DIARIA DE CIENTOS DE EXABYTES EN UN FUTURO CERCANO. INSTITUCIONES COMO EL CERN YA SUPERAN CAPACIDADES DE ALMACENAMIENTO DE UN EXABYTE. NO OBSTANTE, LAS SOLUCIONES ACTUALES DE PROCESAMIENTO DE DATOS SON INSUFICIENTES PARA MANEJAR ESTOS 'DATOS EXTREMOS', CARACTERIZADOS POR SU GRAN VOLUMEN, VELOCIDAD, VARIEDAD Y VARIABILIDAD. ESTOS RETOS SE AGUDIZAN POR EL DESEQUILIBRIO EN LAS UBICACIONES DE PROCESAMIENTO DE DATOS, CON UNA MAYORIA EN CENTROS DE DATOS EN LA NUBE Y UNA MINIMA CANTIDAD EN LA FUENTE DE GENERACION DE DATOS, EL BORDE.

ESTE PROYECTO TIENE COMO OBJETIVO DISEÑAR UNA PLATAFORMA SIN SERVIDOR (SERVERLESS) PARA EXPLOTAR COMPLETAMENTE LOS RECURSOS HETEROGENEOS NUBE-BORDE. BUSCA EL EQUILIBRIO OPTIMO ENTRE LA COMPUTACION EN LA NUBE Y EN EL BORDE MEDIANTE TECNICAS COGNITIVAS DE IA, INCLUYENDO LA MINERIA Y PROCESAMIENTO DE DATOS DISTRIBUIDOS Y EL AVANCE DE PLATAFORMAS DE PROCESAMIENTO CERCANO A LOS DATOS (NDP) TANTO EN LA NUBE COMO EN EL BORDE, ASI COMO LA INTEGRACION DE RECURSOS VOLATILES DE PROVEEDORES DE LA NUBE.

PARA LOGRARLO, ESTE PROYECTO SE CENTRA EN DOS OBJETIVOS PRINCIPALES: OPTIMIZAR SERVICIOS EJECUTADOS POR IA EN EL CONTINUO NUBE-BORDE Y EL USO ESTRATEGICO DE RECURSOS VOLATILES EN LA NUBE PARA UN PROCESAMIENTO DE DATOS EFICIENTE. ESTO IMPLICA DESARROLLAR SISTEMAS AVANZADOS IMPULSADOS POR IA PARA LA GESTION Y APROVISIONAMIENTO DE RECURSOS, CAPACES DE ANALISIS Y PREDICCION EN TIEMPO REAL.

SE IMPLEMENTARAN MODELOS DE IA PARA CREAR ENTORNOS AGILES EN INFRAESTRUCTURAS NUBE-BORDE, ENFATIZANDO EL USO DE RECURSOS VOLATILES COMO LAS INSTANCIAS SPOT DE AWS POR SU RENTABILIDAD Y CAPACIDAD PARA MANEJAR DATOS A GRAN ESCALA. SE INCLUYE EL USO DE PROTOTIPOS DE SOFTWARE DE CODIGO ABIERTO Y BANCOS DE PRUEBAS EXPERIMENTALES PARA PRUEBAS REALISTAS, COMPLEMENTADO CON LA CREACION DE CONJUNTOS DE DATOS ABIERTOS. ESTA ESTRATEGIA ASEGURA LA APLICABILIDAD PRACTICA Y ROBUSTEZ DE LOS SISTEMAS DESARROLLADOS, UNIENDO INNOVACION TEORICA E IMPLEMENTACION REAL EN LA COMPUTACION NUBE-BORDE.

EL RESULTADO SERA UNA ARQUITECTURA, ALGORITMOS Y PROTOTIPOS DE ALTO RENDIMIENTO EN COMPUTACION SIN SERVIDOR, PROGRAMACION NUBE-BORDE, VIRTUALIZACION Y GESTION AVANZADA DE DATOS. LOS RESULTADOS SE APLICARAN EN AREAS COMO LAS OMICAS (OMICS), CIENCIA CIUDADANA NUBE-BORDE Y VERIFICACION DE MODELOS, LLEVANDO A UN ENFOQUE TRANSFORMADOR EN LA COMPUTACION NUBE-BORDE QUE APROVECHA LA IA PARA MEJORAR LA GESTION DE RECURSOS Y REMODELAR LA ECONOMIA DEL PROCESAMIENTO DE DATOS. ESTE PROYECTO BUSCA DEMOCRATIZAR EL ACCESO A LA COMPUTACION POTENTE, BENEFICIANDO A PYMES E INSTITUCIONES DE INVESTIGACION. SU EXITO MARCARA UN AVANCE SIGNIFICATIVO EN EL CONTINUO NUBE-BORDE, ENFRENTANDO EL DESAFIO DE PROCESAR GRANDES VOLUMENES DE DATOS EXTREMOS Y REVOLUCIONANDO LA GESTION DE DATOS MEDIANTE TECNICAS AVANZADAS DE IA PARA LA MODELIZACION PREDICTIVA Y ASIGNACION DE RECURSOS."
AEI:PID2023-148454NB-I00;AEI;Proyectos de I+D+I (Generación de Conocimiento y Retos Investigación);2023;PID2023-148454NB-I00;REDES DE GENEROS PARA LA COMUNICACION Y DIFUSION DE LA CIENCIA EN LINEA: UN ANALISIS DE LAS INTERACCIONES GENERICAS Y DE LA VARIACION LINGUISTICA EN LA WEB 2.0;Mente, lenguaje y pensamiento · Lingüística y lenguas;UNIVERSIDAD DE ZARAGOZA;Q5018001G;Aragón;fuente;ZARAGOZA;;;;69500,00;0,00;;resumen;https://www.aei.gob.es/ayudas-concedidas/buscador-ayudas-concedidas?code=PID2023-148454NB-I00;"CON EL DESARROLLO DE LA WEB 2.0 SE HA PRODUCIDO UNA PROLIFERACION SIN PRECEDENTES DE GENEROS, ESCRITOS, ORALES Y MIXTOS (ESCRITOS Y ORALES), ASI COMO DE MODOS Y MEDIOS PARA COMUNICAR LA CIENCIA EN LINEA. HAN SURGIDO MODELOS COMPLEJOS DE COMUNICACION DIGITAL PARA FACILITAR LA COMUNICACION PROFESIONAL Y PUBLICA DE LA CIENCIA EN RESPUESTA A DEMANDAS SOCIALES (Y EXIGENCIAS RETORICAS), TALES COMO LA NECESIDAD DE HACER MAS TRANSPARENTE LA INVESTIGACION CIENTIFICA CON FINES DE REPRODUCIBILIDAD DE LOS RESULTADOS DE LA INVESTIGACION, LA NECESIDAD DE GARANTIZAR QUE LA INVESTIGACION TENGA UN IMPACTO SOCIAL Y LA NECESIDAD DE DEMOCRATIZAR LA CIENCIA Y PROMOVER LA CULTURA CIENTIFICA ENTRE LA CIUDADANIA. AL MISMO TIEMPO, LAS POLITICAS QUE PROMUEVEN LA DEMOCRATIZACION DE LA CIENCIA HAN DADO LUGAR A LA LLAMADA ECONOMIA DE LA VISIBILIDAD, O LA NECESIDAD DE SER VISIBLE EN ESTE CONTEXTO DE ESCASA ATENCION. MEDIANTE ESTUDIOS DE CASOS Y CORPUS A PEQUEÑA ESCALA, LA RECIENTE INVESTIGACION SOBRE GENEROS DIGITALES HA APORTADO IMPORTANTES DESCRIPCIONES DE GENEROS DIGITALES REMEDIADOS Y EMERGENTES. ESTA INVESTIGACION HA SIDO MUY NECESARIA PORQUE ESTOS GENEROS SON FORMAS EMERGENTES DE COMUNICACION Y, POR TANTO, NO HAN SIDO TEORIZADOS PREVIAMENTE. SIN EMBARGO, LOS GENEROS EN LA WEB 2.0 ESTABLECEN CONEXIONES HIPERTEXTUALES CON OTROS GENEROS, FORMANDO COMPLEJOS ENSAMBLAJES DE GENEROS, TAMBIEN LLAMADAS REDES DE GENEROS. 

EN ESTE PROYECTO PRETENDEMOS IR MAS ALLA DEL ESTUDIO DE LOS PROCESOS DE RECONTEXTUALIZACION Y TRANSFORMACION DE CONTENIDOS CIENTIFICOS PARA ADAPTARLOS A LOS DISTINTOS PUBLICOS DE INTERNET, Y PROFUNDIZAR EN EL ESTUDIO DE LOS PROCESOS DE REMEDIACION SEMIOTICA EN DISTINTOS CONJUNTOS DE GENEROS (E.G., SISTEMAS DE GENEROS, REPERTORIOS DE GENEROS, O ECOLOGIAS DE GENEROS). HASTA DONDE SABEMOS, ESTE AMBITO ESTA POCO TEORIZADO. EN CONCRETO, PROPONEMOS LO SIGUIENTE. EN PRIMER LUGAR, CREAR UN CORPUS DE REDES DE GENEROS DIGITALES CON DISTINTAS EXIGENCIAS RETORICAS Y PROPOSITOS COMUNICATIVOS (A SABER, DIVULGACION CIENTIFICA DE ALTO IMPACTO, COMUNICACION EN PROCESOS EDITORIALES DE REVISTAS, COMUNICACION PARA LA REPRODUCIBILIDAD DE LOS ESTUDIOS CIENTIFICOS, COMUNICACION DE CIENCIA CIUDADANA Y COMUNICACION PARACIENTIFICA EN LAS REDES SOCIALES). EN SEGUNDO LUGAR, UTILIZAREMOS EL CORPUS PARA EXTRAER DATOS EMPIRICOS Y ANALIZAR LA NATURALEZA DE ESTAS REDES DIGITALES, OBSERVANDO EN PARTICULAR LAS INTERACCIONES ENTRE LOS GENEROS QUE LAS CONSTITUYEN, Y TENIENDO EN CUENTA LA DIVERSIDAD DE MODOS SEMIOTICOS Y LAS MODALIDADES DEL USO DE LA LENGUA (HABLADO, ESCRITO, MIXTO), ASI COMO EL MEDIO DIGITAL QUE LOS SOPORTA. PROPONEMOS OBTENER UNA VISION PANORAMICA Y UNA VISION AL DETALLE DE ESTAS REDES DE GENEROS PARA COMPRENDER EL USO DE LA LENGUA PARA COMUNICAR CIENCIA EN EL AMBITO PROFESIONAL Y AL PUBLICO EN GENERAL. A SU VEZ, ESTA VISION PANORAMICA NOS PERMITIRA IDENTIFICAR LOS PROCESOS DE TRANSFORMACION SECUENCIAL DE CONTENIDO, ASI COMO LOS PROCESOS DE REMEDIACION SEMIOTICA EN REDES DE GENEROS HIPERVINCULADOS. EL ANALISIS DETALLADO DEL COMPORTAMIENTO LINGUISTICO DE ESTOS GENEROS NOS PERMITIRA COMPRENDER LAS DIFERENTES INTERACCIONES TEXTUALES ENTRE GENEROS A DISTINTOS NIVELES (LEXICO, SINTACTICO, DISCURSIVO, PRAGMATICO, ESTILISTICO), FACILITANDONOS ASI LA IDENTIFICACION DE PATRONES RECURRENTES EN EL USO DEL LENGUAJE, ASI COMO LA POSIBLE VARIACION LINGUISTICA ENTRE LOS GENEROS. NOS PERMITIRA COMPRENDER LA INTERACCION DEL LENGUAJE CON OTROS SISTEMAS SEMIOTICOS EN ESTAS REDES."
AEI:PID2023-148791NB-I00;AEI;Proyectos de I+D+I (Generación de Conocimiento y Retos Investigación);2023;PID2023-148791NB-I00;¿Y DESPUES DEL CONSUMO MASIVO DE PRENDAS DE VESTIR? ECONOMIA CIRCULAR EN LA INDUSTRIA DE LA MODA A TRAVES DE LA CIENCIA CIUDADANA;Ciencias sociales · Sociología y antropología social;UNIVERSIDAD DE GRANADA;Q1818002F;Andalucía;fuente;GRANADA;;;;62750,00;0,00;;titulo;https://www.aei.gob.es/ayudas-concedidas/buscador-ayudas-concedidas?code=PID2023-148791NB-I00;"LA PRESENTE PROPUESTA PARTE DE UN EQUIPO DE TRABAJO CONSOLIDADO QUE ANALIZA LA RELACION EXISTENTE ENTRE LUGARES DE PRODUCCION Y CONSUMO DE PRENDAS DE VESTIR. INCIDE EN COMO LA INDUSTRIA TEXTIL (1) ES LA SEGUNDA MAS CONTAMINANTE DEL PLANETA DESPUES DEL PETROLEO (ONU, 2019), (2) FOMENTA MALAS PRAXIS EN LAS CONDICIONES LABORALES DE LA PRODUCCION DE PRENDAS DE VESTIR (TRINIDAD ET. AL, 2018) Y (3) ALIMENTA UN MODELO DE CONSUMO POCO SOSTENIBLE (SORIANO ET. AL, 2023). INICIO SU ANDADURA HACE MAS DE 15 AÑOS Y EN LAS INVESTIGACIONES DESARROLLADAS HAN PARTICIPADO ACADEMICOS DE CENTROS DE INVESTIGACION DE ESTADOS UNIDOS, FRANCIA, LUXEMBURGO, MEXICO, CANADA, MARRUECOS Y ESPAÑA. TAMBIEN HA FORMADO A MAS DE UNA DECENA DE DOCTORANDOS/AS Y POSDOCTORANDOS/AS. 
EN ESTA OCASION SE PONE EL ACENTO EN LA ECONOMIA CIRCULAR, ANTE LA URGENCIA DE CONCIENCIAR A LA POBLACION ACERCA DEL IMPACTO SOCIOECONOMICO Y MEDIOAMBIENTAL QUE SUPONE UN MODELO DE SOBREPRODUCCION E HIPERCONSUMO DE ROPA, QUE NO APUESTA DE MANERA CLARA POR LA NECESIDAD DE LA REUTILIZACION (R) Y EL RECICLAJE (RR). SIENDO CIERTO QUE LA ESTRATEGIA DE LA UNION EUROPEA PARA TEXTILES SOSTENIBLES Y CIRCULARES ABORDA LA PRODUCCION Y EL CONSUMO TEXTIL EN LINEA CON LOS COMPROMISOS DEL PACTO VERDE EUROPEO, EL PLAN DE ACCION DE ECONOMIA CIRCULAR Y LA ESTRATEGIA INDUSTRIAL EUROPEA (COMISION EUROPEA, 2023), SE REQUIEREN SINERGIAS ENTRE EL SECTOR INDUSTRIAL DE LA MODA, ACTORES POLITICOS Y LA SOCIEDAD EN SU CONJUNTO PARA HACER REALIDAD LA ECONOMIA CIRCULAR EN EL SECTOR DE LA MODA. 
LOS OBJETIVOS GENERALES DE SIMROPA SON: (1) CONOCER EL RECORRIDO DE LA ROPA USADA EN ESPAÑA (UTILIZANDO DISPOSITIVOS DE GEOLOCALIZACION GPS) IDENTIFICANDO ACTORES CLAVE, PROCESOS SOCIALES, FLUJOS COMERCIALES Y POLITICAS COMERCIALES EUROPEAS Y GLOBALES SOBRE DESARROLLO SOSTENIBLE, Y COMPARARLOS CON EL RECORRIDO DE LAS PRENDAS USADAS EN OTROS LUGARES DEL NORTE Y SUR GLOBAL; (2) AVERIGUAR LAS LEGITIMACIONES NARRATIVAS ACERCA DEL CONOCIMIENTO, CONCIENCIACION Y COMPORTAMIENTO EN LA POBLACION EN ESPAÑA SOBRE LA REUTILIZACION/RECICLAJE DE LA ROPA USADA Y EL DESTINO DE ESTA (3) GENERAR CIENCIA CIUDADANA A TRAVES LA CALIBRACION DE UN MODELO TEORICO DE SIMULACION BASADA EN AGENTES QUE SEA MAS SOSTENIBLE Y SE ADAPTE A LA ECONOMIA CIRCULAR, SENSIBILIZANDO A LA POBLACION SOBRE EL CONSUMO COMPULSIVO DE PRENDAS DE VESTIR. SE PARTE DE LA SIGUIENTE HIPOTESIS: NO EXISTE SUFICIENTE CONCIENCIA CIUDADANA SOBRE EL IMPACTO SOCIAL Y MEDIOAMBIENTAL DE LA FAST-FASHION, NI DE LO QUE OCURRE CON EL DESHECHO DE LA ROPA QUE YA NO SE UTILIZA, LO QUE REPRODUCE MALAS PRAXIS EN EL CONSUMO DE PRENDAS DE VESTIR, IMPOSIBILITANDO LA RUPTURA DE UN CIRCULO VICIOSO.
CON EL FIN DE RESPONDER A LOS OBJETIVOS PLANTEADOS SE COMBINA DE MANERA TRIANGULAR CINCO FUENTES DE PRODUCCION Y ANALISIS DE DATOS, A TRAVES DE UN DISEÑO MIXTO DE INVESTIGACION SOCIAL: (1) GEOLOCALIZACION DE PRENDAS DE VESTIR DEPOSITADAS EN CONTENEDORES DE ROPA; (2) ANALISIS DE FUENTES SECUNDARIAS DEL MODELO DE ECONOMIA CIRCULAR, ASI COMO DE LAS POLITICAS COMERCIALES EUROPEAS Y GLOBALES SOBRE DESARROLLO SOSTENIBLE A LA ACCION CLIMATICA UTILIZANDO TECNICAS DE PLN; (3) CONSULTA A EXPERTOS (4); GRUPOS DE DISCUSION SOBRE EL CONOCIMIENTO, CONCIENCIACION Y COMPORTAMIENTO SOBRE LA REUTILIZACION/RECICLAJE DE LA ROPA USADA Y (5) GENERACION DE CIENCIA CIUDADANA A TRAVES DE GRUPOS FOCALES DELIBERATIVOS. LA ESTRATEGIA ANALITICA QUE DARA SENTIDO A TODO EL PROCESO DE INVESTIGACION SERA LA TEORIA FUNDAMENTADA CONSTRUCTIVISTA."
AEI:PID2023-149340OB-I00;AEI;Proyectos de I+D+I (Generación de Conocimiento y Retos Investigación);2023;PID2023-149340OB-I00;CIENCIA ABIERTA Y CIENCIA CIUDADANA PARA UNA SOCIEDAD MAS SOSTENIBLE E INCLUSIVA: APORTACIONES DEL SISTEMA UNIVERSITARIO ESPAÑOL;Ciencias sociales · Comunicación;UNIVERSIDAD AUTONOMA DE MADRID;Q2818013A;Madrid;fuente;MADRID;;;;93750,00;0,00;;titulo;https://www.aei.gob.es/ayudas-concedidas/buscador-ayudas-concedidas?code=PID2023-149340OB-I00;"EL PROYECTO ""CIENCIA ABIERTA Y CIENCIA CIUDADANA PARA UNA SOCIEDAD MAS SOSTENIBLE E INCLUSIVA: APORTACIONES DEL SISTEMA UNIVERSITARIO ESPAÑOL (UNINCA)"" PROPUESTO POR UN EQUIPO DE INVESTIGADORES MULTIDISCIPLINAR DE LAS UNIVERSIDADES AUTONOMA DE MADRID Y CARLOS III DE MADRID, BUSCA FOMENTAR LA INTEGRACION DE LA CIENCIA ABIERTA (CA) Y LA CIENCIA CIUDADANA (CC) EN LAS UNIVERSIDADES ESPAÑOLAS PARA AVANZAR HACIA UNA SOCIEDAD MAS SOSTENIBLE E INCLUSIVA, ALINEANDOSE CON LA AGENDA 2030 Y SUS OBJETIVOS DE DESARROLLO SOSTENIBLE (ODS).

EL PROYECTO, ENMARCADO EN LA ESTRATEGIA NACIONAL DE CIENCIA ABIERTA (2023-2027), SE JUSTIFICA POR LA NECESIDAD DE SUPERAR LAS LIMITACIONES DEL MODELO CIENTIFICO ACTUAL EN CUANTO A SU CONEXION CON PROBLEMAS SOCIALES URGENTES Y LA PARTICIPACION CIUDADANA EN LA INVESTIGACION. SE BASA EN EL DIAGNOSTICO PREVIO DEL PROYECTO DOSSUET (2020-2022), QUE REVELO UN AVANCE LENTO Y BARRERAS EN LA IMPLEMENTACION DE LA CA EN EL SISTEMA UNIVERSITARIO ESPAÑOL (SUE).

LOS OBJETIVOS GENERALES INCLUYEN LA CREACION DE UN OBSERVATORIO INAECU-CA DENTRO DEL INSTITUTO INTERUNIVERSITARIO DE INVESTIGACION AVANZADO SOBRE EVALUACION DE LA CIENCIA Y LA UNIVERSIDAD (INAECU UC3M-UAM) PARA INVESTIGAR, PROMOVER Y COMPARTIR INFORMACION SOBRE LOS AVANCES EN CA Y CC EN LAS UNIVERSIDADES ESPAÑOLAS. ESTE OBSERVATORIO SE ENFOCARA EN DESARROLLAR METODOLOGIAS Y EXPERIENCIAS QUE FACILITEN LA APLICACION DE LA CA Y LA CC EN LA RESOLUCION DE PROBLEMAS SOCIALES RELACIONADOS CON LA IGUALDAD DE GENERO Y LA SOSTENIBILIDAD DE LAS CIUDADES.

EL PROYECTO SE ESTRUCTURA EN CUATRO LINEAS DE TRABAJO: 1) CONSOLIDAR EL OBSERVATORIO INAECU-CA COMO UN ESPACIO DE INVESTIGACION Y DIVULGACION; 2) DESARROLLAR EXPERIENCIAS DE CO-CREACION DE CIENCIA CIUDADANA; 3) CONSTITUIR UNA SECCION DE CIENCIA ABIERTA EN EL OBSERVATORIO DE LA INVESTIGACION DE LAS UNIVERSIDADES ESPAÑOLAS (IUNE) PARA MEDIR Y EVALUAR LA CONTRIBUCION DE LA INVESTIGACION UNIVERSITARIA EN ESTE AMBITO; Y 4) DISEÑAR ESTRATEGIAS Y RECOMENDACIONES PARA FORTALECER LA CULTURA DE LA CA Y LA CC.

ENTRE LAS CONTRIBUCIONES ESPERADAS DEL PROYECTO SE INCLUYEN LA CREACION DE UN OBSERVATORIO PARA LA INVESTIGACION Y EVALUACION DE ACCIONES DE CA Y CC, LA OFERTA DE INFORMACION SISTEMATICA Y ACTUALIZADA SOBRE LOS AVANCES EN CA Y CC EN EL SUE, Y EL DESARROLLO DE UN MODULO ADICIONAL EN EL OBSERVATORIO IUNE PARA LA EVALUACION DE LA ACTIVIDAD CIENTIFICA DE LAS UNIVERSIDADES DESDE LA PERSPECTIVA DE LA CA. ASI, EL PROYECTO SE PROPONE COMO UNA INICIATIVA INTEGRAL QUE ABORDA TANTO LA GENERACION DE CONOCIMIENTO CIENTIFICO COMO SU DIFUSION Y APLICACION PRACTICA. SE ESPERA QUE EL OBSERVATORIO INAECU-CA SE CONVIERTA EN UN RECURSO CLAVE PARA LAS UNIVERSIDADES DEL SUE, PROPORCIONANDO INFORMACION ACTUALIZADA Y RELEVANTE SOBRE LAS PRACTICAS Y AVANCES EN CIENCIA ABIERTA Y CIENCIA CIUDADANA. ADEMAS, EL PROYECTO TIENE COMO META IMPULSAR LA PARTICIPACION CIUDADANA EN LA CIENCIA, LO QUE NO SOLO DEMOCRATIZA LA GENERACION DE CONOCIMIENTO, SINO QUE TAMBIEN CONTRIBUYE A UNA SOCIEDAD MAS INFORMADA Y COMPROMETIDA CON LOS DESAFIOS CIENTIFICOS Y SOCIALES ACTUALES.

EN RESUMEN, UNINCA SE PRESENTA COMO UN PROYECTO AMBICIOSO Y MULTIDIMENSIONAL QUE BUSCA INTEGRAR Y POTENCIAR LA CIENCIA ABIERTA Y LA CIENCIA CIUDADANA EN EL CONTEXTO UNIVERSITARIO ESPAÑOL, CON EL FIN ULTIMO DE CONTRIBUIR A UNA SOCIEDAD MAS INCLUSIVA Y SOSTENIBLE, EN LINEA CON LOS OBJETIVOS GLOBALES DE DESARROLLO SOSTENIBLE."
AEI:PID2023-150146OA-I00;AEI;Proyectos de I+D+I (Generación de Conocimiento y Retos Investigación);2023;PID2023-150146OA-I00;EXPLORAR EL IMPACTO DE LA TRIADA MICROBIOMA INTESTINAL, DIETAS BASADAS EN PLANTAS Y LA SALUD PARA PROMOVER LA ADOPCION DE DIETAS MAS SOSTENIBLES EN LA POBLACION ESPAÑOLA;Ciencias agrarias y agroalimentarias · Ciencias y tecnologías de alimentos;FUNDACION IMDEA NUTRICIÓN;G84912724;Madrid;fuente;MADRID;;;;158750,00;0,00;;palabras-clave;https://www.aei.gob.es/ayudas-concedidas/buscador-ayudas-concedidas?code=PID2023-150146OA-I00;"LA ACTUAL CADENA DE PRODUCCION, SUMINISTRO Y CONSUMO DE ALIMENTOS TIENE UN FUERTE IMPACTO ECOLOGICO, RESALTANDO LA NECESIDAD DE CAMBIAR LA POLITICA ALIMENTARIA. LA PRIORIDAD TEMATICA NO.6, ALIMENTACION, BIOECONOMIA, RECURSOS NATURALES Y MEDIO AMBIENTE DEL PLAN ESTATAL DE INVESTIGACION CIENTIFICA, PRIORIZA Y ABORDA LOS DESAFIOS ENFRENTADOS POR SECTORES ESTRATEGICOS PARA ESPAÑA COMO LA AGRICULTURA. EL ENFOQUE SE CENTRA EN PROMOVER LA INVESTIGACION PARA LOGRAR UNA PRODUCCION INTELIGENTE Y SOSTENIBLE DE ALIMENTOS SEGUROS, SALUDABLES Y DE ALTA CALIDAD, ALINEANDOSE CON LOS OBJETIVOS DEL PACTO VERDE EUROPEO, QUE BUSCAN PROMOVER EL CONSUMO DE DIETAS SOSTENIBLES.
PRESENTAMOS EL PROYECTO GUTPLANTHEALTH: ""EXPLORAR EL IMPACTO DE LA TRIADA COMPUESTA POR EL MICROBIOMA INTESTINAL, LAS DIETAS BASADAS EN PLANTAS Y LA SALUD PARA PROMOVER LA ADOPCION DE DIETAS MAS SOSTENIBLES EN LA POBLACION ESPAÑOLA"", QUE PRETENDE ABORDAR PROBLEMAS DENTRO DE ESTA PRIORIDAD TEMATICA, ESPECIALMENTE EN RELACION CON LAS DIETAS SOSTENIBLES, RESPONDIENDO A LAS SIGUIENTES CUESTIONES: ¿QUE NIVEL DE CONCIENCIA TIENE LA POBLACION ESPAÑOLA SOBRE LAS DIETAS SOSTENIBLES? ¿QUE BARRERAS EXISTEN EN LA POBLACION ESPAÑOLA AL ADOPTAR PATRONES DIETETICOS BASADOS EN PLANTAS QUE SEAN SOSTENIBLES? ¿CUAL ES EL IMPACTO DE LAS DIETAS BASADAS EN PLANTAS EN LA INTEGRIDAD DE LA BARRERA INTESTINAL, LA INMUNIDAD Y LA SALUD?. 
PARA ABORDAR ESTAS CUESTIONES, EL OBJETIVO PRINCIPAL DEL PROYECTO ES EVALUAR EL IMPACTO FISIOLOGICO DE LAS DIETAS BASADAS EN PLANTAS EN LA SALUD, EXAMINANDO LA COMPOSICION Y FUNCIONALIDAD DE LA COMUNIDAD MICROBIANA INTESTINAL Y SU INFLUENCIA EN LA INTEGRIDAD DE LA BARRERA INTESTINAL PARA FOMENTAR LA ADOPCION DE PATRONES DIETETICOS SOSTENIBLES EN LA POBLACION ESPAÑOLA. PARA CUMPLIR CON ESTE OBJETIVO, SE PROPONEN LOS SIGUIENTES OBJETIVOS ESPECIFICOS (OE):
OE1: EVALUAR LA CALIDAD NUTRICIONAL Y LOS PARAMETROS DE SALUD ASOCIADOS CON LAS DIETAS BASADAS EN PLANTAS EN UNA COHORTE ESPAÑOLA.
OE2: ESTABLECER UN MICROBIOMA CENTRAL Y UNA COMUNIDAD METABOLICA REPRESENTATIVA DEL MICROBIOMA INTESTINAL DE DIETAS BASADAS EN PLANTAS A TRAVES DE ENFOQUES DE BIOLOGIA DE SISTEMAS Y APRENDIZAJE AUTOMATICO.
OE3: SIMULAR LA ESTRUCTURA DE LA COMUNIDAD MICROBIANA Y EL POTENCIAL METABOLICO DEL MICROBIOMA INTESTINAL DE DIETAS BASADAS EN PLANTAS PARA EVALUAR LOS EFECTOS FISIOLOGICOS EN LA INTEGRIDAD DE LA BARRERA INTESTINAL, SISTEMA INMUNE Y SU CAPACIDAD PARA MANTENER LA SALUD Y PREVENIR ENFERMEDADES RELACIONADAS CON LA DIETA.
OS4: ESTABLECER UN OBSERVATORIO CIUDADANO PARA PROMOVER LA ADOPCION DE DIETAS SOSTENIBLES Y MEJORAR LA SALUD INTESTINAL.
LA NATURALEZA INTERDISCIPLINARIA DE ESTE PROYECTO FACILITA LA INTEGRACION DE LAS CIENCIAS DE LOS ALIMENTOS, LA BIOINFORMATICA, LA BIOTECNOLOGIA Y LAS CIENCIAS SOCIALES PARA INVESTIGAR DE MANERA INTEGRAL EL IMPACTO DE LOS PATRONES DIETETICOS EN LA NUTRICION Y EL METABOLISMO, CONSOLIDANDO LA LINEA DE INVESTIGACION DE LA IP Y SU INDEPENDENCIA COMO INVESTIGADORA. 
FINALMENTE, EL PROYECTO ASPIRA A CONTRIBUIR DE MANERA SIGNIFICATIVA AL CONOCIMIENTO CIENTIFICO AL CERRAR UNA BRECHA EXISTENTE EN LA LITERATURA RESPECTO AL MECANISMO ESPECIFICO DEL MICROBIOMA EN LAS DIETAS BASADAS EN PLANTAS SOBRE LA INTEGRIDAD DE LA BARRERA INTESTINAL Y LA INMUNIDAD. ADEMAS, TENDRA UN IMPACTO SOCIAL AL FOMENTAR HABITOS MAS SALUDABLES AL MISMO TIEMPO QUE AFECTA POSITIVAMENTE A VARIOS OBJETIVOS DE DESARROLLO SOSTENIBLE."
AEI:PID2023-150413NB-C21;AEI;Proyectos de I+D+I (Generación de Conocimiento y Retos Investigación);2023;PID2023-150413NB-C21;ZONAS DE INTERCAMBIO DE RESISTENCIAS EPISTEMICAS Y ALTERNATIVAS EN LA INNOVACION: ACTIVISTAS, MOVIMIENTOS POPULARES Y EXPERTOS, 1970S-1990S;Estudios del pasado: historia y arqueología · Historia;UNIVERSIDAD AUTONOMA DE BARCELONA;Q0818002H;Cataluña;fuente;BARCELONA;;;;56250,00;0,00;;resumen;https://www.aei.gob.es/ayudas-concedidas/buscador-ayudas-concedidas?code=PID2023-150413NB-C21;"ESTE SUBPROYECTO PROFUNDIZARA EN ZONAS DE INTERCAMBIO CLAVE ENTRE ACTIVISTAS, MOVIMIENTOS POPULARES Y EXPERTOS EN LA PENINSULA IBERICA DURANTE LAS ULTIMAS DECADAS DEL SIGLO XX. SU ESTUDIO NOS PERMITIRA COMPRENDER DESDE UNA PERSPECTIVA HISTORICA DEBATES CIENTIFICOS ACTUALES FUERTEMENTE MOLDEADOS POR ACTORES NO PROFESIONALES, COMO LAS TRANSICIONES VERDES, LAS IDENTIDADES DE GENERO Y LA IA. EL SUBPROYECTO SE BASARA EN EL MARCO TEORICO DEL PROYECTO COORDINADO Y SE CENTRARA ESPECIFICAMENTE EN DOS AMBITOS ENTRELAZADOS: 

1) EL ACTIVISMO COMO ACTOR EPISTEMOLOGICAMENTE ACTIVO. AL IGUAL QUE USUARIOS/AS, CONSUMIDORES, PACIENTES, ORGANIZACIONES CIVICAS Y CIUDADANIA EXPUESTA A RIESGOS TECNOLOGICOS, LOS MOVIMIENTOS ACTIVISTAS HAN DESEMPEÑADO UN PAPEL ACTIVO DECISIVO EN LA COPRODUCCION DE CONOCIMIENTO CIENTIFICO Y ARTEFACTOS TECNOLOGICOS. A LA HORA DE IMPUGNAR INNOVACIONES Y PROGRAMAS CIENTIFICOS CONCRETOS, LOS Y LAS ACTIVISTAS HAN DESPLEGADO UN RICO REPERTORIO DE RESISTENCIA EPISTEMICA. COMO PARTE DE SUS PRACTICAS LOCALES Y REDES TRANSNACIONALES, LA CIRCULACION DE CONOCIMIENTO CIENTIFICO HA SIDO CRUCIAL PARA SUS DEMANDAS. A MENUDO SE HAN APROPIADO DEL CONOCIMIENTO CIENTIFICO PARA CREAR LO QUE SE HA DENOMINADO CONOCIMIENTO ACTIVISTA Y CONOCIMIENTO VERDE, QUE, A SU VEZ, HA SIDO APROPIADO (Y MOLDEADO) POR LA TECNOCIENCIA. JUNTO A EXPERTOS Y EXPERTAS, ACTIVISTAS HAN CONSTITUIDO ""ZONAS DE INTERCAMBIO"" QUE HAN TENDIDO PUENTES ENTRE DIFERENTES MANERAS DE SABER Y EXPERIMENTAR, ENTRE DIFERENTES PRACTICAS POLITICAS Y EPISTEMICAS, Y ENTRES DIFERENTES LENGUAJES E IMAGINARIOS CIENTIFICOS. 

2) EL ACTIVISMO COMO MOTOR DE LA INNOVACION SOCIOTECNICA. LA HISTORIA DE LA ECONOMIA HA TRATADO LA RESISTENCIA COMO UN FACTOR EXTERNO (Y UNA VARIABLE INDEPENDIENTE) QUE HAY QUE TENER EN CUENTA A LA HORA DE ESCRIBIR LA COMPLEJA ECUACION DE LA SELECCION TECNOLOGICA. SIN EMBARGO, NO EXISTE UN MARCO GLOBAL PARA ENTENDER ESTOS PROCESOS DESDE LA PERSPECTIVA DE LA HISTORIA DE LA CIENCIA. AUTORES COMO S. JASANOFF Y J.-P. GAUDILLIERE HAN MOSTRADO LA MULTIPLICIDAD DE ESFUERZOS NECESARIOS PARA INTRODUCIR UN NUEVO ARTEFACTO EN LA SOCIEDAD, Y OTROS,  COMO D. EDGERTON, NOS HAN RECORDADO QUE, SIN ALTERNATIVAS PRESENTES O IMAGINABLES, NINGUNA RESISTENCIA ACTIVISTA ES COMPRENSIBLE. POR SUPUESTO, NO TODAS LAS PROTESTAS ACTIVISTAS CONTRA LA CIENCIA Y LA TECNOLOGIA HAN DESEMBOCADO EN INNOVACION CIENTIFICA Y TECNOLOGICA. NO OBSTANTE, LA OPOSICION SOCIAL A DETERMINADOS PROYECTOS CIENTIFICOS Y TECNOLOGICOS SI HA DESENCADENADO UNA BUENA DOSIS DE INGENIO EN NUMEROSAS OCASIONES. LAS PRACTICAS HETEROGENEAS QUE HAY DETRAS DE LO QUE SE DENOMINA ""CIENCIA CIVICA"", ""CIENCIA DE LA CALLE"" Y ""CIENCIA CIUDADANA"" ESTAN ESTRECHAMENTE RELACIONADAS CON ESAS VIAS ALTERNATIVAS DE HACER CIENCIA.
HACIENDO CONVERGER VARIOS DE LOS PROYECTOS NACIONALES E INTERNACIONALES PREVIOS DE LOS INVESTIGADORES DEL PROYECTO, ESTE SUBPROYECTO SE CENTRARA EN LAS ZONAS EPISTEMICAS SOCIALMENTE HIBRIDAS DONDE ACTIVISTAS Y EXPERTOS INTERCAMBIAN CONOCIMIENTOS, SE ENFRENTAN A LA IGNORANCIA CIENTIFICA Y PRODUCEN HERRAMIENTAS EPISTEMICAS CON FINES POLITICOS EN UNA AMPLIA GAMA DE ESCALAS. EN CONCRETO, EL SUBPROYECTO ABORDARA TRES GRANDES TEMAS COMO LINEAS PRINCIPALES DE INVESTIGACION: EL MEDIO AMBIENTE, LA CIUDAD Y EL CUERPO. TODAS ESTAS LINEAS SE ARTICULARAN CON LAS SIGUIENTES DIMENSIONES INTERSECCIONALES: ACTORES INVISIBILIZADOS, EMOCIONES COGNITIVAS, IMAGINARIOS SOCIOTECNICOS Y PERSPECTIVAS TRANSNACIONALES."
AEI:PID2023-150709OB-I00;AEI;Proyectos de I+D+I (Generación de Conocimiento y Retos Investigación);2023;PID2023-150709OB-I00;ESTRATEGIAS Y HERRAMIENTAS CIENTIFICAS Y EDUCATIVAS PARA AVANZAR HACIA UNA GESTION SOSTENIBLE DE LAS PESQUERIAS ARTESANALES DE TIBURONES Y RAYAS AMENAZADAS;Ciencias y tecnologías medioambientales · Ciencias y tecnologías marinas;UNIVERSIDAD DE OVIEDO;Q3318001I;Asturias;fuente;ASTURIAS;;;;335000,00;0,00;;resumen;https://www.aei.gob.es/ayudas-concedidas/buscador-ayudas-concedidas?code=PID2023-150709OB-I00;LOS ELASMOBRANQUIOS (TIBURONES Y RAYAS) DESEMPEÑAN UN PAPEL FUNDAMENTAL EN LA REGULACION DE LOS ECOSISTEMAS MARINOS Y SE CONSIDERAN ESPECIES CLAVE PARA MANTENER EL EQUILIBRIO EN LOS OCEANOS. SON UN GRUPO ECOLOGICAMENTE DIVERSO QUE OCUPA UNA AMPLIA GAMA DE HABITATS Y QUE SON EXPLOTADOS POR INDUSTRIAS PESQUERAS COSTERAS, PELAGICAS Y DE AGUAS PROFUNDAS. A PESAR DE ELLO, ESTAS ESPECIES SE ENCUENTRAN ENTRE LOS GRUPOS DE VERTEBRADOS SOBRE LOS QUE SE DISPONE DE MENOS DATOS, LO QUE DIFICULTA EL DISEÑO Y LA APLICACION DE MEDIDAS REGULADORAS Y DE CONSERVACION. THE.SHARK-RAY.MAP (ARENA-UNIOVI, ICM-CSIC, IEO-CSIC, SERIDA, IUSA-ULPGC, THE NORWEGIAN IMR, THE GIJON BIOPARC AQUARIUM, RULA DE AVILES AND THE NGOS CATSHARKS AND WWF) ES UNA PROPUESTA MULTIDISCIPLINAR EN LA QUE ECOLOGOS, ESPECIALISTAS EN PESQUERIAS, VETERINARIOS, QUIMICOS, GENETISTAS, MIEMBROS DE ONGS Y EDUCADORES SE UNEN PARA IMPLEMENTAR Y UTILIZAR NUEVAS HERRAMIENTAS Y ESTRATEGIAS CIENTIFICAS, Y EDUCATIVAS, EN EL OBJETIVO COMUN DE EVOLUCIONAR HACIA POLITICAS DE GESTION SOSTENIBLE DE LA PESCA DE ELASMOBRANQUIOS BASADAS EN NUEVOS DATOS CIENTIFICOS. EL PROYECTO DESCRIBIRA Y ANALIZARA EL ESTADO DE LAS ESPECIES DE ELASMOBRANQUIOS BASANDOSE EN ANALISIS CRITICOS DE LOS INFORMES OFICIALES DE PESCA Y EN LOS RESULTADOS DE LAS EVALUACIONES CIENTIFICAS REALIZADAS POR EL EQUIPO DE LOS DESEMBARCOS DE ELASMOBRANQUIOS EN LAS LONJAS/RULAS PESQUERAS. LA CARTOGRAFIA SOBRE EL ESTADO Y DISTRIBUCION DE LAS ESPECIES UTILIZARA, COMO CASOS DE ESTUDIO, DOS AREAS PILOTO DEL CANTABRICO Y EL MEDITERRANEO Y SE COMPLEMENTARA CON INNOVADORES ANALISIS DE ADN AMBIENTAL (EDNA). EL PROYECTO TAMBIEN SE CENTRARA EN EL ETIQUETADO INCORRECTO Y EL ANALISIS DEL FRAUDE EN LA COMERCIALIZACION DE ELASMOBRANQUIOS BASANDOSE EN ESTUDIOS GENETICOS TIPO CODIGO DE BARRAS (BARCODING), LA DESCRIPCION DE LA CONTAMINACION POR METALES PESADOS, Y SUS IMPLICACIONES, Y ESTUDIOS PILOTO DE PATOLOGIAS Y DESCRIPCION DE ENFERMEDADES EMERGENTES EN TIBURONES Y RAYAS. ADEMAS, TRATAREMOS DE AVANZAR EN EL CASI INEXISTENTE CONOCIMIENTO GENOMICO EN ESPECIES DE TIBURONES Y RAYAS DEL CANTABRICO Y MEDITERRANEO DESARROLLANDO DOS GENOMAS DE REFERENCIA A NIVEL CROMOSOMICO Y LLEVANDO A CABO EL DESCUBRIMIENTO Y ANALISIS DE SNPS EN ESTAS ESPECIES. EL PROYECTO IMPLEMENTARA TAMBIEN ACTIVIDADES EDUCATIVAS CON PROFESORES Y NIÑOS PARA PROMOVER ACTITUDES POSITIVAS HACIA LA PESCA TRADICIONAL SOSTENIBLE Y LA CONSERVACION DE LOS ELASMOBRANQUIOS. SE ENRIQUECERAN LOS PROGRAMAS FORMATIVOS DE PRIMARIA Y SECUNDARIA MEDIANTE JUEGOS EN LINEA Y DE MESA, ENFOQUES DE CIENCIA CIUDADANA BASADOS EN LA COLECTA DE HUEVOS DE RAYAS Y TIBURONES EN PLAYAS DE LA REGION Y LA IMPLEMENTACION EN LOS COLEGIOS DE EXPERIENCIAS PARA LOS PEQUEÑOS COMO PRESENCIAR LA ECLOSION DE TIBURONES Y RAYAS EN PEQUEÑOS ACUARIOS APORTADOS POR EL PROYECTO PARA SER POSTERIORMENTE LIBERADOS. THE.SHARK-RAY.MAP CONTRIBUIRA, CON MODESTIA, A GENERAR DATOS RELEVANTES QUE NO ESTAN DISPONIBLES SOBRE ELASMOBRANQUIOS Y RELLENARA LAGUNAS DE CONOCIMIENTO SOBRE LAS CAPTURAS DE LA PESCA ARTESANAL DE ELASMOBRANQUIOS EN AGUAS ESPAÑOLAS. SE ESPERA QUE EL PROYECTO IMPULSE UN ESCENARIO FAVORABLE PARA APLICAR NUEVOS PROCEDIMIENTOS DE GESTION Y CONSERVACION DE STOCKS EN RAYAS Y TIBURONES Y REFUERCE LOCALMENTE LA ALFABETIZACION OCEANICA DE NIÑOS, JOVENES Y ADULTOS.
AEI:PID2023-151825OB-I00;AEI;Proyectos de I+D+I (Generación de Conocimiento y Retos Investigación);2023;PID2023-151825OB-I00;BEETHOVEN Y ESPAÑA (1800-1936): ANALISIS, RECEPCION, RELACIONES INTERDISCIPLINARES Y PORTAL DIGITAL;Cultura: filología, literatura y arte · Arte, bellas artes, museística;UNIVERSIDAD DE CASTILLA-LA MANCHA;Q1368009E;Castilla-La Mancha;fuente;ALBACETE;;;;50000,00;0,00;;resumen;https://www.aei.gob.es/ayudas-concedidas/buscador-ayudas-concedidas?code=PID2023-151825OB-I00;"LA CELEBRACION DEL BICENTENARIO DEL FALLECIMIENTO DEL COMPOSITOR ALEMAN LUDWIG VAN BEETHOVEN EN 2027 PROPICIA UNA OCASION NECESARIA PARA ESTUDIAR LA RECEPCION DE SU OBRA MUSICAL EN ESPAÑA ENTRE 1800 Y 1936, TANTO DESDE UN PUNTO DE VISTA MULTIDISCIPLINAR COMO INTERDISCIPLINAR. EL PROYECTO SERA REALIZADO POR UN EQUIPO QUE HA ACREDITADO UNA INVESTIGACION PROPEDEUTICA Y PRELIMINAR DE IMPACTO SOBRE LOS ANTECEDENTES DEL TEMA PROPUESTO EN EL AÑO 2020 (250 AÑOS DE SU NACIMIENTO), DESCUBRIENDO LA NECESIDAD DE UN PROYECTO SISTEMATICO QUE INCARDINE A ESPAÑA EN EL CONTEXTO DE LA RECEPCION INTERNACIONAL DE SU PENSAMIENTO Y OBRA. 
SE PRESENTARA COMO HIPOTESIS FUNDAMENTAL EL HECHO DE QUE LA FALTA DE INFRAESTRUCTURAS MUSICALES, LA AUSENCIA DE ORQUESTAS PROFESIONALES, LOS GUSTOS DEL PUBLICO ESPAÑOL DECANTADOS HACIA LA OPERA ITALIANA O EL PREJUICIO HACIA LA MUSICA GERMANA POR SU COMPLEJIDAD FUERON FATORES QUE MOTIVARON LA TARDIA RECEPCION DE LA MUSICA CLASICA VIENESA Y DE BEETHOVEN, EN PARTICULAR, EN ESPAÑA -CON CARACTERISTICAS MUY DISTINTAS A SU RECEPCION EN EUROPA-, PERO RAPIDAMENTE ACELERADA A PARTIR DE 1866 POR F. A. BARBIERI Y LA SOCIEDAD DE CONCIERTOS, MOMENTO EN EL QUE SE INSTAURAN UNA SERIE DE DINAMICAS FRACTURADAS POR LA GUERRA CIVIL. SE ESTUDIARA ASI DESDE UNA PERSPECTIVA MULTIDISCIPLINAR Y ORGANICA INTERDISCIPLINAR (CONTEMPLADA DESDE LA INTERMEDIALIDAD) LAS FUENTES HEMEROGRAFICAS, LITERARIAS, ARTISTICAS, RADIOFONICAS Y CINEMATOGRAFICAS ENTRE 1800 Y 1936. 
AL MARGEN DE LAS PUBLICACIONES EN OPEN ACCESS, SEMINARIOS, JORNADAS Y CONGRESO FINAL CONTEMPLADOS COMO ENTREGABLES, DADA LA ACREDITADA EXPERIENCIA DEL CENTRO DE INVESTIGACION Y DOCUMENTACION MUSICAL (CIDOM) EN LA GESTION DE BASES DE DATOS SOBRE EL PATRIMONIO HISTORICO MUSICAL, SE PROPONE CREAR UN PORTAL DIGITAL CON UNA GRAN BASE DE DATOS QUE DOCUMENTE Y PRESENTE AL GRAN PUBLICO (CIENCIA CIUDADANA) NO SOLO LAS PROPIAS FUENTES MUSICALES DE LA PRODUCCION BEETHOVENIANA CONSERVADA EN LOS ARCHIVOS, CAPILLAS, BIBLIOTECAS, MUSEOS Y COLECCIONES PARTICULARES DE ESPAÑA, SINO TAMBIEN SU PRESENCIA EN LA PRENSA HISTORICA ESPAÑOLA, LITERATURA, ARTES PLASTICAS, RADIO Y CINE MUDO Y DE ENTRETENIMIENTO DURANTE EL PERIODO ESTUDIADO.  ESTO PERMITE ABORDAR UNA REFLEXION SISTEMICA INTERDISCIPLINAR NO SOLO SOBRE LOS POSTULADOS DE UNA TEORIA DE LA RECEPCION HISTORICA SEGUN H. R. JAUSS, SINO TAMBIEN, Y MUY ESPECIALMENTE, DESDE UNA HISTORIA DE LAS SENSIBILIDADES Y TEORIA DE LA RECEPCION APOYADA EN LA TRADICION HERMENEUTICA Y FENOMENOLOGICA PROCEDENTE DE ROMAN INGARDEN, W. ISER, G. GADAMER, S. FISH Y D. BLEICH, CON EL FIN DE COMPRENDER Y DIFUNDIR EN LOS COMO HA SIDO PERCIBIDA DE UN MODO INTEGRAL LA FIGURA DE BEETHOVEN EN SU DIMENSION MUSICOLOGICA Y MUSICAL, ASI COMO EN EL SUSTRATO CULTURAL DE NUESTRO PAIS ATENDIENDO, ADEMAS, A UNA PERSPECTIVA DE GENERO QUE VISIBILICE A INTERPRETES, DOCENTES Y COMPOSITORAS. 
LA EXPERIENCIA Y LIDERAZGO E LOS IPS EN REDES Y PRUEBA DE CONCEPTO; UN EQUIPO DE INVESTIGACION EQUILIBRADO EN GENERO, INTERDISCIPLINAR Y MULTIDISCIPLINAR DE 9 MIEMBROS (3CU, 1TU, 5COD), CON MUSICOLOGOS, FILOLOGOS, HISTORIADORES DEL ARTE, BELLAS ARTES Y DANZA, 18 SEXENIOS DE INVESTIGACION Y 2 DE TRANSFERENCIA; Y UN EQUIPO DE TRABAJO DE 16 INVESTIGADORES CON 10 DOCTORES (6  CU) DE UNIVERSIDADES INTERNACIONALES -HAMBURGO , HEIDELBERG , NOTTINGHAM, SORBONNE, MESSINA- PERMITIRAN CONOCER DE UN MODO SISTEMATICO LA RECEPCION DE BEETHOVEN ENESPAÑA Y COMO SU INFLUENCIA DIFIERE Y CONVERGE CON LA ESFERA INTERNACIONAL."
AEI:PID2023-152801NB-I00;AEI;Proyectos de I+D+I (Generación de Conocimiento y Retos Investigación);2023;PID2023-152801NB-I00;ESCALANDO DINAMICAS TEMPORALES EN LA VEGETACION BAJO EVENTOS CLIMATICOS EXTREMOS;Ciencias y tecnologías medioambientales · Biodiversidad;AGENCIA ESTATAL CONSEJO SUPERIOR DE INVESTIGACIONES CIENTIFICAS (CSIC);Q2818002D;Comunidad Valenciana;fuente;VALENCIA;;;;202500,00;0,00;;resumen;https://www.aei.gob.es/ayudas-concedidas/buscador-ayudas-concedidas?code=PID2023-152801NB-I00;"LA EXPLORACION DE LA ESTABILIDAD ECOLOGICA HA COBRADO IMPULSO EN LAS ULTIMAS DECADAS, ESPECIALMENTE ANTE CRECIENTES ANOMALIAS CLIMATICAS. LA ESTABILIDAD TEMPORAL, QUE DENOTA LA CAPACIDAD DE UN SISTEMA PARA MANTENER DIVERSAS PROPIEDADES DEL ECOSISTEMA EN EL TIEMPO, REFLEJA LAS FLUCTUACIONES DE ORGANISMOS DESDE POBLACIONES HASTA COMUNIDADES Y ECOSISTEMAS. SIN EMBARGO, COMPRENDER ESTE PROCESO DE ESCALADO ENFRENTA DESAFIOS DEBIDO A LA ESCASEZ DE DATOS A LARGO PLAZO, TANTO A NIVEL LOCAL COMO GLOBAL, Y A LIMITACIONES CONCEPTUALES Y METODOLOGICAS. ADEMAS, LAS FLUCTUACIONES ENTRE ORGANISMOS SON EVIDENTES TANTO A TRAVES DE VARIACIONES EN SU FENOLOGIA, QUE INDICA EL PERIODO DURANTE EL CUAL CRECEN, FLORECEN Y PRODUCEN SEMILLAS, ASI COMO EN SU ABUNDANCIA. LAS CONEXIONES ENTRE ESTOS ASPECTOS QUEDAN INEXPLORADAS DEBIDO A LA ESCASEZ DE DATOS LO LARGO DEL TIEMPO. ESTA INVESTIGACION BUSCA DESCIFRAR LOS IMPULSORES DE LA ESTABILIDAD ECOLOGICA Y EVALUAR EL EFECTO DE ANOMALIAS CLIMATICAS, EXAMINANDO LAS FLUCTUACIONES TANTO EN ABUNDANCIA COMO EN FENOLOGIA. LA HIPOTESIS CENTRAL SOSTIENE QUE LA ESTABILIDAD ECOLOGICA SURGE DE DINAMICAS COMPENSATORIAS, QUE IMPLICAN LA SUSTITUCION TEMPORAL DE ORGANISMOS COEXISTENTES CON DIVERSAS ESTRATEGIAS ECOLOGICAS DENTRO Y ENTRE AÑOS. SIN EMBARGO, EVENTOS CLIMATICOS EXTREMOS PUEDEN ALTERAR ESTAS DINAMICAS. EL PROYECTO SE CENTRA EN LAS FLUCTUACIONES TEMPORALES, INTEGRANDO OBSERVACIONES IN SITU, IMAGENES ESPECTRALES Y CIENCIA CIUDADANA A TRAVES DE UNA NUEVA APLICACION PARA TELEFONOS MOVILES. LA INVESTIGACION COMBINA UNA METODOLOGIA INTEGRADA DE MUESTREO YA ESTABLECIDA, DATOS A LARGO PLAZO DE PARCELAS PERMANENTES EN BIOMAS DIVERSOS Y EXPERIMENTOS DE BIODIVERSIDAD. LOS DATOS DE PARCELAS PERMANENTES PROVIENEN DE DIVERSAS INICIATIVAS, QUE INCLUYEN ESFUERZOS REGIONALES COMO LA RED BIOCLIMA (REGION VALENCIANA), CONTRIBUCIONES NACIONALES CON SEIS SITIOS DE PARCELAS PERMANENTES (TRES PARTICIPAN ACTIVAMENTE EN EL PROYECTO) Y ESFUERZOS GLOBALES COMO LONG TERM VEGETATION SAMPLING (HTTPS://LOTVS.CSIC.ES/  COORDINADO POR EL IP DE ESTE PROYECTO, CON CASI 90 PARCELAS PERMANENTES EN TODO EL MUNDO). EL PROYECTO SE CENTRA EN TRES OBJETIVOS PRINCIPALES, INVESTIGANDO DINAMICAS COMPENSATORIAS (I) DENTRO DE ESPECIES, (II) ENTRE POBLACIONES DE DIFERENTES ESPECIES EN UNA COMUNIDAD Y (III) EN LA INTERFAZ ENTRE COMUNIDADES Y FUNCIONES DEL ECOSISTEMA. ESTOS OBJETIVOS FORMAN LA BASE DE TRES PAQUETES DE TRABAJO (WP 1-3), CADA UNO CON ACCIONES ESPECIFICAS (SA 1-6) Y SUS RESPECTIVOS OBJETIVOS. EL PROYECTO SE BENEFICIA DE LA EXPERIENCIA DE UN EQUIPO INTERNACIONAL Y MULTIDISCIPLINARIO EN SERIES TEMPORALES, DIVERSIDAD GENETICA, FENOLOGIA E IMAGENES ESPECTRALES. EL EQUIPO HA LIDERADO PROYECTOS DE INVESTIGACION PIONEROS EN ECOLOGIA BASADA EN RASGOS, RESALTANDO SU INTRINCADA RELACION CON LA ESTABILIDAD ECOLOGICA. AL ABORDAR LA FRAGMENTACION EN EL ESTUDIO DE LAS DINAMICAS TEMPORALES, ESTA INVESTIGACION SUBRAYA LA IMPORTANCIA DE UNA COMPRENSION INTEGRAL Y MULTIDIMENSIONAL DE LA ESTABILIDAD ECOLOGICA A TRAVES DE HERRAMIENTAS ANALITICAS COMBINADAS. EL PROYECTO BUSCA CONECTAR LAS FLUCTUACIONES TEMPORALES A TRAVES DE DIFERENTES ESCALAS, PROPORCIONANDO VALIOSOS CONOCIMIENTOS PARA ECOLOGOS Y GESTORES SOBRE LAS REPERCUSIONES DE LAS ANOMALIAS CLIMATICAS EN LA VEGETACION Y LOS ECOSISTEMAS. TAMBIEN BUSCA VALIDAR INDICADORES DE CAMBIO CLIMATICO A TRAVES DE CAMBIOS FENOLOGICOS EN LAS PLANTAS, ESTABLECIENDO SISTEMAS DE ALERTA TEMPRANA (""ADVERTERE"", ALERTAR, EN LATIN)"
AEI:PID2023-153099NA-I00;AEI;Proyectos de I+D+I (Generación de Conocimiento y Retos Investigación);2023;PID2023-153099NA-I00;EINSTEIN PROBE: UNA NUEVA MIRADA A L'UNIVERSO TRANSITORIO EN RAYOS X;Ciencias físicas · Astronomía y astrofísica;INSTITUT D ESTUDIS ESPACIALS DE CATALUNYA;G61051710;Cataluña;fuente;BARCELONA;;;;207500,00;0,00;;resumen;https://www.aei.gob.es/ayudas-concedidas/buscador-ayudas-concedidas?code=PID2023-153099NA-I00;"EL PROYECTO ""EINSTEIN PROBE: UNA NUEVA MIRADA A L'UNIVERSO TRANSITORIO DE RAYOS X"" (X-PROBE) TIENE COMO OBJETIVO APROVECHAR LOS DATOS DEL SATELITE EINSTEIN PROBE LANZADO RECIENTEMENTE PARA ESTUDIAR EVENTOS TRANSITORIOS Y VARIABLES EN EL UNIVERSO DE RAYOS X ASOCIADOS CON ESTRELLAS DE NEUTRONES. EL IP Y LOS MIEMBROS DEL EQUIPO HAN SIDO DESIGNADOS POR LA ESA COMO MIEMBROS DEL CONSORCIO, Y SON EL UNICO GRUPO ESPAÑOL Y UNO DE LOS POCOS EUROPEOS EN EL CONSORCIO DE EINSTEIN PROBE. LA ESA TENDRA ACCESO EXCLUSIVO AL 10% DE TODOS LOS DATOS QUE RECOPILARA LA MISION DESDE EL INICIO DE SUS OPERACIONES CIENTIFICAS A FINALES DE ESTE AÑO.

LOS PRINCIPALES OBJETIVOS DEL PROYECTO INCLUYEN: PROFUNDIZAR EN LA COMPRENSION DE LOS EVENTOS VARIABLES Y TRANSITORIOS DE RAYOS X ASOCIADOS CON LAS ESTRELLAS DE NEUTRONES; INVESTIGAR LOS MECANISMOS DETRAS DE LAS INESTABILIDADES MAGNETICAS EN ESTRELLAS DE NEUTRONES AISLADAS FUERTEMENTE MAGNETIZADAS; ESTUDIAR SUS PROCESOS DE ENFRIAMIENTO DESPUES DE EXPLOSIONES; INVESTIGAR LA INTERACCION ENTRE LA MATERIA Y LOS CAMPOS MAGNETICOS EN ESTRELLAS DE NEUTRONES EN ACRECION EN DIVERSAS CONDICIONES; COMPRENDER LOS PROCESOS DE ACRECION Y EYECCION DE MASA Y EL CAMINO EVOLUTIVO DE LAS ESTRELLAS DE NEUTRONES EN ACRECION.

METODOLOGICAMENTE, X-PROBE COMPRENDERA CUATRO PAQUETES DE TRABAJO:
1. BUSQUEDA SISTEMATICA Y CARACTERIZACION DE TRANSITORIOS Y FUENTES VARIABLES UTILIZANDO DATOS DE EINSTEIN PROBE.
2. ESTUDIOS CENTRADOS EN OBSERVACIONES DE MAGNETARES Y MODELIZACION DE ENFRIAMIENTO.
3. INVESTIGACION DETALLADA DE REGIMENES DE ACRECION TENUE DE BINARIOS TRANSITORIOS DE RAYOS X DE BAJA MASA Y PULSARES TRANSICIONALES DE MILISEGUNDOS.
4. COBERTURA DE MULTIPLES LONGITUDES DE ONDA QUE IMPLICA OBSERVACIONES EXTENSAS DE MAGNETARES, ESTRELLAS DE NEUTRONES EN ACRECION Y FUENTES PECULIARES DETECTADAS POR EL PROYECTO.

EL EQUIPO DEL PROYECTO ESTA ALTAMENTE CUALIFICADO Y CUENTA CON MIEMBROS CON AMPLIA EXPERIENCIA EN EL ESTUDIO DE ESTRELLAS DE NEUTRONES AISLADAS Y EN ACRECION. EL EQUIPO TIENE BALANCE DE GENERO Y ES MUY INTERNACIONAL, Y ESTA FORMADO POR EXPERTOS EN ASTROFISICA TEORICA Y OBSERVACIONAL, CON UN SOLIDO HISTORIAL DE CONTRIBUCIONES AL CAMPO. PARA LA EJECUCION DEL PROYECTO, EL EQUIPO SE APOYARA EN LOS RECURSOS COMPUTACIONALES EXISTENTES Y PLANEA CONTRATAR INVESTIGADORES POSTDOCTORALES ADICIONALES. EL EQUIPO TAMBIEN OFRECERA UN PROGRAMA DE FORMACION INCLUSIVO PARA INVESTIGADORES JOVENES, QUE CUBRIRA ANALISIS DE DATOS, SIMULACIONES NUMERICAS Y PARTICIPACION EN COLABORACIONES INTERNACIONALES Y COMUNICACION CIENTIFICA.

LOS RESULTADOS DEL PROYECTO X-PROBE INCLUIRAN EL DESARROLLO DE ALGORITMOS Y HERRAMIENTAS AVANZADOS PARA LA BUSQUEDA DE FUENTES TRANSITORIAS Y LA CARACTERIZACION DE LA VARIABILIDAD DE LOS RAYOS X, QUE SE PONDRAN A DISPOSICION DE LA COMUNIDAD CIENTIFICA A TRAVES DE UNA PLATAFORMA ONLINE. EL PROYECTO TAMBIEN PRETENDE PARTICIPAR EN PROYECTOS DE DIVULGACION EDUCATIVA Y CIENCIA CIUDADANA, MEJORANDO LA PARTICIPACION PUBLICA EN LA INVESTIGACION ASTROFISICA.

EN GENERAL, X-PROBE ESTA DESTINADO A AVANZAR SIGNIFICATIVAMENTE EN NUESTRA COMPRENSION DEL UNIVERSO DE RAYOS X TRANSITORIO Y VARIABLE Y DE LA NATURALEZA Y EL COMPORTAMIENTO DE LOS OBJETOS COMPACTOS EN NUESTRA GALAXIA Y MAS ALLA."
AEI:PREP2023-001300;AEI;Contratos Predoctorales Proyectos Generación del Conocimiento;2023;PREP2023-001300;¿Y DESPUES DEL CONSUMO MASIVO DE PRENDAS DE VESTIR? ECONOMIA CIRCULAR EN LA INDUSTRIA DE LA MODA A TRAVES DE LA CIENCIA CIUDADANA;Ciencias sociales · Sociología y antropología social;UNIVERSIDAD DE GRANADA;Q1818002F;Andalucía;fuente;GRANADA;;;;125200,00;0,00;;titulo;https://www.aei.gob.es/ayudas-concedidas/buscador-ayudas-concedidas?code=PREP2023-001300;
AEI:PREP2023-001415;AEI;Contratos Predoctorales Proyectos Generación del Conocimiento;2023;PREP2023-001415;COMUNICACION TRIBUTARIA CLARA. ESTUDIO Y CLARIFICACION DEL DISCURSO EMPLEADO EN EL PROCEDIMIENTO DE APLAZAMIENTO Y FRACCIONAMIENTO DE DEUDAS;Mente, lenguaje y pensamiento · Lingüística y lenguas;UNIVERSIDAD DE BARCELONA;Q0818001J;Cataluña;fuente;BARCELONA;;;;125200,00;0,00;;palabras-clave;https://www.aei.gob.es/ayudas-concedidas/buscador-ayudas-concedidas?code=PREP2023-001415;
AEI:PREP2023-001683;AEI;Contratos Predoctorales Proyectos Generación del Conocimiento;2023;PREP2023-001683;CIENCIA ABIERTA Y CIENCIA CIUDADANA PARA UNA SOCIEDAD MAS SOSTENIBLE E INCLUSIVA: APORTACIONES DEL SISTEMA UNIVERSITARIO ESPAÑOL;Ciencias sociales · Comunicación;UNIVERSIDAD AUTONOMA DE MADRID;Q2818013A;Madrid;fuente;MADRID;;;;125200,00;0,00;;titulo;https://www.aei.gob.es/ayudas-concedidas/buscador-ayudas-concedidas?code=PREP2023-001683;
AEI:PREX2023-000021;AEI;Contratos Predoctorales Severo Ochoa y María de Maeztu;2023;PREX2023-000021;AGR-CENTRO DE INVESTIGACION ECOLOGIA Y APLICACIONES FORESTALES CCT;Ciencias y tecnologías medioambientales · Biodiversidad;CENTRO DE INVESTIGACION ECOLOGIA Y APLICACIONES FORESTALES CCT;Q5850011G;Cataluña;fuente;BARCELONA;;;;116000,00;0,00;;palabras-clave;https://www.aei.gob.es/ayudas-concedidas/buscador-ayudas-concedidas?code=PREX2023-000021;
AEI:PREX2023-000022;AEI;Contratos Predoctorales Severo Ochoa y María de Maeztu;2023;PREX2023-000022;AGR-CENTRO DE INVESTIGACION ECOLOGIA Y APLICACIONES FORESTALES CCT;Ciencias y tecnologías medioambientales · Biodiversidad;CENTRO DE INVESTIGACION ECOLOGIA Y APLICACIONES FORESTALES CCT;Q5850011G;Cataluña;fuente;BARCELONA;;;;116000,00;0,00;;palabras-clave;https://www.aei.gob.es/ayudas-concedidas/buscador-ayudas-concedidas?code=PREX2023-000022;
AEI:PREX2023-000023;AEI;Contratos Predoctorales Severo Ochoa y María de Maeztu;2023;PREX2023-000023;AGR-CENTRO DE INVESTIGACION ECOLOGIA Y APLICACIONES FORESTALES CCT;Ciencias y tecnologías medioambientales · Biodiversidad;CENTRO DE INVESTIGACION ECOLOGIA Y APLICACIONES FORESTALES CCT;Q5850011G;Cataluña;fuente;BARCELONA;;;;116000,00;0,00;;palabras-clave;https://www.aei.gob.es/ayudas-concedidas/buscador-ayudas-concedidas?code=PREX2023-000023;
AEI:PREX2023-000024;AEI;Contratos Predoctorales Severo Ochoa y María de Maeztu;2023;PREX2023-000024;AGR-CENTRO DE INVESTIGACION ECOLOGIA Y APLICACIONES FORESTALES CCT;Ciencias y tecnologías medioambientales · Biodiversidad;CENTRO DE INVESTIGACION ECOLOGIA Y APLICACIONES FORESTALES CCT;Q5850011G;Cataluña;fuente;BARCELONA;;;;116000,00;0,00;;palabras-clave;https://www.aei.gob.es/ayudas-concedidas/buscador-ayudas-concedidas?code=PREX2023-000024;
AEI:PREX2023-000025;AEI;Contratos Predoctorales Severo Ochoa y María de Maeztu;2023;PREX2023-000025;AGR-CENTRO DE INVESTIGACION ECOLOGIA Y APLICACIONES FORESTALES CCT;Ciencias y tecnologías medioambientales · Biodiversidad;CENTRO DE INVESTIGACION ECOLOGIA Y APLICACIONES FORESTALES CCT;Q5850011G;Cataluña;fuente;BARCELONA;;;;116000,00;0,00;;palabras-clave;https://www.aei.gob.es/ayudas-concedidas/buscador-ayudas-concedidas?code=PREX2023-000025;
AEI:PREX2023-000026;AEI;Contratos Predoctorales Severo Ochoa y María de Maeztu;2023;PREX2023-000026;AGR-CENTRO DE INVESTIGACION ECOLOGIA Y APLICACIONES FORESTALES CCT;Ciencias y tecnologías medioambientales · Biodiversidad;CENTRO DE INVESTIGACION ECOLOGIA Y APLICACIONES FORESTALES CCT;Q5850011G;Cataluña;fuente;BARCELONA;;;;116000,00;0,00;;palabras-clave;https://www.aei.gob.es/ayudas-concedidas/buscador-ayudas-concedidas?code=PREX2023-000026;
AEI:PREX2023-000027;AEI;Contratos Predoctorales Severo Ochoa y María de Maeztu;2023;PREX2023-000027;AGR-CENTRO DE INVESTIGACION ECOLOGIA Y APLICACIONES FORESTALES CCT;Ciencias y tecnologías medioambientales · Biodiversidad;CENTRO DE INVESTIGACION ECOLOGIA Y APLICACIONES FORESTALES CCT;Q5850011G;Cataluña;fuente;BARCELONA;;;;116000,00;0,00;;palabras-clave;https://www.aei.gob.es/ayudas-concedidas/buscador-ayudas-concedidas?code=PREX2023-000027;
AEI:PREX2023-000028;AEI;Contratos Predoctorales Severo Ochoa y María de Maeztu;2023;PREX2023-000028;AGR-CENTRO DE INVESTIGACION ECOLOGIA Y APLICACIONES FORESTALES CCT;Ciencias y tecnologías medioambientales · Biodiversidad;CENTRO DE INVESTIGACION ECOLOGIA Y APLICACIONES FORESTALES CCT;Q5850011G;Cataluña;fuente;BARCELONA;;;;116000,00;0,00;;palabras-clave;https://www.aei.gob.es/ayudas-concedidas/buscador-ayudas-concedidas?code=PREX2023-000028;
AEI:PREX2023-000029;AEI;Contratos Predoctorales Severo Ochoa y María de Maeztu;2023;PREX2023-000029;AGR-CENTRO DE INVESTIGACION ECOLOGIA Y APLICACIONES FORESTALES CCT;Ciencias y tecnologías medioambientales · Biodiversidad;CENTRO DE INVESTIGACION ECOLOGIA Y APLICACIONES FORESTALES CCT;Q5850011G;Cataluña;fuente;BARCELONA;;;;116000,00;0,00;;palabras-clave;https://www.aei.gob.es/ayudas-concedidas/buscador-ayudas-concedidas?code=PREX2023-000029;
AEI:PREX2023-000030;AEI;Contratos Predoctorales Severo Ochoa y María de Maeztu;2023;PREX2023-000030;AGR-CENTRO DE INVESTIGACION ECOLOGIA Y APLICACIONES FORESTALES CCT;Ciencias y tecnologías medioambientales · Biodiversidad;CENTRO DE INVESTIGACION ECOLOGIA Y APLICACIONES FORESTALES CCT;Q5850011G;Cataluña;fuente;BARCELONA;;;;116000,00;0,00;;palabras-clave;https://www.aei.gob.es/ayudas-concedidas/buscador-ayudas-concedidas?code=PREX2023-000030;
AEI:PTQ2023-013137;AEI;Torres Quevedo;2023;PTQ2023-013137;Medición eficacia productos visualización datos entornos realidad extendida como eje transformador ámbito comunicación científica y ciencia ciudadana;Ciencias sociales · Comunicación;SCIENCE FOR CHANGE, S.L.;B67362392;Cataluña;fuente;BARCELONA;;;;97188,00;0,00;;titulo;https://www.aei.gob.es/ayudas-concedidas/buscador-ayudas-concedidas?code=PTQ2023-013137;
AEI:RYC2023-045720-I;AEI;Ramón y Cajal;2023;RYC2023-045720-I;Socio-ecosystem metabolism: assessing anthropic water and energy dependencies and their complex contribution to ecosystem impact and global change;Energía y transporte · Energia;CENTRO DE INVESTIGACION ENERGETICA MEDIOAMBIENTAL Y TECNOLOGICA (CIEMAT);Q2820002J;Cataluña;fuente;BARCELONA;;;;251800,00;0,00;;palabras-clave;https://www.aei.gob.es/ayudas-concedidas/buscador-ayudas-concedidas?code=RYC2023-045720-I;
FB:97851519;FB;Biodiversa+;2023;97851519;EUROSYNG – Promoting action on broad ocean challenges by delving into the past, present and future of European syngnathids;Generación y gestión del conocimiento;Instituto Universitario Ecoaqua, Universidad de Las Palmas de Gran Canaria.;;Canarias;nombre;;;2023;2026;0,00;0,00;Biodiversa +;resumen;https://fundacion-biodiversidad.es/proyecto_biodiversa/eurosyng-promoting-action-on-broad-ocean-challenges-by-delving-into-the-past-present-and-future-of-european-syngnathids/;"El proyecto proporciona una imagen clara del estatus de las poblaciones de signátidos en Europa (estado de salud, conectividad y potencial migratorio) para ayudar a los estados a cumplir con los requerimientos de la resolución WCC-2020-Res-095 de la IUCN (se estima que se desconoce el estado del 83% de las poblaciones). Para ello se van a combinar metodologías tradicionales (datos de museos y censos de poblaciones) con técnicas de última generación (genómica). Los datos servirán para asistir en la creación de AMP y se usarán los caballitos de mar como especie bandera para establecer una conexión emocional con la sociedad que genere conciencia sobre la conservación de los océanos y su implicación en la generación de ciencia ciudadana.
Objetivos: EUROSYNG tiene como objetivo general actuar como un catalizador global para la implementación de WCC-2020-Res-095, lo que permitirá a la UE liderar el proceso de protección eficaz de los signátidos y sus hábitats naturales.
Sus principales objetivos son:
Implementar el primer censo sistemático transnacional, obteniendo una imagen más completa de las distribuciones europeas de signátidos.
Generar mapas de rango actualizados para todos los signátidos europeos, al mismo tiempo que se proyectan distribuciones bajo diferentes escenarios de cambio climático.
Medir la diversidad genética de los signátidos y la salud de la población.
Evaluar la idoneidad de las Áreas Marinas Protegidas (AMP) para la conservación de los signátidos.
Detectar y cuantificar los impactos de las interacciones y sinergias entre las actividades económicas y la conservación de los signátidos.
Cuantificar el resultado de la participación de los ciudadanos y otras partes interesadas en el estudio, garantizando la protección y gestión de los signátidos y sus hábitats.
Desarrollar nuevas herramientas para la conservación de los signátidos.
Sensibilizar a los actores políticos, estudiantes y público en general sobre la conservación y el cambio climático, con énfasis en los signátidos."
FB:97852251;FB;Convocatorias de ayudas;2023;97852251;Observadores del Mar: uniendo miradas frente al cambio climático (OdM Climate);Causas de pérdida de biodiversidad;Consejo Superior de Investigaciones Científicas (CSIC).;;Madrid;manual;;;2023;;198793,21;283990,30;Fundación Biodiversidad;resumen;https://fundacion-biodiversidad.es/proyectos_ficha/observadores-del-mar-uniendo-miradas-frente-al-cambio-climatico/;"A través de este proyecto, el Consejo Superior de Investigaciones Científicas (CSIC) ha establecido una red de ciencia ciudadana capacitada para monitorizar y seguir los efectos del cambio climático en los ecosistemas marinos de las costas españolas, a través de protocolos estandarizados. La información obtenida es de gran utilidad para guiar las medidas para la adaptación al cambio climático de los ecosistemas marinos costeros.
Crédito de la fotografía: Víctor de Valles
Objetivos: El objetivo general de esta iniciativa es establecer una red de ciencia ciudadana capacitada para la monitorización y seguimiento de los efectos del cambio climático en los ecosistemas marinos de las costas españolas, a través de protocolos estandarizados.
Para lograrlo, cuenta con estas metas específicas:
Consolidar y ampliar la red de Observatorios Centinelas (centros de buceo y otras entidades comprometidas con Observadores del Mar) e incentivar el seguimiento de indicadores del cambio climático.
Aumentar la participación de observadores/as y observaciones relacionadas con indicadores del cambio climático.
Transferencia de los resultados de los datos obtenidos de la red de seguimiento de indicadores del cambio climático.
Concienciar a la sociedad sobre la vulnerabilidad, impactos y capacidad de adaptación al cambio climático de los ecosistemas marinos.
Desarrollo tecnológico de la plataforma Observadores del Mar."
FECYT:2023-18911;FECYT;Fomento de la cultura científica 2023;2023;2023/18911;CENTINELAS DEL BOSQUE;Categoría d. Proyectos singulares · d.1 Ciencia Ciudadana;CENTRO DE INVESTIGACIÓN ECOLÓGICA Y APLICACIONES FORESTALES;;Cataluña;fuente;;;;;20000,00;38319,90;;categoria;https://www.convocatoria.fecyt.es/publico/Resolucion/__Recursos/Resolucion_definitiva_convocatoria_CCI_2023.pdf;
FECYT:2023-18918;FECYT;Fomento de la cultura científica 2023;2023;2023/18918;FENORURAL - FOMENTANDO LA OBSERVACIÓN FENOLÓGICA EN EL ENTORNO RURAL;Categoría d. Proyectos singulares · d.1 Ciencia Ciudadana;CENTRO DE INVESTIGACIÓN ECOLÓGICA Y APLICACIONES FORESTALES;;Cataluña;fuente;;;;;38000,00;98381,90;;categoria;https://www.convocatoria.fecyt.es/publico/Resolucion/__Recursos/Resolucion_definitiva_convocatoria_CCI_2023.pdf;
FECYT:2023-18953;FECYT;Fomento de la cultura científica 2023;2023;2023/18953;ZONAS URBANAS Y RURALES EN MATERIA DE ACCESIBILIDAD: POSIDONIA ACTIVA: COSTAS NO PROTEGIDAS DEL GARRAF;Categoría d. Proyectos singulares · d.1 Ciencia Ciudadana;ANEL.LIDES, S.L.;;Cataluña;fuente;;;;;10000,00;24510,00;;categoria;https://www.convocatoria.fecyt.es/publico/Resolucion/__Recursos/Resolucion_definitiva_convocatoria_CCI_2023.pdf;
FECYT:2023-19037;FECYT;Fomento de la cultura científica 2023;2023;2023/19037;CIUDADANA CUIDAMOS DEL AGUA;Categoría d. Proyectos singulares · d.1 Ciencia Ciudadana;UNIVERSIDAD DE OVIEDO;;Asturias;fuente;;;;;28000,00;72800,00;;categoria;https://www.convocatoria.fecyt.es/publico/Resolucion/__Recursos/Resolucion_definitiva_convocatoria_CCI_2023.pdf;
FECYT:2023-19095;FECYT;Fomento de la cultura científica 2023;2023;2023/19095;DEHESALERT - SEGUIMIENTO PARTICIPATIVO DEL ESTADO FITOSANITARIO DE LA DEHESA EN ANDALUCÍA;Categoría d. Proyectos singulares · d.1 Ciencia Ciudadana;UNIVERSIDAD DE CÓRDOBA;;Andalucía;fuente;;;;;36500,00;130160,00;;categoria;https://www.convocatoria.fecyt.es/publico/Resolucion/__Recursos/Resolucion_definitiva_convocatoria_CCI_2023.pdf;
FECYT:2023-19132;FECYT;Fomento de la cultura científica 2023;2023;2023/19132;PLASTIC PIRATES EN ESPAÑA: CIENCIA CIUDADANA JUVENIL PARA ESTUDIAR LA CONTAMINACIÓN POR PLÁSTICO EN LOS;Categoría d. Proyectos singulares · d.1 Ciencia Ciudadana;FUNDACIÓ UNIVERSITÀRIA BALMES;;Cataluña;fuente;;;;;40000,00;84330,45;;categoria;https://www.convocatoria.fecyt.es/publico/Resolucion/__Recursos/Resolucion_definitiva_convocatoria_CCI_2023.pdf;
FECYT:2023-19215;FECYT;Fomento de la cultura científica 2023;2023;2023/19215;EQUILAB: LABORATORIO CIUDADANO DE INNOVACIÓN PARA REDUCIR DESIGUALDADES EN SALUD;Categoría d. Proyectos singulares · d.1 Ciencia Ciudadana;FUNDACIÓN PARA EL FOMENTO DE LA INVESTIGACIÓN SANITARIA Y BIOMÉDICA DE LA COMUNITAT VALENCIANA;;Comunidad Valenciana;fuente;;;;;27000,00;69393,04;;categoria;https://www.convocatoria.fecyt.es/publico/Resolucion/__Recursos/Resolucion_definitiva_convocatoria_CCI_2023.pdf;
FECYT:2023-19256;FECYT;Fomento de la cultura científica 2023;2023;2023/19256;CIENCIA CIUDADANA DESDE LA SILLA DE RUEDAS: TECNOLOGÍAS 3D PARA MEJORAR LA INFORMACIÓN EN;Categoría d. Proyectos singulares · d.1 Ciencia Ciudadana;AGENCIA ESTATAL CONSEJO SUPERIOR DE INVESTIGACIONES CIENTIFICAS;;Madrid;fuente;;;;;26000,00;129000,48;;categoria;https://www.convocatoria.fecyt.es/publico/Resolucion/__Recursos/Resolucion_definitiva_convocatoria_CCI_2023.pdf;
FECYT:2023-19406;FECYT;Fomento de la cultura científica 2023;2023;2023/19406;MOSQUITO ALERT PARA JÓVENES: FOMENTANDO VOCACIONES CIENTÍFICAS A PARTIR DE LA CIENCIA;Categoría d. Proyectos singulares · d.1 Ciencia Ciudadana;ASSOCIACIÓ MEDIAMBIENTAL XATRAC;;Cataluña;fuente;;;;;19000,00;59100,00;;categoria;https://www.convocatoria.fecyt.es/publico/Resolucion/__Recursos/Resolucion_definitiva_convocatoria_CCI_2023.pdf;
FECYT:2023-19464;FECYT;Fomento de la cultura científica 2023;2023;2023/19464;LA RECUPERACIÓN DE LA MEMORIA COLECTIVA DE LEGANÉS A PARTIR DE LA CIENCIA CIUDADANA;Categoría d. Proyectos singulares · d.1 Ciencia Ciudadana;UNIVERSIDAD CARLOS III DE MADRID;;Madrid;fuente;;;;;35000,00;129580,56;;categoria;https://www.convocatoria.fecyt.es/publico/Resolucion/__Recursos/Resolucion_definitiva_convocatoria_CCI_2023.pdf;
FECYT:2023-19468;FECYT;Fomento de la cultura científica 2023;2023;2023/19468;POSTGOWTH S.A.: VIGO;Categoría d. Proyectos singulares · d.1 Ciencia Ciudadana;UNIVERSIDADE DE VIGO;;Galicia;fuente;;;;;28000,00;87500,00;;categoria;https://www.convocatoria.fecyt.es/publico/Resolucion/__Recursos/Resolucion_definitiva_convocatoria_CCI_2023.pdf;
FECYT:2023-19501;FECYT;Fomento de la cultura científica 2023;2023;2023/19501;BAGES CIENCIA CIUDADANA: UN ABORDAJE PARTICIPATIVO PARA AFRONTAR LOS RETOS DEL ENVEJECIMIENTO;Categoría d. Proyectos singulares · d.1 Ciencia Ciudadana;FUNDACIO UNIVERSITARIA DEL BAGES;;Cataluña;fuente;;;;;8500,00;42260,00;;categoria;https://www.convocatoria.fecyt.es/publico/Resolucion/__Recursos/Resolucion_definitiva_convocatoria_CCI_2023.pdf;
FECYT:2023-19527;FECYT;Fomento de la cultura científica 2023;2023;2023/19527;MELANOGASTER CATCH THE FLY: ?TIME FLIES! OBSERVANDO NUESTRA HISTORIA Y RELACIÓN CON LA BIODIVERSIDAD?;Categoría d. Proyectos singulares · d.1 Ciencia Ciudadana;UNIVERSITAT AUTÒNOMA DE BARCELONA;;Cataluña;fuente;;;;;30000,00;67033,54;;categoria;https://www.convocatoria.fecyt.es/publico/Resolucion/__Recursos/Resolucion_definitiva_convocatoria_CCI_2023.pdf;
FECYT:2023-19636;FECYT;Fomento de la cultura científica 2023;2023;2023/19636;IBERIA EN UN GRANO DE ARENA - IBERARENUM;Categoría d. Proyectos singulares · d.1 Ciencia Ciudadana;UNIVERSIDADE DE VIGO;;Galicia;fuente;;;;;22000,00;44390,00;;categoria;https://www.convocatoria.fecyt.es/publico/Resolucion/__Recursos/Resolucion_definitiva_convocatoria_CCI_2023.pdf;
FECYT:2023-19746;FECYT;Fomento de la cultura científica 2023;2023;2023/19746;RÍOS EUROPEOS ALASAULAS: EVALUANDO EL ESTADO DE LOS POLINIZADORES EN EL ENTORNO ESCOLAR;Categoría d. Proyectos singulares · d.1 Ciencia Ciudadana;CENTRO DE INVESTIGACIÓN ECOLÓGICA Y APLICACIONES FORESTALES;;Cataluña;fuente;;;;;25000,00;59902,14;;categoria;https://www.convocatoria.fecyt.es/publico/Resolucion/__Recursos/Resolucion_definitiva_convocatoria_CCI_2023.pdf;
AEI:CNS2022-135489;AEI;Proyectos Consolidación Investigadora;2022;CNS2022-135489;ESPECIES URBANAS EXITOSAS: DINAMICAS ECO-EVOLUTIVAS DE LAS ESPECIES ADAPTADAS A LOS AMBIENTES URBANOS;Ciencias y tecnologías medioambientales · Biodiversidad;UNIVERSIDAD DE BARCELONA;Q0818001J;Cataluña;fuente;BARCELONA;;;;199432,00;0,00;;resumen;https://www.aei.gob.es/ayudas-concedidas/buscador-ayudas-concedidas?code=CNS2022-135489;"LA URBANIZACION ES UNO DE LOS CAMBIOS AMBIENTALES MAS DRASTICOS A LOS QUE LAS ESPECIES SE ENFRENTAN, Y ESTA ACELERANDOSE A UN RITMO SIN PRECEDENTES. SIN EMBARGO, Y A PESAR DEL AUMENTO DE LA INVESTIGACION EN ECOLOGIA URBANA EN LAS ULTIMAS DOS DECADAS, AUN NO SE COMPRENDE BIEN POR QUE Y COMO ALGUNAS ESPECIES PERSISTEN EN ENTORNOS URBANOS MIENTRAS QUE OTRAS FRACASAN. ESTO DIFICULTA LA EFICIENCIA DE LAS ACCIONES DE GESTION.
            LA TEORIA ECOLOGICA DICTA QUE EL EXITO DE LAS ESPECIES EN UN AREA ES EL RESULTADO DE SUS DINAMICAS POBLACIONALES LOCALES, CADA ESPECIE CON SUS INTERACCIONES ATRIBUTO-AMBIENTE. SIN EMBARGO, LA URBANIZACION IMPLICA QUE MUCHAS ESPECIES ENCONTRARAN NUEVAS CONDICIONES QUE NO HAN EXPERIMENTADO EN SU HISTORIA EVOLUTIVA. LA MALADAPTACION ES UNA DE LAS PRINCIPALES RAZONES DEL FRACASO DE LAS ESPECIES EN ENTORNOS NUEVOS COMO LAS AREAS URBANAS. POR EL CONTRARIO, LOS INDIVIDUOS CUYOS RASGOS OFRECEN LA CAPACIDAD DE ADAPTARSE A NUEVOS ENTORNOS, O CUYOS RASGOS SON CAPACES DE ADAPTARSE A TRAVES DEL CAMBIO FENOTIPICO, PODRIAN TENER EXITO EN LAS ZONAS URBANAS, ES DECIR, PODRIAN TENER DINAMICAS POBLACIONALES POSITIVAS O ESTABLES. SIN EMBARGO, POCO SE SABE SOBRE COMO LA DINAMICA POBLACIONAL DEPENDE (Y MODIFICA) LOS RASGOS DE LAS ESPECIES Y SU NIVEL DE ADAPTACION A LA CIUDAD.
            EL PROYECTO ""SATURNO"" EVALUA, POR PRIMERA VEZ, COMO LAS ADAPTACIONES Y LAS RESPUESTAS FENOTIPICAS MODULAN LA DINAMICA POBLACIONAL DE ESPECIES CON DIFERENTES TASAS DE EXITO (PRESENCIA Y ABUNDANCIA) EN LAS NUEVAS CONDICIONES DEL ENTORNO URBANO; Y COMO ESTAS DINAMICAS INTERACTUAN CON LAS RESPUESTAS EVOLUTIVAS DE LAS ESPECIES. PARA ELLO, SATURNO UTILIZARA COMO SISTEMA DE ESTUDIO UN CONJUNTO DE MARIPOSAS PRESENTES EN LA CIUDAD DE BARCELONA Y SU ENTORNO NATURAL; CON UNA COMBINACION DE DATOS DE CIENCIA CIUDADANA (RECUENTOS), DATOS DE CAMPO Y MOLECULARES, Y TECNICAS DE MODELADO ESPACIO-TEMPORAL DE ULTIMA GENERACION. SU HIPOTESIS ES QUE EL GRADO DE ADAPTACION DE LA ESPECIE: ""EL GRADIENTE DE RASGOS INADAPTADOS, A CAMBIOS FENOTIPICOS Y A RASGOS ADAPTADOS A AMBIENTES NOVEDOSOS"", SE RELACIONA CON LA DINAMICA DE POBLACION DE LA ESPECIE, CREANDO UN RANGO DE ESCENARIOS EN RELACION  A LA CIUDAD: (I) LAS ESPECIES CON RASGOS INADAPTADOS NO PUEDEN COLONIZAR LA CIUDAD, (II) LAS ESPECIES CAPACES DE CAMBIAR FENOTIPICAMENTE TENDRAN DINAMICAS FUENTE-SUMIDERO O FUENTE-TRAMPA EN AREAS URBANAS; EL PRIMERO PODRIA CONDUCIR A UNA METAPOBLACION CON EL TIEMPO SI HAY SUFICIENTE FLUJO DE FENOTIPO O GENES; (III) LAS ESPECIES CUYOS RASGOS SE ADAPTAN A UNA AMPLIA GAMA DE CONDICIONES MOSTRARAN DINAMICAS DE METAPOBLACION EN LA CIUDAD.
            SATURNO ABORDA PREGUNTAS NUEVAS Y DE LARGA DURACION EN  ECOLOGIA EVOLUTIVA, IMPULSANDO EL CONOCIMIENTO DE LOS MECANISMOS DETRAS DE LAS RESPUESTAS DE LAS ESPECIES A LOS RAPIDOS CAMBIOS AMBIENTALES INDUCIDOS POR EL HOMBRE, INCLUIDAS LAS RESPUESTAS DE MALADAPTACION Y LAS PREDICCIONES DE BIODIVERSIDAD FUNCIONAL. SUS RESULTADOS TENDRAN UN IMPACTO EN LA CONSERVACION, LA FORMULACION DE POLITICAS Y EL BIENESTAR GENERAL DE LA SOCIEDAD, YA QUE IDENTIFICARA ESPECIES Y CARACTERISTICAS DE ""ALTO RIESGO"" Y FACTORES AMBIENTALES CLAVE RELACIONADOS PARA LA GESTION FUTURA. SATURNO ES UN GRAN EJEMPLO DE COMO SE PUEDE APLICAR LA CIENCIA BASICA PARA RESOLVER DE FORMA EFICAZ LOS PROBLEMAS QUE DEMANDA LA SOCIEDAD ESPAÑOLA Y EUROPEA, AL TIEMPO QUE SE INCREMENTA EL COMPROMISO CIUDADANO CON LA CIENCIA Y LA NATURALEZA."
AEI:GPE2022-001085;AEI;Preparación y Gestión de Proyectos Europeos;2022;GPE2022-001085;Fortalecer el ecosistema IBEC hacia la internacionalización en Horizon Europe mediante una Oficina de Proyectos capacitada, cooperativa y digitalizada;Biociencias y biotecnología · Biotecnología;FUNDACIO INSTITUT DE BIOENGINYERIA DE CATALUNYA;G64045719;Cataluña;fuente;BARCELONA;;;;291015,00;0,00;;resumen;https://www.aei.gob.es/ayudas-concedidas/buscador-ayudas-concedidas?code=GPE2022-001085;"IBEC es un instituto de investigación interdisciplinar que fue creado en 2005 por la Generalitat de Catalunya, la Universidad de Barcelona y la Universidad Politécnica de Cataluña. Actualmente cuenta con 23 grupos de investigación que abarcan las áreas entre la ingeniería y las ciencias de la vida, y que están estructurados en 3 grandes pilares de aplicación: (1) Bioingeniería para la medicina del futuro, (2) Bioingeniería para un envejecimiento activo y (3) Bioingeniería para terapias regenerativas. En línea con el objetivo de actuar como un referente internacional en el campo de la bioingeniería, IBEC pertenece a los Centres de Recerca de Catalunya, fue galardonado en 2017 y 2019 con el prestigioso premio a la Excelencia Severo Ochoa y es miembro del Barcelona Institute of Science and Technology, instituto formado por la alianza de los siete centros de investigación de referencia de Barcelona. 

Desde la creación del IBEC, Projects Office (PO) ha contribuido a consolidar la excelencia científica dentro del instituto, en parte, gracias a fomentar la participación de nuestros investigadores en los diferentes programas marco europeos. La remarcable tasa de éxito de IBEC ha llevado a situarnos como uno de los centros más punteros y con mayor proyección europea, siendo el tercer centro de investigación en captación de fondos español en H2020. Es por ello que, en este momento de transición hacia Horizon Europe (HE), es fundamental mantener e incluso incrementar el nivel de participación y retorno económico de los centros de investigación españoles. Para ello, partiendo de un análisis DAFO de la participación de IBEC en proyectos europeos, se han diseñado los ejes de acción principales de StrengtHE: i) impulsar la digitalización de PO así como la búsqueda de socios a través de diferentes plataformas; ii) consolidar el éxito en convocatorias conocidas, así como promover una mayor participación en nuevos programas; iii) fortalecer la unidad de PO y dotarla de los conocimientos necesarios de HE; iv) reforzar el vínculo entre el resto de unidades de apoyo en IBEC con PO, para alinear sus competencias con las propuestas europeas. Esta interacción fomentará, entre otros, un mayor impacto social de los proyectos a través de la inclusión de ciencia ciudadana y acciones transversales de diseminación, así como la incentivación de participación de empresas prioritariamente españolas, y una mayor inclusión del entorno clínico.  Esto no solamente generará unas propuestas más competitivas y, consecuentemente, con una probabilidad más alta de financiación, sino que maximizará la sostenibilidad y continuidad de los proyectos financiados más allá de su finalización, facilitando la transferencia de resultados para que redunden tanto en el sistema español de I+D como en la sociedad.

Para implementar estos ejes de acción, StrengtHE será clave para fortalecer y preparar a PO. Así, las acciones descritas en StrengtHE repercutirán sobre tres niveles fundamentales: 
1.	Promover el liderazgo y visibilidad de IBEC a nivel internacional y maximizar el retorno de fondos europeos, contribuyendo a que el sistema de investigación español tenga una posición destacada en la red de I+D europea.
2.	Fortalecer la oficina de proyectos IBEC como elemento tractor de proyectos europeos, tanto a nivel interno como externo.
3.	Formar una nueva generación de gestores de la investigación e innovación."
AEI:PCI2022-132996;AEI;Proyectos Programación Conjunta Internacional;2022;PCI2022-132996;OPEN URBAN SUSTAINABILITY HUBS;Tecnologías de la información y de las comunicaciones · Tecnologías de las comunicaciones;UNIVERSIDAD DE BARCELONA;Q0818001J;Cataluña;fuente;BARCELONA;;;;200886,54;0,00;;resumen;https://www.aei.gob.es/ayudas-concedidas/buscador-ayudas-concedidas?code=PCI2022-132996;"UN REQUISITO PREVIO ESENCIAL PARA EL DESARROLLO SOSTENIBLE ES QUE SE DESPLIEGUE DENTRO DE LAS COMUNIDADES LOCALES Y SEA APOYADO POR ELLAS. EL PROYECTO OPUSH TIENE COMO OBJETIVO HACER QUE EL CONOCIMIENTO SOBRE DESARROLLO SOSTENIBLE Y ACCION TRANSFORMADORA SEA MAS VISIBLE Y RASTREABLE Y EMPODERAR A LA COMUNIDAD LOCAL AL OTORGAR ACCESO PERMANENTE A ECOSISTEMAS ABIERTOS DE CONOCIMIENTO. DE ESTE MODO, OPUSH MEJORA EL PAPEL Y LA CAPACIDAD DE LAS BIBLIOTECAS DENTRO DEL MARCO DE LA CIENCIA ABIERTA Y A TRAVES DE LA CIENCIA CIUDADANA COMO MOTOR DEL DESARROLLO SOSTENIBLE. 

EL PROYECTO SE CENTRA EN LOS GRUPOS MAS HETEROGENEOS DE LA SOCIEDAD CIVIL, EN PARTICULAR EL EMPODERAMIENTO DE LOS GRUPOS MARGINADOS, LA INCLUSION IGUALITARIA DE TODOS LOS GENEROS Y LA INCLUSION DE PERSONAS INDEPENDIENTEMENTE DE SU ORIGEN CULTURAL O SOCIAL Y DE PERSONAS CON DIFERENTES NECESIDADES PARA APOYAR EL DESARROLLO DE LAS CIUDADES Y AREAS URBANAS. ASI, EL PROYECTO PERSIGUE LOS SIGUIENTES ENFOQUES:

- IDENTIFICAR DESAFIOS EN EL ESTABLECIMIENTO DE ENTORNOS DE APRENDIZAJE ORIENTADOS A LA SOSTENIBILIDAD. 

- DESARROLLAR, PROBAR Y EVALUAR NUEVOS ENFOQUES ANALOGICOS Y DIGITALES COMBINADOS PARA DESPLEGAR COPRODUCCION DE CONOCIMIENTO SOBRE DESARROLLO SOSTENIBLE. 

EL PROYECTO ESTA ESTRATEGICAMENTE COMPROMETIDO CON LA AGENDA 2030 BASADA EN LOS ODS DE LA ONU AL EMPODERAR A LAS PERSONAS A TRAVES DE LA EDUCACION Y EL APRENDIZAJE Y AL FORTALECER LA ACCION TRANSFORMADORA EN TODAS LAS AGENDAS, PROGRAMAS Y ACTIVIDADES DE LA RED URBANA, DANDO FORMA A NUEVOS ECOSISTEMAS DE INNOVACION URBANA Y BRINDANDO JUSTICIA AMBIENTAL Y SOCIAL PARA TODOS."
AEI:PCI2022-133014;AEI;Proyectos Programación Conjunta Internacional;2022;PCI2022-133014;COLLECTIVE NETWORKS FOR EVERYDAY COMMUNITY RESILIENCE AND ECOLOGICAL TRANSITION;Ciencias sociales · Geografía;UNIVERSIDAD PABLO DE OLAVIDE, DE SEVILLA;Q9150016E;Andalucía;fuente;SEVILLA;;;;174598,70;0,00;;palabras-clave;https://www.aei.gob.es/ayudas-concedidas/buscador-ayudas-concedidas?code=PCI2022-133014;"LA CRISIS DE LA COVID-19 HA PUESTO DE RELIEVE LA FRAGILIDAD DE NUESTRAS FORMAS DE VIDA, PERO TAMBIEN HA IMPULSADO ENFOQUES SOLIDARIOS PARA APOYAR A GRUPOS VULNERABLES, AL TIEMPO QUE HA DESTACADO LA IMPORTANCIA DE LAS PRACTICAS CIVICAS PREEXISTENTES QUE FAVORECEN LA RESILIENCIA SOCIAL Y LA RECUPERACION INDIVIDUAL. EN ESTE CONTEXTO Y EN EL DE UNA CRISIS MAS AMPLIA LIGADA A LOS EFECTOS DEL CAMBIO CLIMATICO Y A LA PROFUNDIZACION DE LAS DESIGUALDADES, CONECT SE PROPONE CATALIZAR LAS REDES SOCIALES EXISTENTES PARA LA ACCION COLECTIVA EN SEIS PAISES DE LA UNION EUROPEA (RUMANIA, ESPAÑA, FRANCIA, NORUEGA, PAISES BAJOS Y SUECIA), CON EL OBJETIVO DE IMPULSAR LA CAPACIDAD DE ORGANIZACION COMUNITARIA MEDIANTE EL RECONOCIMIENTO, MAPEO, CONEXION Y FORTALECIMIENTO DE PRACTICAS COTIDIANAS DE RESILIENCIA COMUNITARIA QUE, ADEMAS, IMPULSAN LA TRANSICION ECOLOGICA. EL PROYECTO FOMENTA LA COLABORACION ENTRE CIUDADANIA, PENSADORES, HACEDORES Y PLANIFICADORES DE LOS PAISES SOCIOS, QUE CODISEÑARAN Y LLEVARAN A CABO LABORATORIOS URBANOS SINERGICOS (CONECT LABS), IMPLEMENTANDO DE FORMA CONJUNTA HERRAMIENTAS Y METODOLOGIAS INNOVADORAS.
OBJETIVOS:
O1: ESPACIOS Y PRACTICAS DE RESILIENCIA COMUNITARIA COTIDIANA: MAPEO Y ORGANIZACION EN DIFERENTES CONTEXTOS DE LA UE.
O2: ANALISIS COMPARATIVO: COPRODUCCION DE INVESTIGACIONES TRANSNACIONALES Y TRANSDISCIPLINARES SOBRE RECURSOS DISPONIBLES, MODELOS DE ASOCIACION/PARTENARIADO Y REDES DE ACTORES.
O3: MARCOS EXPERIMENTALES: MEJORA DE ESPACIOS E INICIATIVAS DE RESILIENCIA CIVICA A TRAVES DE COLABORACIONES ENTRE PROFESIONALES, INVESTIGADORES Y LA COMUNIDAD (CONECT LABS).
O4: ESCALABILIDAD DE LA INNOVACION: ACTIVACION DE VIAS PARA COPRODUCIR Y COMPARTIR CONOCIMIENTO (PLATAFORMA DIGITAL) CON EL FIN DE FACILITAR LA CONEXION DE REDES LOCALES Y MEJORAR LA AGENCIA TRANSFORMADORA DE LA RESILIENCIA CIVICA A TRAVES DEL INTERCAMBIO DE CONOCIMIENTOS Y EXPERIENCIAS EN LOS SEIS PAISES PARTICIPANTES.
PLAN DE TRABAJO:
WP1: ESTADO DEL ARTE - MAPEO DE ESPACIOS Y PRACTICAS DE RESILIENCIA COMUNITARIA (ARCHIVO DINAMICO EN PLATAFORMA DIGITAL).
WP2: INVESTIGACION TRANSNACIONAL SOBRE RECURSOS DISPONIBLES, MODELOS DE ASOCIACION/PARTENARIADO Y REDES DE ACTORES. ESTUDIOS DE CAMPO E INVESTIGACION CUALITATIVA EMPIRICA EN LAS CIUDADES/REGIONES CASOS DE ESTUDIO, CON OBJETO DE ENRIQUECER Y MATIZAR LAS TIPOLOGIAS DE ESPACIOS Y PRACTICAS DE RESILIENCIA MAPEADAS E INVENTARIADAS EN EL WP1.
WP3: CONECT LABS - IMPLEMENTACION DE REDES COLECTIVAS PARA LA RESILIENCIA COMUNITARIA Y LA TRANSICION ECOLOGICA. A PARTIR DE LOS WP1 Y WP2 SE IMPLEMENTARAN AL MENOS 4 CONECT LABS COMO EXPERIMENTOS DE CAMPO DE CODISEÑO Y COPRODUCCION DE CONOCIMIENTO, QUE OPERARAN COMO ESPACIOS FISICOS Y VIRTUALES PARA TESTAR DIVERSAS FORMAS DE COLABORACION ENTRE PROFESIONALES Y COMUNIDADES LOCALES, PARA MEJORAR LOS LUGARES Y LOS MARCOS PARA LA RESILIENCIA SOCIAL.
WP4: INNOVACION Y ESCALABILIDAD - RED EUROPEA DE CONOCIMIENTOS Y PRACTICAS PARA LA TRANSICION ECOLOGICA, CUYO FUNCIONAMIENTO SE ASEGURARA A TRAVES DE TRES CANALES: PLATAFORMA DIGITAL DISEÑADA EN EL WP1, COMUNICACION HACIA AUDIENCIAS MAS AMPLIAS (SOCIAL MEDIA/YOUTUBE) Y DIFUSION CIENTIFICA.
WP5: GESTION Y COORDINACION DEL PROYECTO, INCLUIDO EL PLAN DE GESTION DE LA INNOVACION."
AEI:PCI2022-135052-2;AEI;Proyectos Programación Conjunta Internacional;2022;PCI2022-135052-2;INNOVATIVE APPROACHES FOR RESCUE AND MANAGEMENT OF ALGAL FORESTS IN THE MEDITERRANEAN SEA;Ciencias y tecnologías medioambientales · Biodiversidad;UNIVERSITAT DE GIRONA;Q6750002E;Cataluña;fuente;GERONA;;;;53505,00;0,00;;resumen;https://www.aei.gob.es/ayudas-concedidas/buscador-ayudas-concedidas?code=PCI2022-135052-2;"LOS BOSQUES DE MACROALGAS DEL GENERO CYSTOSEIRA S.L. SON HABITATS SOMEROS DEL MAR MEDITERRANEO CON UN GRAN VALOR ECOLOGICO, ECONOMICO Y SOCIAL. EN LAS ULTIMAS DECADAS, LOS BOSQUES DE CYSTOSEIRA HAN SUFRIDO UN IMPORTANTE DECLIVE EN TODO EL MEDITERRANEO, PERDIENDO MAS DEL 80% DE SU EXTENSION DEBIDO A DIFERENTES IMPACTOS COMO LA EUTROFIZACION, CONTAMINACION, SEDIMENTACION, DESTRUCCION DEL HABITAT, PROLIFERACION DE HERBIVOROS, Y LA PESCA ILEGAL. DE HECHO, LA ALTA VULNERABILIDAD DE ESTOS HABITATS A DISTINTOS FACTORES, HA IMPLICADO QUE SEAN LOS HA SITUADO COMO HA PROVOCADO QUE SEAN HABITATS MARINOS PRIORITARIOS GOZANDO DE PROTECCION A NIVEL NACIONAL E INTERNACIONAL (ANEXO I-CONVENIO DE BERNA; ANEXO II-CONVENIO DE BARCELONA) Y QUE SE UTILICEN COMO BIOINDICADORES PARA EVALUAR EL ESTADO MEDIOAMBIENTAL DE LAS AGUAS COSTERAS DEL MEDITERRANEO. EN EL ESCENARIO DE CAMBIO GLOBAL, SE ESPERA QUE EL DECLIVE SEA AUN MAYOR, YA QUE ESTOS BOSQUES TAMBIEN SE VEN AFECTADOS POR LAS OLAS DE CALOR Y LOS EPISODIOS DE TORMENTAS EXTREMAS. ASI, CADA VEZ ES MAS URGENTE ESTABLECER MEDIDAS DE CONSERVACION EFECTIVAS, Y PARA ELLO ES NECESARIO AMPLIAR LOS CONOCIMIENTOS SOBRE LA ESTRUCTURA, LA BIODIVERSIDAD ASOCIADA Y EL FUNCIONAMIENTO DE ESTOS BOSQUES, ASI COMO IDENTIFICAR Y DEFINIR PROCEDIMIENTOS ESTANDARIZADOS PARA EVALUAR SU ESTADO DE CONSERVACION.
EN ESTE CONTEXTO, EL OBJETIVO DEL PROYECTO EUROPEO FORESCUE ES PROPORCIONAR NUEVOS CONOCIMIENTOS Y HERRAMIENTAS QUE PERMITAN LA CONSERVACION Y LA RESILIENCIA DE LOS BOSQUES DE CYSTOSEIRA EN LAS COSTAS DEL SUR DE EUROPA, IDENTIFICANDO LAS AREAS QUE ALBERGAN POBLACIONES/ESPECIES DE CYSTOSEIRA CON GRAN IMPORTANCIA PARA LA CONSERVACION Y ESTUDIANDO EL ESTADO DE CONSERVACION DE ESTOS BOSQUES BASANDOSE EN METRICAS CUANTITATIVAS. ESTO SE LOGRARA CUMPLIENDO LOS OBJETIVOS ESPECIFICOS SIGUIENTES:
1) DESCRIBIR  LOS PATRONES GEOGRAFICOS DE DIVERSIDAD GENETICA DE DIFERENTES ESPECIES DE CYSTOSEIRA  DE LA ZONA MEDITERRANEA PARA: A) CUANTIFICAR LA DIVERSIDAD BIOLOGICA Y FILOGEOGRAFICA POTENCIAL DE LOS TAXONES MAS EXTENDIDOS Y COMPLEJOS MEDIANTE ENFOQUES FILOGENOMICOS Y DE GENETICA DE POBLACIONES PARA TENER EN CUENTA EN FUTURAS ESTRATEGIAS DE CONSERVACION, Y B) CUANTIFICAR LA DIVERSIDAD GENETICA DE LOS BOSQUES DE CYSTOSEIRA BIEN CONSERVADOS EN COMPARACION CON LOS FRAGMENTADOS.
2) EVALUACION DE LA TOLERANCIA DE LAS ESPECIES DE CYSTOSEIRA A DIFERENTES FACTORES DE ESTRES (TEMPERATURA, CONTAMINANTES Y HERBIVOROS) MEDIANTE EXPERIMENTOS DE CAMPO Y LABORATORIO. LOS ANALISIS DE MODELIZACION IDENTIFICARAN LAS POBLACIONES Y/O ESPECIES DE CYSTOSEIRA QUE SE VERAN MAS AFECTADAS POR ESTOS FACTORES DE ESTRES EN UN FUTURO.
3) CARTOGRAFIAR LOS BOSQUES DE CYSTOSEIRA SOMETIDOS A DIFERENTES NIVELES DE PROTECCION Y AFECTADOS POR DIFERENTES NIVELES DE IMPACTOS A TRAVES DE DRONES Y CON VALIDACION MEDIANTE BUCEO.
4) CARACTERIZACION DEL ESTADO DE CONSERVACION DE LOS BOSQUES DE CYSTOSEIRA ANALIZANDO METRICAS CUANTITATIVAS: DENSIDAD, COBERTURA, ESTRUCTURA DEMOGRAFICA, FENOLOGIA, PRODUCTIVIDAD, METABOLITOS, DIVERSIDAD (ADNE), ABUNDANCIA Y DIVERSIDAD DEL MICROBIOMA ASOCIADO, FLORA EPIFITA Y MEIO-MACROFAUNA.  
5) FORMACION Y PARTICIPACION DE LAS ENTIDADES DEL TERRITORIO PARA LA IDENTIFICACION Y CARTOGRAFIA DE LOS BOSQUES DE CYSTOSEIRA Y SU SEGUIMIENTO, INCLUYENDO CIENCIA CIUDADANA Y LA SENSIBILIZACION DEL PUBLICO EN GENERAL SOBRE EL VALOR PATRIMONIAL DE ESTOS BOSQUES."
AEI:PCI2022-135070-2;AEI;Proyectos Programación Conjunta Internacional;2022;PCI2022-135070-2;INNOVATIVE APPROACHES FOR RESCUE AND MANAGEMENT OF ALGAL FORESTS IN THE MEDITERRANEAN SEA;Ciencias y tecnologías medioambientales · Ciencias y tecnologías marinas;AGENCIA ESTATAL CONSEJO SUPERIOR DE INVESTIGACIONES CIENTIFICAS (CSIC);Q2818002D;Cataluña;fuente;GERONA;;;;213036,00;0,00;;resumen;https://www.aei.gob.es/ayudas-concedidas/buscador-ayudas-concedidas?code=PCI2022-135070-2;"LOS BOSQUES DE MACROALGAS DEL GENERO CYSTOSEIRA S.L. SON HABITATS SOMEROS DEL MAR MEDITERRANEO CON UN GRAN VALOR ECOLOGICO, ECONOMICO Y SOCIAL. EN LAS ULTIMAS DECADAS, LOS BOSQUES DE CYSTOSEIRA HAN SUFRIDO UN IMPORTANTE DECLIVE EN TODO EL MEDITERRANEO, PERDIENDO MAS DEL 80% DE SU EXTENSION DEBIDO A DIFERENTES IMPACTOS COMO LA EUTROFIZACION, CONTAMINACION, SEDIMENTACION, DESTRUCCION DEL HABITAT, PROLIFERACION DE HERBIVOROS, Y LA PESCA ILEGAL. DE HECHO, LA ALTA VULNERABILIDAD DE ESTOS HABITATS A DISTINTOS FACTORES, HA IMPLICADO QUE SEAN LOS HA SITUADO COMO HA PROVOCADO QUE SEAN HABITATS MARINOS PRIORITARIOS GOZANDO DE PROTECCION A NIVEL NACIONAL E INTERNACIONAL (ANEXO I-CONVENIO DE BERNA; ANEXO II-CONVENIO DE BARCELONA) Y QUE SE UTILICEN COMO BIOINDICADORES PARA EVALUAR EL ESTADO MEDIOAMBIENTAL DE LAS AGUAS COSTERAS DEL MEDITERRANEO. EN EL ESCENARIO DE CAMBIO GLOBAL, SE ESPERA QUE EL DECLIVE SEA AUN MAYOR, YA QUE ESTOS BOSQUES TAMBIEN SE VEN AFECTADOS POR LAS OLAS DE CALOR Y LOS EPISODIOS DE TORMENTAS EXTREMAS. ASI, CADA VEZ ES MAS URGENTE ESTABLECER MEDIDAS DE CONSERVACION EFECTIVAS, Y PARA ELLO ES NECESARIO AMPLIAR LOS CONOCIMIENTOS SOBRE LA ESTRUCTURA, LA BIODIVERSIDAD ASOCIADA Y EL FUNCIONAMIENTO DE ESTOS BOSQUES, ASI COMO IDENTIFICAR Y DEFINIR PROCEDIMIENTOS ESTANDARIZADOS PARA EVALUAR SU ESTADO DE CONSERVACION.
EN ESTE CONTEXTO, EL OBJETIVO DEL PROYECTO EUROPEO FORESCUE ES PROPORCIONAR NUEVOS CONOCIMIENTOS Y HERRAMIENTAS QUE PERMITAN LA CONSERVACION Y LA RESILIENCIA DE LOS BOSQUES DE CYSTOSEIRA EN LAS COSTAS DEL SUR DE EUROPA, IDENTIFICANDO LAS AREAS QUE ALBERGAN POBLACIONES/ESPECIES DE CYSTOSEIRA CON GRAN IMPORTANCIA PARA LA CONSERVACION Y ESTUDIANDO EL ESTADO DE CONSERVACION DE ESTOS BOSQUES BASANDOSE EN METRICAS CUANTITATIVAS. ESTO SE LOGRARA CUMPLIENDO LOS OBJETIVOS ESPECIFICOS SIGUIENTES:
1) DESCRIBIR  LOS PATRONES GEOGRAFICOS DE DIVERSIDAD GENETICA DE DIFERENTES ESPECIES DE CYSTOSEIRA  DE LA ZONA MEDITERRANEA PARA: A) CUANTIFICAR LA DIVERSIDAD BIOLOGICA Y FILOGEOGRAFICA POTENCIAL DE LOS TAXONES MAS EXTENDIDOS Y COMPLEJOS MEDIANTE ENFOQUES FILOGENOMICOS Y DE GENETICA DE POBLACIONES PARA TENER EN CUENTA EN FUTURAS ESTRATEGIAS DE CONSERVACION, Y B) CUANTIFICAR LA DIVERSIDAD GENETICA DE LOS BOSQUES DE CYSTOSEIRA BIEN CONSERVADOS EN COMPARACION CON LOS FRAGMENTADOS.
2) EVALUACION DE LA TOLERANCIA DE LAS ESPECIES DE CYSTOSEIRA A DIFERENTES FACTORES DE ESTRES (TEMPERATURA, CONTAMINANTES Y HERBIVOROS) MEDIANTE EXPERIMENTOS DE CAMPO Y LABORATORIO. LOS ANALISIS DE MODELIZACION IDENTIFICARAN LAS POBLACIONES Y/O ESPECIES DE CYSTOSEIRA QUE SE VERAN MAS AFECTADAS POR ESTOS FACTORES DE ESTRES EN UN FUTURO.
3) CARTOGRAFIAR LOS BOSQUES DE CYSTOSEIRA SOMETIDOS A DIFERENTES NIVELES DE PROTECCION Y AFECTADOS POR DIFERENTES NIVELES DE IMPACTOS A TRAVES DE DRONES Y CON VALIDACION MEDIANTE BUCEO.
4) CARACTERIZACION DEL ESTADO DE CONSERVACION DE LOS BOSQUES DE CYSTOSEIRA ANALIZANDO METRICAS CUANTITATIVAS: DENSIDAD, COBERTURA, ESTRUCTURA DEMOGRAFICA, FENOLOGIA, PRODUCTIVIDAD, METABOLITOS, DIVERSIDAD (ADNE), ABUNDANCIA Y DIVERSIDAD DEL MICROBIOMA ASOCIADO, FLORA EPIFITA Y MEIO-MACROFAUNA.  
5) FORMACION Y PARTICIPACION DE LAS ENTIDADES DEL TERRITORIO PARA LA IDENTIFICACION Y CARTOGRAFIA DE LOS BOSQUES DE CYSTOSEIRA Y SU SEGUIMIENTO, INCLUYENDO CIENCIA CIUDADANA Y LA SENSIBILIZACION DEL PUBLICO EN GENERAL SOBRE EL VALOR PATRIMONIAL DE ESTOS BOSQUES."
AEI:PDC2022-133299-I00;AEI;Proyectos I+D+i Pruebas de Concepto;2022;PDC2022-133299-I00;DEL ARCHIVO HISTORICO A LA SOCIEDAD Y VICEVERSA. APROVECHANDO LOS PROGRESOS EN LA TRANSCRIPCION AUTOMATICA DE MANUSCRITOS;Estudios del pasado: historia y arqueología · Historia;UNIVERSITAT DE GIRONA;Q6750002E;Cataluña;fuente;GERONA;;;;91080,00;0,00;;resumen;https://www.aei.gob.es/ayudas-concedidas/buscador-ayudas-concedidas?code=PDC2022-133299-I00;"LA PROPUESTA QUE SE PRESENTA ESTA VINCULADA AL PROYECTO DE INVESTIGACION ¿CAMBIO SOCIAL SIN GRUPOS SOCIALES? EL SEGUIMIENTO DE TRAYECTORIAS COLECTIVAS EN EL PASADO DESDE UNA PERSPECTIVA RELACIONAL (SIGLOS XIV-XX) (PGC2018-096350-B-I00), EN EL MARCO DEL CUAL SE HAN EXAMINADO NUEVAS POSIBILIDADES DE ANALISIS DE LOS PROCESOS DE CONTINUIDAD Y CAMBIO SOCIAL MEDIANTE EL USO DE NUEVAS TECNOLOGIAS INFORMATICAS Y, ESPECIALMENTE, SE HA DESARROLLADO UN SOFTWARE DE TRANSCRIPCION DE TEXTO MANUSCRITO AJUSTADO A LAS CARACTERISTICAS DE LOS LIBROS DEL OFICIO DE HIPOTECAS DE LOS SIGLOS XVIII Y XIX. GRACIAS A LA COLABORACION CON EL PATTERN RECOGNITION AND HUMAN LANGUAGE TECHNOLOGY DE LA UNIVERSITAT POLITECNICA DE VALENCIA, HASTA EL MOMENTO SE HA CONSEGUIDO TRANSCRIBIR LOS 41 PRIMEROS LIBROS DEL OFICIO DE HIPOTECAS DE GIRONA, QUE COMPRENDEN UN CONJUNTO DE 70.000 IMAGENES Y UNOS 90.000 ASIENTOS DOCUMENTALES. ESTA GRAN MASA DE DATOS HISTORICOS SE ESTA UTILIZANDO PARA RECONSTRUIR TRAYECTORIAS COLECTIVAS DE DISTINTOS GRUPOS SOCIALES Y, MUY ESPECIALMENTE, PARA EXAMINAR PROCESOS DE CAMBIO SOCIAL. SIN EMBARGO, PUEDE TENER MUCHOS MAS USOS VINCULADOS TANTO A LA INVESTIGACION HISTORICA DE CARACTER MAS PROFESIONAL, COMO A LA DE TIPO AMATEUR O A LA LOCALIZACION DE TITULOS SUSCEPTIBLES DE REGISTRAR DERECHOS AUN VIGENTES. POR OTRA PARTE, DADO EL NIVEL DE DESARROLLO DE LAS TECNICAS DE TRANSCRIPCION AUTOMATICA DE TEXTO MANUSCRITO (HTR), LAS TRANSCRIPCIONES OBTENIDAS CONTIENEN UN NUMERO AUN CONSIDERABLE DE ERRORES, ESPECIALMENTE EN ALGUNOS DATOS CRITICOS QUE SE REPITEN CON MENOR FRECUENCIA (ANTROPONIMOS Y TOPONIMOS). ELLO EXIGE UN PROCESO DE CORRECCION REALIZADO DE FORMA MANUAL POR REVISORES CAPACES DE COMPRENDER LA LETRA MANUSCRITA DEL PERIODO, QUE TIENE UN COSTE ELEVADO.
LA PROPUESTA QUE SE PRESENTA TIENE LA PRETENSION DE AUNAR, POR UNA PARTE, UN PROCEDIMIENTO QUE FACILITE LAS TAREAS DE SUPERVISION Y CORRECCION DE LAS TRANSCRIPCIONES AUTOMATICAS, Y, POR OTRA PARTE, UNA HERRAMIENTA DE ACCESO ABIERTO QUE PERMITA A LOS CIUDADANOS INTERESADOS REALIZAR BUSQUEDAS EN EL CONTENIDO DE LA DOCUMENTACION DIGITALIZADA. SE TRATA DE UNA PROPUESTA DE CIENCIA CIUDADANA QUE PONDRA A DISPOSICION PUBLICA LOS DATOS PROCEDENTES DEL PROYECTO DE INVESTIGACION (LAS TRANSCRIPCIONES DEL OFICIO DE HIPOTECAS), DE GRAN INTERES POR SU RIQUEZA Y COBERTURA TERRITORIAL. CONCRETAMENTE, LOS OBJETIVOS ESPECIFICOS SE FOCALIZAN EN LA CREACION DE UNA PLATAFORMA DE ACCESO ON LINE AL TEXTO DE LAS TRANSCRIPCIONES DE LOS LIBROS DEL OFICIO DE HIPOTECAS DE GIRONA ENTRE 1768 Y 1805 QUE, ADEMAS DE PROPORCIONAR OPCIONES DE BUSQUEDA DE CONTENIDOS A LOS USUARIOS, PERMITA REALIZAR TAREAS DE CORRECCION. ESTAS REVISIONES, DEBEN SER DEBIDAMENTE MONITORIZADAS Y VALIDADAS PARA GARANTIZAR SU CALIDAD Y, POR ELLO, DEBEN DESARROLLARSE TAMBIEN LOS INDICADORES Y PROCEDIMIENTOS ADECUADOS. UNA VEZ PUESTA A PUNTO LA HERRAMIENTA SE PRETENDE ORGANIZAR VARIAS CAMPAÑAS DE CIENCIA CIUDADANA PARA CONSEGUIR LA COLABORACION DESINTERESADA DE LOS PROPIOS USUARIOS DE LA BASE EN LAS TAREAS DE REVISION Y MEJORA DE LA MISMA."
AEI:PID2022-136374NB-C22;AEI;Proyectos de I+D+I (Generación de Conocimiento y Retos Investigación);2022;PID2022-136374NB-C22;SUPERCOMPUTACION, COMPLEJIDAD Y SUS APLICACIONES;Ciencias físicas · Física cuántica y de la materia;UNIVERSIDAD DE ZARAGOZA;Q5018001G;Aragón;fuente;ZARAGOZA;;;;125000,00;0,00;;resumen;https://www.aei.gob.es/ayudas-concedidas/buscador-ayudas-concedidas?code=PID2022-136374NB-C22;"ESTA PROPUESTA EXTIENDE UNA COLABORACION DE MAS DE TREINTA AÑOS ENTRE LAS DOS UNIDADES DE CONFORMAN EL PROYECTO, EL SUBPROYECTO COORDINADOR DE LA UNIVERSIDAD COMPLUTENSE DE MADRID (UCM) Y EL SUBPROYECTO DE LA UNIVERSIDAD DE ZARAGOZA (UZ). DEBIDO A ESTOS ESTRECHOS LAZOS, MUCHOS DE LOS OBJETIVOS SON COMUNES, SI BIEN CADA UNO DE ELLOS TIENE MAS PARTICIPACION EN DETERMINADAS LINEAS Y SU EXPERTISE ES TOTALMENTE COMPLEMENTARIA.

AFRONTAREMOS PROBLEMAS EN LA FRONTERA QUE SEPARA DIFERENTES DISCIPLINAS, TALES COMO LA FISICA DE LA MATERIA CONDENSADA, LA MECANICA ESTADISTICA Y LA CIENCIA DE LA COMPUTACION, INCLUIDAS TAMBIEN ALGUNAS APROXIMACIONES A LAS CIENCIAS SOCIALES.

EL PROYECTO PUEDE SER CLASIFICADO COMO DENTRO DE LA FISICA TEORICA PERO CON CARACTERISTICAS POCO USUALES QUE HACEN DIFUSA LA SEPARACION CON EL EXPERIMENTO. EN PRIMER LUGAR, LA FUERTE COMPONENTE COMPUTACIONAL DE NUESTRO TRABAJO NOS FUERZA A DISEÑAR Y CONSTRUIR ORDENADORES DE PROPOSITO ESPECIFICO PARA SIMULACIONES EN FISICA. EN SEGUNDO LUGAR, NUESTRO TRABAJO EN REDES COMPLEJAS REQUIERE ANALIZAR ENORMES VOLUMENES DE DATOS PROVENIENTES DE DIVERSAS FUENTES EN NUESTRO MUNDO TECNOLOGICO (""BIG DATA""). EN TERCER LUGAR, VAMOS A INVESTIGAR COMO INTERACCIONAN GRANDES GRUPOS DE PERSONAS A FIN DE CONSTRUIR UN CONSENSO COMUN EN SITUACIONES (TOMADAS DE LA VIDA REAL) RELACIONADAS CON EL ""CYBER-BULLING"" O CON LA DESIGUALDAD DE GENERO. FINALMENTE, INVESTIGAREMOS EL COMPORTAMIENTO DE UN CHIP EXPERIMENTAL DE LA COMPAÑIA D-WAVE, QUE REALIZA COMPUTACION CUANTICA USANDO EL ALGORITMO DEL ""QUANTUM ANNEALING"".

LA PROPUESTA INCLUYE CINCO LINEAS DE TRABAJO. ESTUDIAREMOS LA FISICA DE LOS VIDRIOS DE ESPIN, TANTO CLASICOS COMO CUANTICOS -USANDO NUESTRO ORDENADOR DEDICADO JANUS II- (1) Y EN RELACION CON LA RUTA HACIA LA COMPUTACION CUANTICA DEL ""QUANTUM ANNEALING"" (2). LOS VIDRIOS DE ESPIN SON TAMBIEN UNA FUENTE DE INSPIRACION AL ESTUDIO DE PROBLEMAS APARENTEMENTE NO RELACIONADOS. TRES DE ESTOS TOPICOS CONSTITUIRAN NUESTRA LINEA (3): FISICA Y SOCIEDAD (O LOS MECANISMOS DE CONSTRUCCION DE CONSENSOS, ESTUDIADOS TAMBIEN DESDE UNA PERSPECTIVA DE GENERO), LAS REDES COMPLEJAS, Y LOS PROBLEMAS DE OPTIMIZACION COMBINATORIA EN OTRAS AREAS. UN PROBLEMA DIFERENTE, EN EL QUE TENEMOS UNA DILATADA EXPERIENCIA PREVIA Y QUE PRETENDEMOS EXTENDER, ES EL ESTUDIO DE FENOMENOS DE TRANSPORTE (4). PARA CONSEGUIR LOS OBJETIVOS EN ESTAS LINEAS SERA CRUCIAL NUESTRO TRABAJO EN DIFERENTES ASPECTOS DE SUPERCOMPUTACION (5).

LOS OBJETIVOS DE LA INVESTIGACION SE HAN DEFINIDO CON GRAN CUIDADO. USAREMOS TANTO HERRAMIENTAS ANALITICAS (MODELOS EFECTIVOS, TEORIA DE MATRICES ALEATORIAS, ETC.) COMO NUMERICOS (SIMULACIONES DE MONTE CARLO CON DIFERENTES ALGORITMOS OPTIMIZADOS PARA CADA PROBLEMA). EL ANALISIS ESTADISTICO DE CANTIDADES MASIVAS DE DATOS TAMBIEN JUGARA UN PAPEL RELEVANTE, LO QUE REQUERIRA EL DESARROLLO DE NUEVAS TECNICAS.

EL SUBPROYECTO DE LA UZ PARTICIPA EN LAS LINEAS 1, 3, 4 Y 5 Y HACE ESPECIAL HINCAPIE EN TODOS LOS ASPECTOS RELACIONADOS CON LA SUPERCOMPUTACION, LAS REDES COMPLEJAS, LA ANALITICA DE DATOS Y LA APLICACION DE TODAS ESTAS TECNOLOGIAS Y DISCIPLINAS A LA RESOLUCION DE PROBLEMAS PRACTICOS DE LAS EMPRESAS Y DE LA SOCIEDAD. EN ESTE SENTIDO, SE PROPONEN DIVERSAS ACTIVIDADES DE TRANSFERENCIA TECNOLOGICA Y DE CIENCIA CIUDADANA, ASI COMO LA REALIZACION DE EXPERIMENTOS SOCIOLOGICOS MASIVOS APOYADOS EN TECNOLOGIAS AVANZADAS Y DE ANALISIS DE GENERO QUE AYUDEN A COMPRENDER MEJOR LA SITUACION ACTUAL EN ESTE CAMPO."
AEI:PID2022-137124OA-I00;AEI;Proyectos de I+D+I (Generación de Conocimiento y Retos Investigación);2022;PID2022-137124OA-I00;CIENCIA CIUDADANA EN LA PRACTICA: PREVALENCIA, MODOS Y ANTECEDENTES DE PARTICIPACION PUBLICA EN INVESTIGACION SANITARIA;Economía · Empresas y finanzas;UNIVERSITAT DE VALÈNCIA;Q4618001D;Comunidad Valenciana;fuente;VALENCIA;;;;118500,00;0,00;;titulo;https://www.aei.gob.es/ayudas-concedidas/buscador-ayudas-concedidas?code=PID2022-137124OA-I00;"LA CIENCIA ESTA EXPERIMENTANDO UNA PROFUNDA TRANSFORMACION, YA QUE LOS CIUDADANOS Y LOS AGENTES DE LA SOCIEDAD CIVIL COLABORAN CADA VEZ MAS CON LOS ACADEMICOS PARA GENERAR CONJUNTAMENTE CONOCIMIENTO CIENTIFICO. ESTA TENDENCIA, A MENUDO DENOMINADA CIENCIA CIUDADANA (CC), CUENTA CON UN AMPLIO APOYO DE LAS POLITICAS CIENTIFICAS Y TECNOLOGICAS, YA LA CC SE ALINEA CON LOS PRINCIPIOS DE LA INVESTIGACION Y LA INNOVACION RESPONSABLES, ACELERA EL RITMO DE LA INVESTIGACION CIENTIFICA Y MEJORA EL CONOCIMIENTO CIENTIFICO DE LOS CIUDADANOS. SIN EMBARGO, EL VOLUMEN DE ESTUDIOS ACADEMICOS ACERCA DEL FENOMENO DE LA CC ES RELATIVAMENTE ESCASO Y FRAGMENTADO, Y CUESTIONES FUNDAMENTALES TALES COMO LA PREVALENCIA RELATIVA DE LA CC, LOS MODOS DE PARTICIPACION, LAS MOTIVACIONES Y LAS CARACTERISTICAS RELACIONADAS CON LAS TAREAS A REALIZAR, NO HAN SIDO SUFICIENTEMENTE EXPLORADAS.

CONSIDERANDO LO ANTERIOR, ESTE PROYECTO ABORDA TRES OBJETIVOS PRINCIPALES. EN PRIMER LUGAR, PRETENDE EVALUAR LA FRECUENCIA RELATIVA Y LA REPRESENTATIVIDAD DE LA PARTICIPACION DE PROFESIONALES (POR EJEMPLO, CIENTIFICOS) Y NO PROFESIONALES (POR EJEMPLO, CIUDADANOS) EN DISTINTAS INICIATIVAS DE CC. ESTE PRIMER OBJETIVO PRETENDE DEFINIR QUIEN PARTICIPA EN LA CC, A TRAVES DE QUE MECANISMOS Y CON QUE FRECUENCIA. OFRECER DATOS DETALLADOS Y AMPLIOS PARA RESPONDER A ESTAS PREGUNTAS PUEDE AYUDAR A DISEÑAR INICIATIVAS PUBLICAS MAS ADAPTADAS Y MEJOR ORIENTADAS PARA APOYAR LA CC. EN SEGUNDO LUGAR, PRETENDE COMPRENDER LAS MOTIVACIONES Y LOS OBSTACULOS DE LOS PROFESIONALES Y LOS NO PROFESIONALES QUE EXPLICAN LA PARTICIPACION EN INICIATIVAS DE CC. ES DECIR, EXAMINAR POR QUE LOS PROFESIONALES Y LOS CIUDADANOS PARTICIPAN (O NO) EN INICIATIVAS DE CC, QUE LES MOTIVA A HACERLO Y QUE LES FRENA. MEDIANTE EL EMPLEO DE UN MARCO DE ""MOTIVACIONES Y BARRERAS"" PARA LA COLABORACION, PRETENDEMOS DESENTRAÑAR LOS PRINCIPALES FACTORES DE MOTIVACION QUE SUBYACEN A LA PARTICIPACION EN LA CC. EN TERCER LUGAR, EL PROYECTO PRETENDE EVALUAR QUE MODELOS ORGANIZATIVOS SON MAS ADECUADOS PARA CADA TIPO DE PROYECTO DE CIENCIA CIUDADANA. ES DECIR, DEFINIR LA FORMA EN QUE DEBEN CONFIGURARSE LAS TAREAS Y LAS RESPONSABILIDADES DE LOS DIFERENTES PARTICIPANTES, CON EL OBJETIVO FINAL DE ASEGURAR EL COMPROMISO SOSTENIDO DE LOS PARTICIPANTES EN LAS INICIATIVAS DE CC. 

NUESTRO ENFOQUE METODOLOGICO COMBINA UN DISEÑO MIXTO -CUALITATIVO Y CUANTITATIVO- QUE INCLUYE DOS ENCUESTAS A GRAN ESCALA Y UN ESTUDIO DE CASOS. TAMBIEN CONSIDERA DOS UNIDADES DE ANALISIS COMPLEMENTARIAS: EL NIVEL INDIVIDUAL Y EL NIVEL DE PROYECTO, LO QUE GARANTIZA LA SOLIDEZ Y NOVEDAD DE LOS RESULTADOS. EL PROYECTO SE CONTEXTUALIZA EN EL AMBITO SANITARIO. LAS MULTIPLES INICIATIVAS FINANCIADAS CON FONDOS PUBLICOS A NIVEL EUROPEO Y ESPAÑOL PARA APOYAR LA CC EN LA SANIDAD HACEN QUE ESTE CONTEXTO SEA ESPECIALMENTE ATRACTIVO. EN ESTE AMBITO, LA CC AUMENTA LA CONFIANZA PUBLICA EN EL SISTEMA SANITARIO, AYUDA A TENER PACIENTES MEJOR INFORMADOS Y DA VOZ A LAS COMUNIDADES MAS MARGINADAS. ESTOS ASPECTOS ESTAN CLARAMENTE ALINEADOS CON LA ACCION ESTRATEGICA 1 (AE1) DEL PEICTI EN SALUD Y CON LA ACCION ESTRATEGICA 2 (AE2) SOBRE CULTURA, CREATIVIDAD Y SOCIEDAD INCLUSIVA.

EL PROYECTO TAMBIEN ES UNICO EN CUANTO A QUE COMBINA UN EQUIPO DE INVESTIGACION ALTAMENTE INTERDISCIPLINARIO E INTERNACIONAL, CON MIEMBROS DE DIVERSOS TIPOS DE INSTITUCIONES (POR EJEMPLO, LA UNIVERSIDAD DE VALENCIA, EL CSIC Y FISABIO) Y ANTECEDENTES DE INVESTIGACION."
AEI:PID2022-137758NB-I00;AEI;Proyectos de I+D+I (Generación de Conocimiento y Retos Investigación);2022;PID2022-137758NB-I00;LAS ARAÑAS COMO INTEGRADORES DE LAS REDES TROFICAS MARRONES Y VERDES EN UN MUNDO CAMBIANTE;Ciencias y tecnologías medioambientales · Biodiversidad;UNIVERSIDAD DE BARCELONA;Q0818001J;Cataluña;fuente;BARCELONA;;;;232500,00;0,00;;resumen;https://www.aei.gob.es/ayudas-concedidas/buscador-ayudas-concedidas?code=PID2022-137758NB-I00;"LA LLEGADA DEL ANTROPOCENO HA INDUCIDO CAMBIOS SEVEROS EN LAS COMUNIDADES NATURALES, AFECTANDO EL FUNCIONAMIENTO Y LA ESTABILIDAD DE LOS ECOSISTEMAS Y, EN ULTIMA INSTANCIA, COMPROMETIENDO LOS SERVICIOS ESENCIALES QUE BRINDAN PARA EL BIENESTAR HUMANO. COMPRENDER LOS PATRONES DE LA BIODIVERSIDAD EN SUS MULTIPLES FACETAS Y SUS PRINCIPALES CONTROLADORES ES UN PASO FUNDAMENTAL PARA EVALUAR EL IMPACTO DEL CAMBIO GLOBAL Y DESARROLLAR PLANES PARA MITIGARLO.
EN ESTE PROYECTO PRETENDEMOS OBTENER UNA MEJOR COMPRENSION DE COMO LAS COMUNIDADES DE ARAÑAS RESPONDEN A LOS PRINCIPALES CAMBIOS AMBIENTALES Y COMO TALES RESPUESTAS PUEDEN AFECTAR EL FUNCIONAMIENTO DEL ECOSISTEMA. ESPECIFICAMENTE, PROPONEMOS (1) CARACTERIZAR LOS PATRONES DE BIODIVERSIDAD DE LAS COMUNIDADES DE ARAÑAS A TRAVES DE UNA CONJUNTO DE FACTORES AMBIENTALES (CLIMA, FRAGMENTACION, APERTURA), DISEÑADOS PARA REPLICAR ALGUNOS DE LOS EFECTOS PRINCIPALES DE LAS PERTURBACIONES ANTROPOGENICAS, Y (2) IDENTIFICAR SU RELACION CON LA DIVERSIDAD Y ABUNDANCIA DE ARTROPODOS HERBIVOROS Y DETRITIVOROS ASI COMO DE INDICADORES DE PRODUCTIVIDAD Y CICLO DE NUTRIENTES.
HISTORICAMENTE, LA INVESTIGACION DE LA RED TROFICA TERRESTRE SE HA CENTRADO EN DESCRIBIR LA INFLUENCIA DE LOS COMPONENTES AEREOS SOBRE LA PRODUCTIVIDAD PRIMARIA (LA RED TROFICA VERDE). MAS RECIENTEMENTE, LA ATENCION SE HA DESPLAZADO HACIA LAS REDES TROFICAS DETRITICAS, DEBIDO AL PAPEL CLAVE QUE DESEMPEÑAN EN LA REGULACION DE LA DINAMICA DE LOS ECOSISTEMAS (LA RED TROFICA MARRON). SIN EMBARGO, LA RELACION ENTRE LA BIODIVERSIDAD VERDE Y MARRON SIGUE SIENDO POCO CONOCIDA. LAS ARAÑAS SON INTEGRADORES DE LAS REDES TROFICAS VERDE Y MARRON PORQUE CONTROLAN LA ABUNDANCIA DE HERBIVOROS Y DETRITIVOROS, AL TIEMPO QUE PROPORCIONAN UNA FUENTE DE ALIMENTO PARA LOS VERTEBRADOS Y DEVUELVEN NUTRIENTES (RESTOS DE PRESAS) AL SUELO.
A PESAR DE SU PAPEL CLAVE EN LOS ECOSISTEMAS TERRESTRES, LAS ARAÑAS, COMO OTROS ARTROPODOS, HAN SIDO TRADICIONALMENTE EXCLUIDAS DE LOS ESTUDIOS DE CONSERVACION DEBIDO A SU GRAN RIQUEZA, PERO ESCASO CONOCIMIENTO. SOLVENTAREMOS ESTAS LIMITACIONES MEDIANTE LA COMBINACION DE PROTOCOLOS DE EVALUACION DE LA BIODIVERSIDAD ESTANDARIZADOS, CON HERRAMIENTAS AVANZADAS DE SECUENCIACION DE ADN DE ALTO RENDIMIENTO. NOS CENTRAREMOS EN LAS COMUNIDADES DE BOSQUES DE ALCORNOQUES. EL ALCORNOQUE, QUERCUS SUBER (L.), ES UNA ESPECIE DE ROBLE ESCLEROFILO DE HOJA PERENNE SENSIBLE AL CLIMA DE GRAN VALOR ECOLOGICO, ECONOMICO Y CULTURAL EN LA REGION DEL MEDITERRANEO OCCIDENTAL.
POR OTRA PARTE, EXPLORAREMOS LA VIABILIDAD DE INCLUIR A LOS CIUDADANOS Y LA PARTICIPACION DE LA SOCIEDAD EN LOS PROGRAMAS ESTANDAR DE MONITOREO DE LA BIODIVERSIDAD, MEDIANTE LA OPTIMIZACION DE LAS ACTIVIDADES MAS POPULARES DE MUESTREO DE BIODIVERSIDAD ORGANIZADAS PARA EL PUBLICO (BIOBLITZS).
NUESTROS RESULTADOS PROPORCIONARAN INFORMACION MUY NECESARIA SOBRE UN COMPONENTE ESENCIAL DE LOS ECOSISTEMAS TERRESTRES, LAS ARAÑAS, Y SU PAPEL EN EL ACOPLAMIENTO EFECTIVO DE LAS REDES ALIMENTARIAS VERDE Y MARRON Y, EN ULTIMA INSTANCIA, SU IMPACTO EN LOS SERVICIOS DEL ECOSISTEMA. AVANZAR EN NUESTRO CONOCIMIENTO GENERAL Y COMPRENSION DEL IMPACTO DE LOS CAMBIOS GLOBALES EN LA BIODIVERSIDAD Y EL FUNCIONAMIENTO DE LOS ECOSISTEMAS CONDUCIRA A DECISIONES MEJOR INFORMADAS PARA LA CONSERVACION Y LA PLANIFICACION DEL DESARROLLO SOSTENIBLE. CONTRIBUIREMOS ADEMAS A MEJORAR EL CONOCIMIENTO Y LA CONCIENCIA PUBLICA SOBRE LOS PROBLEMAS AMBIENTALES A TRAVES DEL DESARROLLO DE ACTIVIDADES DE CIENCIA CIUDADANA"
AEI:PID2022-138753OB-C21;AEI;Proyectos de I+D+I (Generación de Conocimiento y Retos Investigación);2022;PID2022-138753OB-C21;CARACTERIZACION DE LAS TOXINAS Y BALANCE DE CARBONO EN RELACION CON LA DINAMICA DE LAS PROLIFERACIONES DE OSTREOPSIS;Ciencias y tecnologías medioambientales · Ciencias y tecnologías marinas;AGENCIA ESTATAL CONSEJO SUPERIOR DE INVESTIGACIONES CIENTIFICAS (CSIC);Q2818002D;Cataluña;fuente;BARCELONA;;;;226250,00;0,00;;palabras-clave;https://www.aei.gob.es/ayudas-concedidas/buscador-ayudas-concedidas?code=PID2022-138753OB-C21;"LA MICROALGA OSTREOPSIS ES UN DINOFLAGELADO BENTONICO DE ORIGEN TROPICAL QUE PARECE ESTAR EXPANDIENDO SU DISTRIBUCION BIOGEOGRAFICA HACIA ZONAS COSTERAS TEMPLADAS: EN 1995 SE ENCONTRARON OSTREOPSIS SPP. ENTRE 20ºS Y 28ºN PERO EN 2020 LOS REGISTROS SE EXTENDIERON DE 35ºS A 45ºN. EN MUCHOS HABITATS, LAS PROLIFERACIONES DE ALTA BIOMASA DE OSTREOPSIS SPP. SE CORRELACIONAN CON IRRITACIONES RESPIRATORIAS Y CUTANEAS EN LOS USUARIOS DE LA PLAYA Y CON ALTERACIONES EN LA BIOLOGIA DE CIERTA FAUNA MARINA, INCLUIDAS MUERTES MASIVAS.

ECOS-TOXC SE CENTRARA EN PREGUNTAS ABIERTAS FORMULADAS A PARTIR DE LA OBSERVACION DE LA APARICION DE PROLIFERACIONES DE OSTREOPSIS EN DOS ENTORNOS CONTRASTADOS:
A. LA PLAYA DE SANT ANDREU DE LLAVANERES, NOROESTE DEL MEDITERRANEO, AFECTADA POR DIFERENTES PRESIONES HUMANAS (DESTRUCCION COSTERA, ALCANTARILLADO Y FERTILIZANTES AGRICOLAS, PUERTOS) Y CLIMATICAS (SUBIDA DEL NIVEL DEL MAR Y CALENTAMIENTO), UN PUNTO DE REFERENCIA DE LA RECURRENCIA DE LAS PROLIFERACIONES DE OSTREOPSIS.
B. LA ISLA CANARIA DE EL HIERRO, UN SITIO CENTINELA DEL CAMBIO CLIMATICO EN LA REGION DEL ATLANTICO CENTRO-ORIENTAL (MACARONESIA), DONDE OSTREOPSIS PARECE ESTAR EXPANDIENDOSE Y LAS PROLIFERACIONES (QUE OCURREN A FINES DEL OTOÑO), APARECEN EN HABITATS MUY DIFERENTES, TANTO EN UNA PLAYA VIRGEN COMO EN UN AREA ANTROPOGENICAMENTE AFECTADA COMO EL PUERTO DE LA RESTINGA.

ALGUNAS DE LAS NUEVAS PREGUNTAS SON:
- ¿SON TOXICAS LAS PROLIFERACIONES DE OSTREOPSIS EN EL HIERRO? SI ES ASI, ¿QUE ANALOGOS DE TOXINAS SE ENCUENTRAN EN LAS ESPECIES DE OSTREOPSIS QUE PROLIFERAN EN EL HIERRO?
- OSTREOPSIS CRECE ESTRECHAMENTE ASOCIADA CON MACROALGAS, GUIJARROS Y ARENA EN UNA MATRIZ COMPUESTA PRINCIPALMENTE DE MUCOPOLISACARIDOS QUE ELLA MISMA PRODUCE DONDE TAMBIEN SE ENCUENTRAN MUCHOS OTROS MICROORGANISMOS, INCLUIDAS MICROALGAS Y BACTERIAS, CON UNA ACTIVIDAD METABOLICA PROBABLEMENTE ALTA. POR LO TANTO, ¿CUALES SON LAS TASAS DE RESPIRACION DE OXIGENO EN LAS COMUNIDADES DE MICROBENTOS Y PLANCTON DURANTE LAS PROLIFERACIONES DE OSTREOPSIS? ¿COMO SE RELACIONAN ESTOS CON LA FIJACION Y EXPORTACION DE CARBONO POR OSTREOPSIS?
- ¿QUE ESTA IMPULSANDO LA EXTENSION BIOGEOGRAFICA DE OSTREOPSIS? ¿CUALES SON LOS FACTORES ANTROPOGENICOS Y/O NATURALES INVOLUCRADOS? ¿COMO SE PUEDEN EVITAR O MINIMIZAR LAS PROLIFERACIONES DE OSTREOPSIS Y SUS IMPACTOS?
- ¿PUEDE LA COORDINACION CIENCIA-SOCIEDAD DESEMPEÑAR UN PAPEL ACTIVO EN LA MINIMIZACION DE LOS IMPACTOS DE LAS PROLIFERACIONES DE OSTREOPSIS? ¿QUE TIPO DE HERRAMIENTAS E INFORMACION SE NECESITAN?

ESTAS PREGUNTAS DEFINEN LOS OBJETIVOS DE ECOS-TOXC:
1. CARACTERIZAR LA TOXICIDAD DE LAS PROLIFERACIONES DE OSTREOPSIS SPP. EN EL HIERRO Y COMPARARLA CON LA VARIABILIDAD TEMPORAL DE TOXINAS OBSERVADA EN EL ""HOTSPOT"" DE SANT ANDREU DE LLAVANERES.
2. CARACTERIZAR EL BALANCE DE CARBONO (FUENTE O SUMIDERO) DE LAS PROLIFERACIONES DE OSTREOPSIS A ESCALA LOCAL DE LAS ZONAS COSTERAS AFECTADAS.
3. REALIZAR UNA SINTESIS Y ANALISIS COMPARATIVO DE LA DINAMICA DE LAS PROLIFERACIONES DE OSTREOPSIS EN AMBIENTES CONTRASTADOS PARA DISCRIMINAR LOS FACTORES NATURALES Y ANTROPOGENICOS QUE LAS PROMUEVEN.
4. TRANSFERIR EL CONOCIMIENTO OBTENIDO EN EL PROYECTO A LA SOCIEDAD, Y EN PARTICULAR A LOS RESPONSABLES POLITICOS, PARA EXPLORAR ESTRATEGIAS BASADAS EN LA CIENCIA PARA MINIMIZAR (SI ES POSIBLE) LA OCURRENCIA DE LOS EVENTOS DE OSTREOPSIS Y MITIGAR SUS IMPACTOS EN EL MEDIO AMBIENTE Y LA SALUD HUMANA."
AEI:PID2022-139046OA-I00;AEI;Proyectos de I+D+I (Generación de Conocimiento y Retos Investigación);2022;PID2022-139046OA-I00;CIENCIA CIUDADANA Y TIG PARA LA EVALUACION DE LOS RIESGOS COMPUESTOS SEQUIAS-OLAS DE CALOR;Ciencias sociales · Geografía;UNIVERSIDAD DE MALAGA;Q2918001E;Andalucía;fuente;MALAGA;;;;68750,00;0,00;;titulo;https://www.aei.gob.es/ayudas-concedidas/buscador-ayudas-concedidas?code=PID2022-139046OA-I00;"EL PROYECTO PARTE DE LA HIPOTESIS DE QUE LOS EFECTOS DEL CAMBIO CLIMATICO SOBRE LA APARICION SECUENCIAL O SIMULTANEA DE SEQUIAS Y OLAS DE CALOR EN ESPAÑA Y SU INCIDENCIA EN LOS ENTORNOS URBANOS, EXIGE NUEVAS FORMAS DE APROXIMACION QUE APROVECHEN LAS VENTAJAS DE LA DIGITALIZACION Y EL USO DE LAS TIG Y GARANTICEN LA IMPLICACION DE LA CIUDADANIA EN LA DIFUSION DE LA INFORMACION, LA CONSULTA Y LA DELIBERACION SOBRE LA EVALUACION DEL RIESGO Y MEDIDAS DE GESTION. EL PROYECTO PRETENDE FORTALECER Y FOMENTAR EL ANALISIS DE RIESGOS COMPUESTOS, POCO ABORDADOS HASTA AHORA EN ESPAÑA, MEDIANTE LA DEFINICION Y APLICACION DE NUEVAS METODOLOGIAS QUE PERMITAN PROPONER NUEVAS VARIABLES, INDICADORES E INDICES DE PELIGROSIDAD, EXPOSICION Y VULNERABILIDAD, A TRAVES DEL USO DE LAS TIG Y LA INCORPORACION DE TECNICAS Y HERRAMIENTAS PARTICIPATIVAS, DELIBERATIVAS Y COLABORATIVAS EN EL MARCO DE LA CIENCIA CIUDADANA. A PARTIR DE ESTA HIPOTESIS SE PLANTEAN TRES OBJETIVOS GENERALES: 1) MEJORAR EL CONOCIMIENTO Y LA COMUNICACION DEL RIESGO POR SEQUIAS Y OLAS DE CALOR, TANTO DE FORMA INDIVIDUAL COMO CUANDO SE PRESENTAN DE MANERA SIMULTANEA O SECUENCIAL; 2) DESARROLLAR UNA METDOLOGIA DE ANALISIS DE VULNERABILIDAD FRENTE AL RIESGO COMPUESTO DE SEQUIAS Y OLAS DE CALOR. EN ENTORNOS URBANOS 3) FOMENTAR LOS PROCESOS DE INFORMACION, CONSULTA Y DELIBERACION A TRAVES DE LA CIENCIA CIUDADANA EN LA EVALUACION DE VULNERABILIDAD Y LA GESTION DEL RIESGO. PARA CUMPLIR CON ESTOS OBJETIVOS SE PROPONE UNA METODOLOGIA SISTEMATICA DE EVALUACION QUE PARTE DE LA ECUACION DEL RIESGO PROPUESTA POR EL IPCC (2012;2022) QUE LO DEFINE COMO LA ACCION COMBINADA DE LA PELIGROSIDAD, LA EXPOSICION Y LA VULNERABILIDAD Y DE FORMA NOVEDOSA CON LA INCORPORACION DE LOS METODOS, TECNICAS Y HERRAMIENTAS QUE PROPONE UN ENTORNO COLABORATIVO DONDE SE ENCUENTRAN DISTINTAS DISCIPLINAS (GEOGRAFIA, CIENCIA AMBIENTAL, GEOLOGIA Y SOCIOLOGIA) Y SABERES (EXPERTO Y NO EXPERTO), QUE PERMITIRAN DISEÑAR Y COMPLETAR EL CALCULO DE UN INDICE DE VULNERABILIDAD AL RIESGO COMPUESTO SEQUIAS-OLAS DE CALOR (IVSO) PARA LOS AMBITOS URBANOS, QUE INTEGRE DE MANERA SUFICIENTE INDICADORES DE CAPACIDAD DE ADAPTACION PARA CUYO CALCULO SE REQUIERE DE LA PARTICIPACION ACTIVA DE LOS CIUDADANOS (CAPACITACION SOCIAL Y COPRODUCCION DEL CONOCIMIENTO), NO SOLO PARA LA RECOGIDA DE INFORMACION, SINO TAMBIEN DE SU ANALISIS, INTERPRETACION, REPRESENTACION Y DIFUSION."
AEI:PID2022-140757NB-I00;AEI;Proyectos de I+D+I (Generación de Conocimiento y Retos Investigación);2022;PID2022-140757NB-I00;METODOS ESTOCASTICOS Y PRACTICAS DE CIENCIA CIUDADANA EN EL ESTUDIO DE SISTEMAS SOCIALES COMPLEJOS;Ciencias físicas · Física aplicada y Biofísica;UNIVERSIDAD DE BARCELONA;Q0818001J;Cataluña;fuente;BARCELONA;;;;112500,00;0,00;;titulo;https://www.aei.gob.es/ayudas-concedidas/buscador-ayudas-concedidas?code=PID2022-140757NB-I00;"LOS SISTEMAS COMPLEJOS SON SISTEMAS CON PROPIEDADES EMERGENTES QUE NO PUEDEN PREDECIRSE FACILMENTE A PARTIR DEL CONOCIMIENTO PRECISO DE SUS CONSTITUYENTES O SUS INTERACCIONES. ESTE ES EL CASO DE MUCHOS SISTEMAS FISICOS DONDE LAS PROPIEDADES MACROSCOPICAS COLECTIVAS SON EL RESULTADO DEL ACOPLAMIENTO NO LINEAL A GRAN ESCALA ENTRE ATOMOS O MOLECULAS QUE REFUERZAN O ATENUAN LA RESPUESTA DEL SISTEMA A LOS CAMBIOS ENDOGENOS O EXOGENOS. ESTOS RASGOS DISTINTIVOS PUEDEN ESTAR ASOCIADOS A MUCHOS EPISODIOS SOCIALES. LA FORMA HABITUAL EN QUE LA FISICA ABORDA DICHOS ES MEDIANTE UN EXTENSO Y PRECISO TRATAMIENTO DE LAS PROPIEDADES ESTADISTICAS. PERO, COMO FISICOS, TAMBIEN QUEREMOS DAR RAZON DE ESTAS CARACTERISTICAS.

EL PROYECTO QUIERE LLEVAR A CABO UNA INVESTIGACION NO ORIENTADA Y, POR LO TANTO, QUEREMOS ESTABLECER NUEVOS METODOS Y MODELOS CAPACES DE CONTRIBUIR AL ESTUDIO DE LOS SISTEMAS SOCIALES COMPLEJOS. NOS INTERESA ESPECIALMENTE DESCRIBIR LA EVOLUCION TEMPORAL DE MAGNITUDES CLAVE O LAS INTERDEPENDENCIAS ENTRE LOS DIFERENTES ELEMENTOS DE UN FENOMENO SOCIAL, IDENTIFICANDO SUS CAUSAS Y EFECTOS, Y CARACTERIZANDO CONDICIONES Y CONTEXTOS QUE DESENCADENAN EPISODIOS Y QUIZAS ANTICIPARLOS.

DADA NUESTRA EXPERIENCIA, NOS CENTRAREMOS EN EL DESARROLLO DE NUEVOS METODOS Y MODELOS ESTOCASTICOS, Y OFRECEREMOS HERRAMIENTAS PODEROSAS PARA CARACTERIZAR Y PARAMETRIZAR LOS ATRIBUTOS DE LOS FENOMENOS SOCIALES OBSERVADOS. SIN EMBARGO, ESTA DESCRIPCION NO SERA SUFICIENTE EN ALGUNOS CASOS. DADO QUE LOS SISTEMAS SOCIALES PUEDEN SER EL RESULTADO DE LA INTERACCION DE MUCHOS AGENTES CONSCIENTES Y HETEROGENEOS QUE SIGUEN REGLAS DE COMPORTAMIENTO ADAPTABLES BASADAS EN INTERESES EGOISTAS Y ALTRUISTAS, TAMBIEN DESARROLLAREMOS MODELOS COMPUTACIONALES BASADOS EN AGENTES.

AUNQUE ESTE ES UN PROYECTO DE INVESTIGACION NO ORIENTADO, NOS CENTRAREMOS EN TRES TEMAS, LAS DESIGUALDADES SOCIOECONOMICAS, LA SOSTENIBILIDAD URBANA Y LAS NUEVAS FORMAS DE EDUCACION, DANDONOS TIEMPO PARA EXPLORAR OTROS SISTEMAS SOCIALES COMPLEJOS. LOS TRES TEMAS ANTERIORES SON TEMAS CLAVE EN EL PROGRAMA DE INVESTIGACION HORIZON EUROPE, Y SE MENCIONAN EXPLICITAMENTE EN LOS OBJETIVOS DE DESARROLLO SOSTENIBLE (ODS) DE LAS NACIONES UNIDAS COMO PRINCIPALES DESAFIOS SOCIALES. TANTO EL PROGRAMA HORIZON COMO LOS ODS SON CLAVE EN EL ACTUAL PLAN ESTATAL DE INVESTIGACION CIENTIFICA Y TECNICA Y DE INNOVACION 2021-2023 QUE RECONOCE LA NECESIDAD DE ELIMINAR LAS BARRERAS ENTRE CIENTIFICOS Y NO CIENTIFICOS Y LOS AMBITOS PUBLICO Y PRIVADO, ASI COMO AUMENTAR LA CAPACIDAD DE DIFUSION Y COMUNICACION DE LA I+D YA LA SOCIEDAD. ASIMISMO, LA ESTRATEGIA ESPAÑOLA DE CIENCIA Y TECNOLOGIA E INNOVACION 2021-2027 MENCIONA ESPECIFICAMENTE LA CIENCIA CIUDADANA ENTRE SUS CUATRO PRINCIPIOS BASICOS DE APOYO A LA INVESTIGACION Y LA INNOVACION NACIONALES. ESTA ES LA RAZON POR LA QUE TAMBIEN HEMOS DECIDIDO INTRODUCIR LA PRACTICA DE LA CIENCIA CIUDADANA EN EL ESTUDIO DE LOS SISTEMAS SOCIALES COMPLEJOS.

LA CIENCIA CIUDADANA SE DEFINE EN TERMINOS GENERALES COMO LA INVESTIGACION CIENTIFICA REALIZADA CON LA PARTICIPACION DEL PUBLICO. LAS PRACTICAS DE CIENCIA CIUDADANA PUEDEN INVOLUCRAR A TODOS EN LA IMPORTANTE TAREA DE COMPRENDER MEJOR LOS SISTEMAS SOCIALES COMPLEJOS. EL PARTICIPANTE PUEDE COMPARTIR SU EXPERIENCIA DE PRIMERA MANO EN RELACION CON EL PROBLEMA SOCIAL EN CUESTION, CONTRIBUIR CON LOS DATOS, INTERPRETAR DATOS, SINTETIZAR RESULTADOS Y, FINALMENTE, AYUDAR A ACELERAR LAS ACCIONES O POLITICAS NECESARIAS PARA ENFRENTAR LOS DESAFIOS."
AEI:PID2022-141802NB-I00;AEI;Proyectos de I+D+I (Generación de Conocimiento y Retos Investigación);2022;PID2022-141802NB-I00;COMPLEJIDAD BIOLOGICA Y SOCIAL;Ciencias físicas · Física aplicada y Biofísica;UNIVERSIDAD CARLOS III DE MADRID;Q2818029G;Madrid;fuente;MADRID;;;;173125,00;0,00;;resumen;https://www.aei.gob.es/ayudas-concedidas/buscador-ayudas-concedidas?code=PID2022-141802NB-I00;"LA APLICACION DE LA FISICA DE SISTEMAS COMPLEJOS A LA BIOLOGIA Y A LAS CIENCIAS SOCIALES SE HA HECHO CADA VEZ MAS IMPORTANTE Y FRUCTIFERA EN LAS ULTIMAS DECADAS. ESTE PROYECTO, DEL TIPO ""MODALIDAD NO ORIENTADA"", PRETENDE PROPORCIONAR NUEVOS CONOCIMIENTOS BASICOS SOBRE SISTEMAS DE INTERES EN DICHAS DISCIPLINAS. DESARROLLAREMOS Y VALIDAREMOS EXPERIMENTALMENTE MARCOS TEORICOS PARA LAS NORMAS SOCIALES COMO IMPULSORAS DE FENOMENOS EMERGENTES DE SEGUNDO ORDEN EN SISTEMAS SOCIALES, POSIBLEMENTE EN RED, Y/O DETERMINANTES DEL COMPORTAMIENTO INDIVIDUAL. TAMBIEN USAREMOS MODELOS DINAMICOS PARA REPRESENTAR EL PROCESO DE TOMA DE DECISIONES DE INDIVIDUOS QUE SE ENFRENTAN A CAMBIOS AMBIENTALES QUE HACEN COEVOLUCIONAR LOS PAGOS DEL JUEGO Y LAS ESTRATEGIAS, DONDE LA EVOLUCION DE LOS PAGOS DA CUENTA DE LA INFLUENCIA DE LAS NORMAS SOCIALES. AVANZAREMOS EN LA EXPLICACION Y PREDICCION DE LAS ESTRUCTURAS SOCIALES Y LAS DINAMICAS DE RELACION A PARTIR DEL CONOCIMIENTO DE LA ESTRUCTURA DE LAS REDES PERSONALES Y DE LOS ATRIBUTOS INDIVIDUALES. ADEMAS, CONTINUAREMOS EL PROCESO DE RECOGIDA DE DATOS SOBRE RELACIONES SOCIALES EN COLEGIOS QUE INICIAMOS EN 2018, PRODUCIENDO ASI UN CONJUNTO DE DATOS MUY RICO Y CON UNA RESOLUCION SIN PRECEDENTES. EXTRAEREMOS PATRONES EVOLUTIVOS PARA DATOS GENOMICOS MASIVOS Y MODELAREMOS LOS MECANISMOS E INTERACCIONES SUBYACENTES A LAS COMUNIDADES ECOLOGICAS A PARTIR DE DATOS DE MICROBIOMAS. ANALIZAREMOS DATOS DE LA PROPAGACION DE VIRUS EN PLANTAS Y DEL FAGO Q&#120631;, Y DATOS EMPIRICOS DE MICROBIOMAS ENFERMOS OBTENIDOS DE PACIENTES EN UN HOSPITAL. POR ULTIMO, PROPONDREMOS UN MODELO HIBRIDO ESPACIAL MULTIESCALA Y DESARROLLAREMOS UN MODELO IN SILICO DEL CRECIMIENTO DEL CANCER. EXPLORAREMOS EN DETALLE DISTINTAS FORMAS DE QUIMIOTERAPIA SISTEMICA Y LA MANERA OPTIMA DE ESTIMULAR EL SISTEMA INMUNITARIO PARA QUE LA PROBABILIDAD DE SUPERVIVENCIA DE LAS MICROMETASTASIS SEA MINIMA. LA NATURALEZA INTERDISCIPLINAR DE ESTE PROYECTO REQUIERE UNA COMBINACION DE METODOS MUY DIFERENTES PARA LLEVARLO A CABO, A SABER, MODELIZACION, TECNICAS COMPUTACIONALES Y EXPERIMENTALES, Y ANALISIS DE DATOS. COMO PARTE DE NUESTRO COMPROMISO CON LA CIENCIA ABIERTA, PONDREMOS NUESTROS CODIGOS Y DATOS A DISPOSICION DEL PUBLICO Y DESARROLLAREMOS PARTE DE LA INVESTIGACION DENTRO DEL PARADIGMA DE LA CIENCIA CIUDADANA. NUESTRO TRABAJO APORTARA CONOCIMIENTOS SOBRE FENOMENOS INDIVIDUALES Y SOCIALES, COMO LA ESTRUCTURA DE LA SOCIEDAD O LA APARICION Y EVOLUCION DE NORMAS SOCIALES. ADEMAS, OBTENDREMOS UNA HERRAMIENTA PARA CARACTERIZAR LA APTITUD DE UNA CUASIESPECIE VIRAL A PARTIR DEL CONOCIMIENTO DE LA APTITUD DEL TIPO SALVAJE Y LAS FRACCIONES DE POBLACION DE MUTANTES, Y UNA MEJOR COMPRENSION DE COMO EL CANCER RESISTE A ALGUNAS TERAPIAS. EL PROYECTO TAMBIEN PROPORCIONARA NUEVOS METODOS Y HERRAMIENTAS QUE PODRAN UTILIZARSE EN RELACION CON SISTEMAS COMPLEJOS EN OTROS CAMPOS. COLABORAREMOS CON UNA EMPRESA, KAMPAL DATA SOLUTIONS SL, PARA APLICAR NUESTROS RESULTADOS SOBRE REDES SOCIALES A LA DETECCION Y PREVENCION DEL ACOSO ESCOLAR Y A LA MEJORA DEL ENTORNO SOCIAL EN LAS ESCUELAS. NUESTRA INVESTIGACION TIENE UNA CLARA DIMENSION DE GENERO, YA QUE EN EL TRABAJO SOBRE LAS RELACIONES SOCIALES, LA IDENTIDAD DE GENERO Y LA ORIENTACION SEXUAL SON ASPECTOS CLAVE PARA ENTENDER LAS RELACIONES EN LAS ESCUELAS. NUESTRA INVESTIGACION SOBRE LAS NORMAS SOCIALES TAMBIEN TENDRA EN CUENTA QUE NUESTRO PROPIO GRUPO HA DEMOSTRADO QUE LAS NORMAS SOCIALES AFECTAN DE MANERA DIFERENTE A HOMBRES Y MUJERES."
AEI:PID2022-142375OB-I00;AEI;Proyectos de I+D+I (Generación de Conocimiento y Retos Investigación);2022;PID2022-142375OB-I00;EXPLORACION DEL EXPOSOMA HUMANO MEDIANTE MUESTREADORES PASIVOS Y CIENCIA CIUDADANA;Ciencias y tecnologías medioambientales · Tecnologías medioambientales;UNIVERSIDAD DE ALMERIA;Q5450008G;Andalucía;fuente;ALMERIA;;;;193750,00;0,00;;titulo;https://www.aei.gob.es/ayudas-concedidas/buscador-ayudas-concedidas?code=PID2022-142375OB-I00;"EL OBJETIVO FUNDAMENTAL DEL PROYECTO PRESENTADO ES ESTANDARIZAR EL MUESTREO DE CONTAMINANTES Y MICROPLASTICOS EN HUMANOS MEDIANTE EL USO DE MUESTREADORES NO INVASIVOS. LOS OBJETIVOS DEL PROYECTO SON CONSEGUIR UN IMPACTO SOCIOECONOMICO SIGNIFICATIVO MEDIANTE LA CREACION DE VENTAJAS COMPETITIVAS RELACIONADAS CON LA SALUD MEDIOAMBIENTAL. ESTE IMPACTO ES SIGNIFICATIVO YA QUE POSIBILITA LA MEJORA DEL CONTROL, NORMAS, COSTUMBRES Y FORMAS DE VIDA QUE DISMINUYAN LA EXPOSICION A TOXICOS AMBIENTALES, PREVINIENDO ASI ENFERMEDADES Y FOMENTANDO CIUDADES SALUDABLES.

EL PROYECTO QUE SE PRESENTA PRETENDE DESARROLLAR Y EVALUAR MUESTREADORES PASIVOS EFICACES Y BARATOS PARA LA DETECCION DE MICROPLASTICOS Y SUSTANCIAS QUIMICAS PELIGROSAS. SU ESTANDARIZACION Y MONITORIZACION BAJO EL CONCEPTO DE CIENCIA CIUDADANA PERMITIRA LA SUFICIENTE INFORMACION Y COMPRENSION DE LOS PROCESOS CAUSANTES DE LA CONTAMINACION ANTROPOGENICA, PROPORCIONANDO LAS HERRAMIENTAS NECESARIAS PARA CREAR UNA SOCIEDAD MAS ECOLOGICA Y SALUDABLE. A TRAVES DE LA INVESTIGACION ANALITICA DE VANGUARDIA APLICADA, LOS ESTUDIOS QUE SE LLEVARAN A CABO PROPORCIONARAN INFORMACION SOBRE COMPUESTOS NUEVOS O DE GRAN PREOCUPACION. SE ESPERA QUE LA INVESTIGACION PRODUCIDA PERMITA EVALUAR SU PRESENCIA FACILITANDO EL DESARROLLO DE PLANES DE VIGILANCIA.
EL ALCANCE DEL PRESENTE ESTUDIO SE LIMITARA A LAS FUENTES Y NIVELES DE EXPOSICION EN ADOLESCENTES EN EDAD ESCOLAR, EVALUANDO EL GRADO Y LOS CORRESPONDIENTES NIVELES DE EXPOSICION EN CINCO LUGARES GEOGRAFICAMENTE DISTINTOS DE ESPAÑA (EN PARTICULAR, EN UNO MARCADAMENTE URBANO, MADRID; Y EN UNA REGION DE ENTORNOS MIXTOS URBANOS Y RURALES, ALMERIA).

OFRECERA ALTERNATIVAS PARA APLICAR MEDIDAS DE GESTION Y CONTROL QUE DISMINUYAN DICHA EXPOSICION Y AYUDARA A PREVER Y CALIBRAR LOS EFECTOS DE LOS CAMBIOS EN LA CONTAMINACION AMBIENTAL PROVOCADOS POR VARIABLES REGIONALES (COMO EL AUMENTO DE LAS ACTIVIDADES HUMANAS DE TRANSPORTE EN UNA REGION, O LA CORRELACION CON LOS PROCESOS PRODUCTIVOS REGIONALES) O CAUSAS ATMOSFERICAS (POR EJEMPLO, EL CAMBIO CLIMATICO Y LAS VARIACIONES ESTACIONALES, ENTRE OTRAS VARIABLES).
HASTA LA FECHA, EN ESPAÑA NO SE HAN REALIZADO ESTUDIOS SIMILARES. ADEMAS, SE ESPERA QUE LA EVALUACION PROPUESTA SEA DE INTERES NO SOLO PARA LAS ESCUELAS Y LAS PERSONAS QUE PARTICIPAN ACTIVAMENTE EN EL PROCESO DE MUESTREO, SINO ESTOS RESULTADOS PODRAN SER LA BASE DE FUTURAS EVALUACIONES A NIVEL NACIONAL. 

POSTERIORMENTE, UNA VEZ ESTANDARIZADOS LOS ASPECTOS METODOLOGICOS, EL MODELO AQUI DESARROLLADO PODRA SER EXTRAPOLADO A CUALQUIER OTRO CASO EN EL QUE INSTITUCIONES PUBLICAS O PRIVADAS TENGAN LA NECESIDAD DE EVALUAR LA EXPOSICION QUIMICA EN HUMANOS A TRAVES DE MUESTREADORES PASIVOS NO INVASIVOS. POR ULTIMO, EL PROYECTO PROPUESTO CONSIDERA LA ECONOMIA Y MEDIO AMBIENTE COMO DOS CARAS DE UNA MISMA MONEDA, HECHO QUE HOY EN DIA ES DE SUMA IMPORTANCIA GLOBALMENTE. OFRECER A LOS ADOLESCENTES Y A SUS FAMILIAS LA POSIBILIDAD DE PARTICIPAR COMO CIENTIFICOS CIUDADANOS, PROPORCIONARA ADICIONALMENTE UN EJEMPLO DE COMPROMISO EN ESTE OBJETICO, Y OFRECERA LA OPORTUNIDAD DE TRABAJAR CODO CON CODO CON LOS INVESTIGADORES IMPLICADOS EN EL PROYECTO."
AEI:PID2022-143112NB-I00;AEI;Proyectos de I+D+I (Generación de Conocimiento y Retos Investigación);2022;PID2022-143112NB-I00;TRASPORTE Y RETENCION DE MATERIA PARTICULADA ANTROPOGENICA EN RIOS MEDITERRANEOS EN EL CONTEXTO DEL CAMBIO GLOBAL;Ciencias y tecnologías medioambientales · Ciencias de la Tierra y del agua;AGENCIA ESTATAL CONSEJO SUPERIOR DE INVESTIGACIONES CIENTIFICAS (CSIC);Q2818002D;Cataluña;fuente;GERONA;;;;248750,00;0,00;;resumen;https://www.aei.gob.es/ayudas-concedidas/buscador-ayudas-concedidas?code=PID2022-143112NB-I00;"LA HUMANIDAD SE ENFRENTA ACTUALMENTE AL RETO DE LA CONTAMINACION POR PLASTICOS EN EL MEDIO AMBIENTE, QUE SE ESTA CONVIRTIENDO EN UN PROBLEMA DE CONTAMINACION CRONICA A ESCALA MUNDIAL. EL CONOCIMIENTO SOBRE LA PRESENCIA EN EL MEDIO AMBIENTE Y LA TOXICIDAD DEL PLASTICO, ESPECIALMENTE DE LOS MICROPLASTICOS (MICP) ES BASTANTE ELEVADO. SIN EMBARGO, NUESTRA COMPRENSION SOBRE LOS PROCESOS QUE EXPLICAN LA DINAMICA DEL PLASTICO EN EL MEDIO AMBIENTE, QUE HOY EN DIA ES EL TIPO DOMINANTE DE MATERIA ORGANICA PARTICULADA ANTROPOGENICA (APOM), SIGUE SIENDO ESCASA. LA CONTAMINACION POR PLASTICO ES UNO DE LOS EFECTOS DEL CAMBIO GLOBAL QUE COEXISTE EN LOS ECOSISTEMAS FLUVIALES CON MUCHOS OTROS RETOS AMBIENTALES COMO LA ALTERACION DE LA MORFOLOGIA DE LOS RIOS, LA ESCASEZ DE AGUA, EL AUMENTO DE FENOMENOS METEOROLOGICOS EXTREMOS Y LA EUTROFIZACION, ENTRE OTROS. ESTA SITUACION ES ESPECIALMENTE PREOCUPANTE EN LOS RIOS MEDITERRANEOS QUE SUFREN ALTAS PRESIONES AMBIENTALES DERIVADAS DE LA ACTIVIDAD HUMANA Y EL CAMBIO CLIMATICO. EL PROYECTO APOM-CYCLING QUIERE RESPONDER A UNA PREGUNTA DE INVESTIGACION MUY ESPECIFICA Y RELEVANTE: ENTENDER EL TRANSPORTE Y LA RETENCION DE APOM EN LOS RIOS MEDITERRANEOS EN EL CONTEXTO DEL CAMBIO GLOBAL. LA METODOLOGIA APLICADA COMBINARA INVESTIGACION EMPIRICA QUE SE REALIZARA IN SITU EN EL RIO LA TORDERA, Y TRABAJO EXPERIMENTAL QUE SE LLEVARA A CABO EN DOS INSTALACIONES EXPERIMENTALES: LA PRIMERA CON CANALES EXPERIMENTALES DE LABORATORIO, Y LA SEGUNDA CON CANALES EXPERIMENTALES SITUADOS EN EL EXTERIOR. EL RIO LA TORDERA PRESENTA UN MOSAICO HETEROGENEO DE USOS DEL SUELO Y ACTIVIDADES HUMANAS QUE SE TRADUCE EN UNA GRAN VARIABILIDAD EN LA CANTIDAD Y REPARTO DE LAS FUENTES DE CONTAMINACION A LO LARGO DE LA CUENCA, ASI COMO EN LA ALTERACION DE LA MORFOLOGIA DEL CAUCE. DEBIDO AL CLIMA DE LA REGION, LA HIDROLOGIA DE LOS ARROYOS SE CARACTERIZA POR INUNDACIONES Y SEQUIAS Y POR LA PRESENCIA DE ARROYOS CON REGIMENES HIDROLOGICOS PERMANENTES O INTERMITENTES. EL PROYECTO APOM-CYCLING INVESTIGARA LA INFLUENCIA DE LOS DIFERENTES USOS DEL SUELO EN LA PRESENCIA DE MICP Y MACROPLASTICOS (MACP) EN EL RIO; Y LA CONTRIBUCION DE LA MORFOLOGIA DEL CAUCE, EL ESTADO TROFICO (NUTRIENTES) Y LOS FENOMENOS METEOROLOGICOS EXTREMOS (INUNDACIONES Y SEQUIAS) SOBRE EL TRANSPORTE Y RETENCION DE APOM EN LA TORDERA. SE REALIZARAN DOS EXPERIMENTOS, UNA PARA ABORDAR EL PAPEL DEL BIOFILM FLUVIAL EN LA RETENCION DE MICP Y PARA EVALUAR LA CONTRIBUCION ESPECIFICA DE NUTRIENTES Y HERBIVOROS (EN LOS CANALES DE LABORATORIO), Y EL SEGUNDO PARA ESTUDIAR LA INFLUENCIA DE LA INTERMITENCIA DEL AGUA  EN LA RETENCION Y TRANSFERENCIA TROFICA DE MICP (QUE SE REALIZARA EN CANALES EXTERIORES). LOS DATOS OBTENIDOS SE UTILIZARAN PARA EL DESARROLLO DE UN MODELO PARAMETRIZADO SOBRE LA DINAMICA ESPACIAL Y TEMPORAL DE APOM EN RIOS MEDITERRANEOS BAJO LA INFLUENCIA DEL CAMBIO GLOBAL. UNA CONTRIBUCION RELEVANTE DEL PROYECTO SERA LA RESULTANTE DE LAS ACTIVIDADES IN-SITU, INCLUYENDO LA CIENCIA CIUDADANA, PROPORCIONANDO EDUCACION Y CONCIENCIACION A LA POBLACION, Y VINCULANDO LAS ACTIVIDADES A UN AREA GEOGRAFICA ESPECIFICA CON SUS PROBLEMAS MEDIOAMBIENTALES REALES Y ACTUALES. ASIMISMO, LA INVESTIGACION ES UNA EXCELENTE OPORTUNIDAD PARA PROMOVER LA CAPACITACION Y FORMACION DE JOVENES ESTUDIANTES/INVESTIGADORES EN INVESTIGACION INNOVADORA Y RELEVANTE."
AEI:PLEC2022-009403;AEI;Proyectos de I+D+i en líneas estratégicas;2022;PLEC2022-009403;Mejora de los sistemas de alerta temprana de riesgo de inundación a partir de información pasada y de datos de ciencia ciudadana. Flood2Now;Ciencias y tecnologías medioambientales · Clima y atmósfera;UNIVERSIDAD DE BARCELONA;Q0818001J;Cataluña;fuente;BARCELONA;;;;206631,54;0,00;;titulo;https://www.aei.gob.es/ayudas-concedidas/buscador-ayudas-concedidas?code=PLEC2022-009403;"El proyecto FLOOD2Now se presenta en la convocatoria de Líneas Estratégicas, dentro de la 9ª prioridad temática, sobre la Predicción de desastres naturales. Se basa en una colaboración universidad-empresa-fundación social desde una perspectiva de I+D+i, que incluye el Departamento de Física Aplicada y el Departamento de Física de la Materia Condensada de la Universidad de Barcelona, el Departamento de Ingeniería Civil: Hidráulica, Energía y Medio Ambiente de la Universidad Politécnica de Madrid, la Fundación Ibercivis y la empresa CUBIT TECNOLOGIA E INFRAESTRUCTURAS, S.L.
La región mediterránea es propensa a las inundaciones repentinas, especialmente en el noroeste, donde las cadenas montañosas litorales y prelitorales favorecen no solo las lluvias torrenciales concentradas en pequeñas cuencas, sino también las lluvias intensas. Los cortos tiempos de respuesta y las escorrentías extraordinarias que se desarrollan pueden dar lugar a inundaciones repentinas catastróficas. En España la mayoría de inundaciones son de este tipo, especialmente en la costa mediterránea. En regiones montañosas, como los Pirineos, este tipo de inundaciones puede verse agravado por el deshielo. Aunque la previsión meteorológica ha mejorado mucho en los últimos años, el caso de los fenómenos extremos sigue siendo un reto, que se amplifica al pasar a la previsión hidrológica de crecidas. La dificultad de predicción de la peligrosidad se ve agravada por el hecho de que los impactos potenciales deben sopesarse en la toma de decisiones, que dependerán de la exposición y vulnerabilidad de la región en la que se produzca. Es por ello que el paso de la previsión del peligro de inundación a la previsión del riesgo de inundación constituye un reto. Esto es especialmente importante en un contexto de cambio climático, en el que los escenarios apuntan a un aumento de las precipitaciones intensas en el norte del Mediterráneo, y en el que se propone la mejora de los sistemas de alerta temprana y los sistemas de apoyo a la decisión como una medida de adaptación no estructural que cumple el ""principio DNSH"". También está en línea con los objetivos del Pacto Verde Europeo, ya que también ayuda a mejorar la concienciación sobre el riesgo y los hábitos de la población.
El objetivo de FLOOD2Now es mejorar los sistemas de alerta temprana desde una perspectiva integral y multidisciplinar del riesgo de inundación gracias a la inclusión de información histórica y de ciencia ciudadana. Con este objetivo el proyecto incluye: (i) el desarrollo de una base de datos digital e integral sobre episodios de inundaciones de los últimos cuarenta años en el NE de la Península Ibérica utilizando Inteligencia Artificial; (ii) la investigación para definir las interrelaciones entre los diferentes factores involucrados en los impactos de las inundaciones, aplicando las metodologías de sistemas complejos más adecuadas; (iii) la investigación de los tipos de clima asociados a los diferentes eventos de inundación teniendo en cuenta también el impacto; (iv) la aplicación de la metodología de análogos para mejorar la previsión del riesgo de inundación (es decir, incluyendo los impactos potenciales); (v) la integración de este conocimiento en la mejora de los sistemas operativos para ayudar a la toma de decisiones relacionadas con inundaciones; (vi) el uso de la ciencia ciudadana para ayudar al modelado hidrológico y la toma de decisiones; (vii) la mejora de la cadena de alerta temprana de principio a fin al incluir la mejora de la conciencia de riesgo y la participación ciudadana. Para ello, se desarrollarán 30 tareas agrupadas en 7 paquetes de trabajo. La propuesta aborda los cuatro aspectos propuestos en la convocatoria: 1) La creación de una base de datos completa de inundaciones. 2) Su aplicación para la predicción. 3) Un sistema de apoyo a la decisión para la gestión de crecidas. 4) La recogida de datos a través de ciencia ciudadana que se validarán de forma semiautomática."
AEI:PRE2022-102818;AEI;Contratos Predoctorales Proyectos Generación del Conocimiento;2022;PRE2022-102818;NUEVAS NARRATIVAS INTERACTIVAS E INMERSIVAS PARA IMPULSAR LA ECONOMIA CIRCULAR Y LA INNOVACION SOCIAL A TRAVES DE LA COMUNICACION CIENTIFICA Y LA CIENCIA CIUDADANA DESDE LA ES;Ciencias sociales · Comunicación;UNIVERSIDAD REY JUAN CARLOS;Q2803011B;Madrid;fuente;MADRID;;;;111758,00;0,00;;titulo;https://www.aei.gob.es/ayudas-concedidas/buscador-ayudas-concedidas?code=PRE2022-102818;
AEI:PRE2022-102986;AEI;Contratos Predoctorales Proyectos Generación del Conocimiento;2022;PRE2022-102986;NUEVAS NARRATIVAS INTERACTIVAS E INMERSIVAS PARA IMPULSAR LA ECONOMIA CIRCULAR Y LA INNOVACION SOCIAL A TRAVES DE LA COMUNICACION CIENTIFICA Y LA CIENCIA CIUDADANA DESDE LA ES;Ciencias sociales · Comunicación;UNIVERSIDAD REY JUAN CARLOS;Q2803011B;Madrid;fuente;MADRID;;;;111758,00;0,00;;titulo;https://www.aei.gob.es/ayudas-concedidas/buscador-ayudas-concedidas?code=PRE2022-102986;
AEI:PREP2022-000151;AEI;Contratos Predoctorales Proyectos Generación del Conocimiento;2022;PREP2022-000151;METODOS ESTOCASTICOS Y PRACTICAS DE CIENCIA CIUDADANA EN EL ESTUDIO DE SISTEMAS SOCIALES COMPLEJOS;Ciencias físicas · Física aplicada y Biofísica;UNIVERSIDAD DE BARCELONA;Q0818001J;Cataluña;fuente;BARCELONA;;;;111758,00;0,00;;titulo;https://www.aei.gob.es/ayudas-concedidas/buscador-ayudas-concedidas?code=PREP2022-000151;
AEI:PREP2022-000153;AEI;Contratos Predoctorales Proyectos Generación del Conocimiento;2022;PREP2022-000153;COMPLEJIDAD BIOLOGICA Y SOCIAL;Ciencias físicas · Física aplicada y Biofísica;UNIVERSIDAD CARLOS III DE MADRID;Q2818029G;Madrid;fuente;MADRID;;;;111758,00;0,00;;palabras-clave;https://www.aei.gob.es/ayudas-concedidas/buscador-ayudas-concedidas?code=PREP2022-000153;
AEI:PREP2022-000460;AEI;Contratos Predoctorales Proyectos Generación del Conocimiento;2022;PREP2022-000460;LAS ARAÑAS COMO INTEGRADORES DE LAS REDES TROFICAS MARRONES Y VERDES EN UN MUNDO CAMBIANTE;Ciencias y tecnologías medioambientales · Biodiversidad;UNIVERSIDAD DE BARCELONA;Q0818001J;Cataluña;fuente;BARCELONA;;;;111758,00;0,00;;palabras-clave;https://www.aei.gob.es/ayudas-concedidas/buscador-ayudas-concedidas?code=PREP2022-000460;
AEI:PREP2022-001085;AEI;Contratos Predoctorales Proyectos Generación del Conocimiento;2022;PREP2022-001085;CIENCIA CIUDADANA EN LA PRACTICA: PREVALENCIA, MODOS Y ANTECEDENTES DE PARTICIPACION PUBLICA EN INVESTIGACION SANITARIA;Economía · Empresas y finanzas;UNIVERSITAT DE VALÈNCIA;Q4618001D;Comunidad Valenciana;fuente;VALENCIA;;;;111758,00;0,00;;titulo;https://www.aei.gob.es/ayudas-concedidas/buscador-ayudas-concedidas?code=PREP2022-001085;
AEI:RED2022-134175-T;AEI;Redes Investigación /Redes Excelencia;2022;RED2022-134175-T;RED-SIEGA: PRADOS DE SIEGA Y CAMBIO CLIMATICO: PATRIMONIO AGROGANADERO, BIODIVERSIDAD, DESARROLLO LOCAL Y CIENCIA CIUDADANA;Ciencias sociales · Geografía;UNIVERSIDAD AUTONOMA DE MADRID;Q2818013A;Madrid;fuente;MADRID;;;;17500,00;0,00;;titulo;https://www.aei.gob.es/ayudas-concedidas/buscador-ayudas-concedidas?code=RED2022-134175-T;EL OBJETIVO PRINCIPAL DE LA RED-SIEGA ES CREAR UNA ALIANZA DE INSTITUCIONES Y GRUPOS DE INVESTIGACION QUE OFREZCAN UNA PERSPECTIVA MULTIENFOQUE SOBRE EL AGROSISTEMA DE LOS PRADOS DE HENO DE LAS MONTAÑAS IBERICAS Y SU FUTURO ANTE EL CAMBIO CLIMATICO. PARA ELLO, SE PONDRAN EN COMUN LOS AVANCES REALIZADOS POR CADA GRUPO DE INVESTIGACION, SE INTERCAMBIARA EL CONOCIMIENTO ACUMULADO Y SE PLANTEARAN NUEVAS CUESTIONES SOBRE LOS PRADOS DE HENO. EL OBJETIVO ES DIAGNOSTICAR LAS POSIBLES AREAS DE CONTACTO COMO OPORTUNIDADES Y LAS LAGUNAS COMO DEBILIDADES. LA RED SE CONSTITUIRA COMO UN ESPACIO VIRTUAL DE TRABAJO/RESULTADOS QUE PERMITIRA DIFUNDIR Y PRESENTAR LOS PROBLEMAS DE FORMA GLOBAL, CLARA Y ACCESIBLE PARA LA TRANSFERENCIA DEL CONOCIMIENTO OBTENIDO A LA SOCIEDAD. POR OTRO LADO, SE LLEVARAN A CABO DIFERENTES ACCIONES PARA LA INTERNACIONALIZACION Y DIAGNOSTICO DE LA SITUACION DE LOS AGROSISTEMAS DE SIEGA EN OTROS CONTEXTOS GEOGRAFICOS. EL ENFOQUE HOLISTICO DE LA RED APORTARA CONOCIMIENTOS UTILES TANTO PARA LA DIMENSION INVESTIGADORA COMO PARA LA DOCENCIA Y LA TRANSFERENCIA DE CONOCIMIENTOS. EL CONTACTO Y LA PARTICIPACION DE LOS VERDADEROS GESTORES DE ESTOS AGROSISTEMAS SERA UNA PARTE FUNDAMENTAL DE LA RED. LAS ACTIVIDADES DISEÑADAS HARAN HINCAPIE EN EL TRABAJO CONJUNTO, LA CREACION DE SINERGIAS Y UN LABORATORIO DE IDEAS QUE PUEDE SER DE GRAN VALOR EN EL DISEÑO DE ESTRATEGIAS DE ADAPTACION AL CAMBIO CLIMATICO.
AEI:RED2022-134193-I;AEI;Redes Investigación /Redes Excelencia;2022;RED2022-134193-I;ACTIVACION, IMPULSO Y COORDINACION ANTE LOS NUEVOS RETOS DE ELECMI, LA ICTS DE MICROSCOPIA ELECTRONICA EN ESPAÑA;Ciencias y tecnologías de materiales · Materiales con funcionalidad eléctrica, magnética, óptica o térmica;UNIVERSIDAD DE ZARAGOZA;Q5018001G;Aragón;fuente;ZARAGOZA;;;;70000,00;0,00;;resumen;https://www.aei.gob.es/ayudas-concedidas/buscador-ayudas-concedidas?code=RED2022-134193-I;"LA INFRAESTRUCTURA INTEGRADA DE MICROSCOPIA ELECTRONICA PARA LA CARACTERIZACION DE MATERIALES, ELECMI, ESTA INTEGRADA POR CUATRO NODOS: EL CENTRO NACIONAL DE MICROSCOPIA ELECTRONICA (CNME) DE LA UNIVERSIDAD COMPLUTENSE DE MADRID; EL LABORATORIO DE MICROSCOPIAS AVANZADAS (LMA) DE LA UNIVERSIDAD DE ZARAGOZA; LA DIVISION DE MICROSCOPIA ELECTRONICA (DME) DE LA UNIVERSIDAD DE CADIZ Y LA UNIDAD DE MICROSCOPIA ELECTRONICA APLICADA A MATERIALES (TEAM-UB O UMEAP) DE LA UNIVERSIDAD DE BARCELONA. ELECMI SURGIO EN EL ESCENARIO CIENTIFICO DE NUESTRO PAIS COMO CONSECUENCIA DE LA FRUCTIFERA ACTIVIDAD EN EL CAMPO DE LOS NUEVOS MATERIALES Y LA NECESIDAD DE SU CARACTERIZACION, INCORPORANDOSE AL MAPA DE ICTS EN 2014. ELECMI PERSIGUE PROPORCIONAR A LA COMUNIDAD CIENTIFICA Y AL SECTOR INDUSTRIAL ACCESO PUBLICO COMPETITIVO A SU INSTRUMENTACION SINGULAR.

LA INSTRUMENTACION DE VANGUARDIA DE ELECMI OFRECE UNA PLATAFORMA CONJUNTA Y UNIFICADA ABIERTA MEDIANTE ACCESO COMPETITIVO A CIENTIFICOS Y EMPRESAS Y TAMBIEN PROPORCIONA APOYO CIENTIFICO-TECNICO BASADO EN LOS CONOCIMIENTOS Y EXPERIENCIA DE SU EQUIPO DE ESPECIALISTAS.
EL PROYECTO ACICATE PIVOTA EN TORNO A LOS OBJETIVOS DE ELECMI QUE INCLUYEN: (1) OFRECER ACCESO ABIERTO COMPETITIVO EN UNA PLATAFORMA CLARA, USER-FRIENDLY A TRAVES DE UN PROCESO TRANSPARENTE; (2) ATRAER NUEVOS USUARIOS TANTO CIENTIFICOS COMO DEL SECTOR INDUSTRIAL; (3) DINAMIZAR LA COOPERACION DE ELECMI CON EL SECTOR INDUSTRIAL POTENCIANDO LA INNOVACION; (4) REFORZAR EL LIDERAZGO INTERNACIONAL DE ELECMI (5) REVISAR Y ACTUALIZAR CONTINUAMENTE EL PLAN ESTRATEGICO Y DE INVERSIONES DE ELECMI. (6) FORMACION DE NUEVOS MICROSCOPISTAS Y CIENTIFICOS (7) PROMOVER LA REVITALIZACION CIENTIFICA DEL PAIS, APORTANDO SOLUCIONES A EVENTUALES SITUACIONES DE EMERGENCIA Y AYUDAR A SUPERAR LOS RETOS QUE SE LE PLANTEAN A NUESTRA SOCIEDAD; (8) DISEMINACION DE LOS RESULTADOS CIENTIFICOS Y CONTRIBUIR A LA CIENCIA CIUDADANA. 

PARA CONSEGUIR ESTOS OBJETIVOS ESTRATEGICOS EN EL MARCO DE LA ICTS ELECMI, HEMOS PLANIFICADO UNA SERIE DE ACTIVIDADES BASADAS EN UNA ESTRECHA COLABORACION ENTRE LOS NODOS, POTENCIANDO NUESTRAS SINERGIAS Y  EVITANDO DUPLICIDADES O CUALQUIER TIPO DE COMPETENCIA INTERNA. ESTAS ACTIVIDADES INCLUYEN: REUNIONES DE COORDINACION, PROMOCION DE ELECMI A TRAVES DE SU PAGINA WEB, DE REDES SOCIALES, PROMOCION EN LOS FOROS ADECUADOS; OFERTA DE UN ACCESO COMPETITIVO A TRAVES DE UNA PLATAFORMA WEB AMIGABLE CON EL USUARIO, QUE NOS APORTE RETORNO A TRAVES DE ENCUESTAS DE SATISFACCION; JORNADAS DE PUERTAS ABIERTAS, SEMINARIOS INTERNACIONALES, WORKSHOPS Y ESCUELAS INTERNACIONALES DE VERANO, CURSOS ORIENTADOS A EMPRESAS, CURSOS DE FORMACION DE USUARIOS AUTONOMOS; POLITICAS PROACTIVAS PARA LA OBTENCION DE FONDOS PARA INFRAESTRUCTURA Y PARTICIPACION EN PROYECTOS EUROPEOS; ESTABLECER UNA HOJA DE RUTA Y MANUAL DE BUENAS PRACTICAS ANTE ESTE TIPO DE EVENTUALIDADES., CONTINUA ACTUALIZACION DEL PLAN ESTRATEGICO Y DE INVERSIONES ASI COMO ACTIVIDADES DE COORDINACION. 

ESTAS ACTIVIDADES SERAN DIRIGIDAS Y SUPERVISADAS POR LOS FIRMANTES DE ESTE PROYECTO ASI COMO POR EL COMITE DE COORDINACION DE LA ICTS EN COLABORACION CON LAS PLATAFORMAS EJECUTIVAS (INFRAESTRUCTURA, WEB, FORMACION, EMPRESAS, DISEMINACION E IGUALDAD) ASI COMO LOS CIENTIFICOS Y TECNICOS DE ELECMI."
AEI:RED2022-134678-T;AEI;Redes Investigación /Redes Excelencia;2022;RED2022-134678-T;BACTERIAS LACTICAS EN ALIMENTOS Y MICROBIOTA INTESTINAL: APLICACIONES BIOTECNOLOGICAS Y EN LA SALUD;Ciencias agrarias y agroalimentarias · Ciencias y tecnologías de alimentos;AGENCIA ESTATAL CONSEJO SUPERIOR DE INVESTIGACIONES CIENTIFICAS (CSIC);Q2818002D;Asturias;fuente;ASTURIAS;;;;18000,00;0,00;;resumen;https://www.aei.gob.es/ayudas-concedidas/buscador-ayudas-concedidas?code=RED2022-134678-T;"LAS BACTERIAS LACTICAS (BAL) SON UN GRUPO DE BACTERIAS UBICUAS EN LA NATURALEZA QUE SE ENCUENTRAN COMO COMPONENTES DE LA MICROBIOTA QUE HABITA DIFERENTES NICHOS ECOLOGICOS, INCLUYENDO MATERIAS PRIMAS Y ALIMENTOS FERMENTADOS. TAMBIEN ESTAN PRESENTES EN LA MICROBIOTA INTESTINAL DE ANIMALES, DESDE INSECTOS HASTA MAMIFEROS, Y SON COMPONENTES PRINCIPALES DE LA LECHE MATERNA. LA INVESTIGACION EN BAL TIENE UN LARGO RECORRIDO HISTORICO. SE HAN EMPLEADO PARA CONTROLAR LA FERMENTACION LACTICA DE MUCHAS MATERIAS PRIMAS DE ORIGEN VEGETAL Y ANIMAL. ADEMAS, YA DESDE FINALES DEL SIGLO XIX SE CONOCE SU PRESENCIA EN LA MICROBIOTA FECAL DE NIÑOS LACTANTES Y EN LAS PRIMERAS DECADAS DEL SIGLO XX SE COMERCIALIZABAN EN PRODUCTOS LACTEOS CEPAS DE ALGUNAS ESPECIES COMO PROBIOTICOS. EN LAS ULTIMAS DECADAS DE ESTE SIGLO ALGUNAS ESPECIES DE BAL SE HAN UTILIZADO COMO FACTORIAS CELULARES EN DIVERSOS PROCESOS BIOTECNOLOGICOS. EN EL CONTEXTO DE ECONOMIA CIRCULAR, LAS BAL JUGARAN UN PAPEL MUY RELEVANTE EN LA REVALORIZACION DE SUBPRODUCTOS DE LA INDUSTRIA AGRO-ALIMENTARIA, PARA GENERAR NUEVOS ALIMENTOS Y/O COMPUESTOS BIOACTIVOS FUNCIONALES CON ALTO POTENCIAL PARA MEJORAR LA SALUD. POR TANTO, EL AMBITO DE APLICACION DE LAS BAL ES MUY AMPLIO. EN EL AÑO 2002 SE CREO UNA RED DE INVESTIGADORES ESPAÑOLES QUE TRABAJAN CON BAL, REUNIENDOSE POR PRIMERA VEZ EN 2004. DESDE ENTONCES LA REDBAL HA CRECIDO PROGRESIVAMENTE HASTA LOS 47 GRUPOS QUE LA FORMAN ACTUALMENTE, LOS CUALES SE REUNEN ANUALMENTE DESDE EL AÑO 2011. POR TANTO, CONSIDERAMOS QUE ES UNA EXITOSA RED CON UNA AMPLIA PROYECCION FUTURA. 
EL OBJETIVO GENERAL DE ESTA PROPUESTA ES CONSOLIDAR EL INTERCAMBIO DE INFORMACION Y SINERGISMO ENTRE LOS GRUPOS QUE LA FORMAN PARA MEJORAR LOS RESULTADOS DE INVESTIGACION Y DESARROLLO OBTENIDOS POR LOS MISMOS, Y ASI CONTINUAR MEJORANDO LA VISIBILIDAD A NIVEL INTERNACIONAL DE LA INVESTIGACION LLEVADA A CABO EN ESPAÑA EN ESTE CAMPO. POR TANTO, NUESTRA MOTIVACION ES CONTINUAR Y MEJORAR LA EXITOSA RELACION ENTRE LOS 47 GRUPOS DE INVESTIGACION PARA AVANZAR DE FORMA SINERGICA EN LA GENERACION DE CONOCIMIENTO CIENTIFICO Y TECNICO EN ESTE AMBITO Y POTENCIAR LA CAPACIDAD DE TRANSFERENCIA DE LOS GRUPOS QUE CONSTITUYEN LA RED. PARA ELLO, SE HAN DEFINIDO CUATRO OBJETIVOS ESPECIFICOS: I) CONTINUAR Y MEJORAR EL INTERCAMBIO DE INFORMACION ENTRE LOS GRUPOS; II) DIFUNDIR LAS ACTIVIDADES DE LA RED Y DE LOS GRUPOS QUE LO FORMAN; II) MOTIVAR Y FORMAR A LAS NUEVAS GENERACIONES DE INVESTIGADORES/AS; IV) INTERNACIONALIZAR LAS ACTIVIDADES DE LA RED. LOS 15 INVESTIGADORES SOLICITANTES DE ESTA PROPUESTA SE HAN ORGANIZADO EN 5 PAQUETES DE TRABAJO QUE ABARCAN DIVERSOS AMBITOS DE ESTUDIO Y APLICACION DE LAS BAL: WP1: MICROBIOTA DE ALIMENTOS; WP2: MICROBIOTA INTESTINAL; WP3: FERMENTACION LACTICA; WP4: PROBIOTICOS Y HOSPEDADOR; WP5: BIOTECNOLOGIA. LAS ACTUACIONES QUE SE LLEVARAN A CABO PARA CONSEGUIR LOS OBJETIVOS PREVISTOS INCLUYEN LA CELEBRACION ANUAL DE LA REUNION DE LOS 47 GRUPOS DE LA REDBAL, EN LAS QUE VIENEN ASISTIENDO MAS DE 100 PERSONAS. LA ORGANIZACION DE TALLERES Y SEMINARIOS PARA LOS INVESTIGADORES PRE- Y POSTDOCTORALES DE LA RED, ASI COMO JORNADAS DE CIENCIA CIUDADANA PARA LA DIVULGACION DE NUESTRA ACTIVIDADES O CHARLAS ESPECIFICAMENTE DIRIGIDAS AL SECTOR PRODUCTIVO. MUCHAS DE ESTAS ACTUACIONES SE LLEVARAN A CABO A TRAVES DE LA WEB DE LA RED (HTTPS://REDBAL.NET), Y REDES SOCIALES ASOCIADAS, QUE PRETENDEMOS DINAMIZAR Y DOTAR DE NUEVOS CONTENIDOS."
AEI:RYC2022-036634-I;AEI;Ramón y Cajal;2022;RYC2022-036634-I;Citizen Ethnographies;Ciencias sociales · Sociología y antropología social;UNIVERSIDAD DE BARCELONA;Q0818001J;Cataluña;fuente;BARCELONA;;;;244350,00;0,00;;palabras-clave;https://www.aei.gob.es/ayudas-concedidas/buscador-ayudas-concedidas?code=RYC2022-036634-I;
AEI:RYC2022-037076-I;AEI;Ramón y Cajal;2022;RYC2022-037076-I;Organisations' contributions to sustainability: a bibliometric and citizen science approach;Ciencias sociales · Comunicación;AGENCIA ESTATAL CONSEJO SUPERIOR DE INVESTIGACIONES CIENTIFICAS (CSIC);Q2818002D;Madrid;fuente;MADRID;;;;244350,00;0,00;;titulo;https://www.aei.gob.es/ayudas-concedidas/buscador-ayudas-concedidas?code=RYC2022-037076-I;
FECYT:2022-17727;FECYT;Fomento de la cultura científica 2022;2022;2022/17727;"CIENCIA CIUDADANA EN LAS AULAS PARA IMPULSAR LA CULTURA CIENTÍFICA Y LA CONSERVACIÓN DE LA BIODIVERSIDAD ""INCLUSCIENCE-ME""";Categoría d.1. Ciencia ciudadana;UNIVERSIDAD DE CÓRDOBA;;Andalucía;fuente;;;;;24000,00;42640,00;;categoria;https://www.convocatoria.fecyt.es/publico/Resolucion/__Recursos/Resolucion_definitiva_convocatoria_CCI_2022.pdf;
FECYT:2022-17856;FECYT;Fomento de la cultura científica 2022;2022;2022/17856;OBSERVADORES DEL MAR - MAR EN LLAMAS;Categoría d.1. Ciencia ciudadana;AGENCIA ESTATAL CONSEJO SUPERIOR DE INVESTIGACIONES CIENTIFICAS;;Madrid;fuente;;;;;16000,00;42102,05;;categoria;https://www.convocatoria.fecyt.es/publico/Resolucion/__Recursos/Resolucion_definitiva_convocatoria_CCI_2022.pdf;
FECYT:2022-17926;FECYT;Fomento de la cultura científica 2022;2022;2022/17926;SURFING FOR SCIENCE;Categoría d.1. Ciencia ciudadana;UNIVERSIDAD DE BARCELONA;;Cataluña;fuente;;;;;35000,00;149483,53;;categoria;https://www.convocatoria.fecyt.es/publico/Resolucion/__Recursos/Resolucion_definitiva_convocatoria_CCI_2022.pdf;
FECYT:2022-17999;FECYT;Fomento de la cultura científica 2022;2022;2022/17999;CONSTRUIR ENTORNO PARA INTRODUCIR CIENCIA CIUDADANA EN LOS ENFOQUES DE SEGURIDAD DE LOS PACIENTES QUE SUFREN UNA ENFERMEDAD RARA;Categoría d.1. Ciencia ciudadana;FUNDACIÓN PARA EL FOMENTO DE LA INVESTIGACIÓN SANITARIA Y BIOMÉDICA DE LA COMUNITAT VALENCIANA;;Comunidad Valenciana;fuente;;;;;17500,00;85617,63;;categoria;https://www.convocatoria.fecyt.es/publico/Resolucion/__Recursos/Resolucion_definitiva_convocatoria_CCI_2022.pdf;
FECYT:2022-18118;FECYT;Fomento de la cultura científica 2022;2022;2022/18118;BAGES CIENCIA CIUDADANA: UN ABORDAJE PARTICIPATIVO PARA AFRONTAR LOS RETOS DEL ENVEJECIMIENTO EN ENTORNOS RURALES;Categoría d.1. Ciencia ciudadana;FUNDACIO UNIVERSITARIA DEL BAGES;;Cataluña;fuente;;;;;15000,00;65110,00;;categoria;https://www.convocatoria.fecyt.es/publico/Resolucion/__Recursos/Resolucion_definitiva_convocatoria_CCI_2022.pdf;
FECYT:2022-18156;FECYT;Fomento de la cultura científica 2022;2022;2022/18156;PLASTIC PIRATES EN ESPAÑA: CIENCIA CIUDADANA JUVENIL PARA ESTUDIAR LA CONTAMINACIÓN POR PLÁSTICO EN LOS RÍOS EUROPEOS;Categoría d.1. Ciencia ciudadana;FUNDACIÓ UNIVERSITÀRIA BALMES;;Cataluña;fuente;;;;;40000,00;90510,76;;categoria;https://www.convocatoria.fecyt.es/publico/Resolucion/__Recursos/Resolucion_definitiva_convocatoria_CCI_2022.pdf;
FECYT:2022-18162;FECYT;Fomento de la cultura científica 2022;2022;2022/18162;IMPRONTA GRANADA - CIENCIA CIUDADANA;Categoría d.1. Ciencia ciudadana;UNIVERSIDAD DE GRANADA;;Andalucía;fuente;;;;;19500,00;62900,00;;categoria;https://www.convocatoria.fecyt.es/publico/Resolucion/__Recursos/Resolucion_definitiva_convocatoria_CCI_2022.pdf;
FECYT:2022-18201;FECYT;Fomento de la cultura científica 2022;2022;2022/18201;ANDALUCÍA + CIENCIA CIUDADANA;Categoría d.1. Ciencia ciudadana;FUNDACIÓN DESCUBRE-FUNDACIÓN ANDALUZA PARA LA DIVULGACIÓN DE LA INNOVACIÓN Y EL CONOCIMIENTO;;Andalucía;fuente;;;;;37000,00;201370,00;;categoria;https://www.convocatoria.fecyt.es/publico/Resolucion/__Recursos/Resolucion_definitiva_convocatoria_CCI_2022.pdf;
FECYT:2022-18263;FECYT;Fomento de la cultura científica 2022;2022;2022/18263;CONCIENCIA FORESTAL;Categoría d.1. Ciencia ciudadana;UNIVERSITAT POLITÈCNICA DE VALÈNCIA;;Comunidad Valenciana;fuente;;;;;30000,00;89850,76;;categoria;https://www.convocatoria.fecyt.es/publico/Resolucion/__Recursos/Resolucion_definitiva_convocatoria_CCI_2022.pdf;
FECYT:2022-18266;FECYT;Fomento de la cultura científica 2022;2022;2022/18266;POSTGROWTH S.A.: PONTEVEDRA;Categoría d.1. Ciencia ciudadana;UNIVERSIDADE DE VIGO;;Galicia;fuente;;;;;31750,00;89000,00;;categoria;https://www.convocatoria.fecyt.es/publico/Resolucion/__Recursos/Resolucion_definitiva_convocatoria_CCI_2022.pdf;
FECYT:2022-18372;FECYT;Fomento de la cultura científica 2022;2022;2022/18372;MELANOGASTER CATCH THE FLY: PRIMAVERA DE CIENCIA CIUDADANA;Categoría d.1. Ciencia ciudadana;UNIVERSITAT AUTÒNOMA DE BARCELONA;;Cataluña;fuente;;;;;35000,00;69421,50;;categoria;https://www.convocatoria.fecyt.es/publico/Resolucion/__Recursos/Resolucion_definitiva_convocatoria_CCI_2022.pdf;
FECYT:2022-18403;FECYT;Fomento de la cultura científica 2022;2022;2022/18403;RECICLAMOS EL COMPOST DE RESIDUOS URBANOS DE RECOGIDA SELECTIVA EN LOS HUERTOS URBANOS (RECICOMPHUERTOS);Categoría d.1. Ciencia ciudadana;AGENCIA ESTATAL CONSEJO SUPERIOR DE INVESTIGACIONES CIENTIFICAS;;Madrid;fuente;;;;;24000,00;82976,00;;categoria;https://www.convocatoria.fecyt.es/publico/Resolucion/__Recursos/Resolucion_definitiva_convocatoria_CCI_2022.pdf;
FECYT:2022-18448;FECYT;Fomento de la cultura científica 2022;2022;2022/18448;MOSQUITO ALERT PARA JÓVENES: FOMENTANDO VOCACIONES CIENTÍFICAS A PARTIR DE LA CIENCIA CIUDADANA;Categoría a. Proyectos de comunicación social de la ciencia y la tecnología;ASSOCIACIÓ MEDIAMBIENTAL XATRAC;;Cataluña;fuente;;;;;14000,00;57265,00;;titulo;https://www.convocatoria.fecyt.es/publico/Resolucion/__Recursos/Resolucion_definitiva_convocatoria_CCI_2022.pdf;
FECYT:2022-18535;FECYT;Fomento de la cultura científica 2022;2022;2022/18535;CIENCIA CIUDADANA Y SOSTENIBILIDAD EN EL TERRITORIO DE LA B30 (CCS-B30);Categoría d.1. Ciencia ciudadana;UNIVERSITAT AUTÒNOMA DE BARCELONA;;Cataluña;fuente;;;;;35000,00;118030,20;;categoria;https://www.convocatoria.fecyt.es/publico/Resolucion/__Recursos/Resolucion_definitiva_convocatoria_CCI_2022.pdf;
FECYT:2022-18602;FECYT;Fomento de la cultura científica 2022;2022;2022/18602;ILUMINACIÓN INTELIGENTE Y GOBERNANZA PARTICIPATIVA: IMPLEMENTACIÓN DE TÉCNICAS DE INTELIGENCIA ARTIFICIAL, DATOS ABIERTOS Y CIENCIA CIUDADANA EN EL BARRIO DE ORRIOLS (VALENCIA);Categoría d.1. Ciencia ciudadana;UNIVERSITAT POLITÈCNICA DE VALÈNCIA;;Comunidad Valenciana;fuente;;;;;35750,00;83500,00;;categoria;https://www.convocatoria.fecyt.es/publico/Resolucion/__Recursos/Resolucion_definitiva_convocatoria_CCI_2022.pdf;
FECYT:2022-18621;FECYT;Fomento de la cultura científica 2022;2022;2022/18621;POSIDONIA ACTIVA CU : LA IMPORTANCIA DE LA CIENCIA CIUDADANA EN ZONAS NO PROTEGIDAS, CUNIT Y CUBELLES;Categoría d.1. Ciencia ciudadana;ANEL.LIDES, S.L.;;Cataluña;fuente;;;;;4500,00;21532,00;;categoria;https://www.convocatoria.fecyt.es/publico/Resolucion/__Recursos/Resolucion_definitiva_convocatoria_CCI_2022.pdf;
FECYT:2022-18838;FECYT;Fomento de la cultura científica 2022;2022;2022/18838;IMPACTOS-CC: CONOCER Y POTENCIAR LOS IMPACTOS DE LA CIENCIA CIUDADANA EN ESPAÑA;Categoría a. Proyectos de comunicación social de la ciencia y la tecnología;FUNDACIÓN IBERCIVIS;;Aragón;fuente;;;;;20600,00;70834,00;;titulo;https://www.convocatoria.fecyt.es/publico/Resolucion/__Recursos/Resolucion_definitiva_convocatoria_CCI_2022.pdf;
AEI:FJC2021-046825-I;AEI;Juan de la Cierva Formación;2021;FJC2021-046825-I;Herramientas para mejorar la conservación, biomonitoreo y reconocimiento social de ríos temporales;Ciencias y tecnologías medioambientales · Biodiversidad;FUNDACIO UNIVERSITARIA BALMES DE VIC;G58020124;Cataluña;fuente;BARCELONA;;;;64800,00;0,00;;palabras-clave;https://www.aei.gob.es/ayudas-concedidas/buscador-ayudas-concedidas?code=FJC2021-046825-I;
AEI:FJC2021-047837-I;AEI;Juan de la Cierva Formación;2021;FJC2021-047837-I;Filosofia de las ciencias sociales;Mente, lenguaje y pensamiento · Filosofía;UNIVERSIDAD NACIONAL DE EDUCACION A DISTANCIA;Q2818016D;Madrid;fuente;MADRID;;;;64800,00;0,00;;palabras-clave;https://www.aei.gob.es/ayudas-concedidas/buscador-ayudas-concedidas?code=FJC2021-047837-I;
AEI:PDC2021-121690-I00;AEI;Proyectos I+D+i Pruebas de Concepto;2021;PDC2021-121690-I00;OBSERVATORIO GLOBAL DE LA BASURA;Ciencias y tecnologías medioambientales · Ciencias y tecnologías marinas;UNIVERSIDAD DE CADIZ;Q1132001G;Andalucía;fuente;CADIZ;;;;74750,00;0,00;;resumen;https://www.aei.gob.es/ayudas-concedidas/buscador-ayudas-concedidas?code=PDC2021-121690-I00;"EL PROBLEMA DE LA ACUMULACION DE BASURAS EN LOS ECOSISTEMAS, Y EN EL OCEANO EN PARTICULAR, HA DESENCADENADO UNA OLEADA GLOBAL DE ESTUDIOS E INICIATIVAS DE LIMPIEZA. TANTO ONGS Y ASOCIACIONES COMO CIENTIFICOS ESTAN GENERANDO IMPORTANTE INFORMACION SOBRE LA BASURA EN ECOSISTEMAS DE TODO TIPO. SIN EMBARGO, LAS DIVERGENCIAS EN LA CLASIFICACION DE LA BASURA Y, SOBRE TODO, LA ESCASA COMPARABILIDAD DE LAS CANTIDADES MEDIDAS HACEN QUE ESTA INFORMACION ESTE INFRAUTILIZADA, Y QUE EL CONOCIMIENTO INFORMACION PARA ORIENTAR Y COORDINAR ESTRATEGIAS DE GESTION SIGA SIENDO LIMITADO.

DURANTE LOS ULTIMOS 4 AÑOS, EN EL CONTEXTO DEL PROYECTO MIDAS, NUESTRO EQUIPO DE INVESTIGACION HA DEDICADO SUS ESFUERZOS A ARMONIZAR E INTEGRAR DATOS PROCEDENTES TANTO DE ESTUDIOS CIENTIFICOS COMO DE CIENCIA CIUDADANA PARA CREAR UNA BASE DE DATOS COMPARABLE DE BASURA EN LOS PRINCIPALES ECOSISTEMAS ACUATICOS. EL PRESENTE PROYECTO PROPONE LA CREACION DEL GLOBAL LITTER OBSERVATORY (GLO) PARA INTENTAR MITIGAR LAS DEFICIENCIAS EN LOS DATOS Y PROPORCIONAR UNA BASE EMPIRICA MAS SOLIDA. GLO RESPONDE ASI A LA NECESIDAD DE ARMONIZAR Y COMPILAR LA INFORMACION A NIVEL GLOBAL E ENTRE ECOSISTEMAS. PARA ELLO, SE APOYARA (I) EN LA SOCIEDAD COMO PRINCIPAL MOTOR PARA EL SEGUIMIENTO GLOBAL, Y (II) EN LA ADOPCION DE LA METRICA BASADA EN LA MASA PARA PERMITIR LA COMPARABILIDAD ENTRE BASES DE DATOS. 

EN MIDAS, ENCONTRAMOS QUE LAS IMAGENES DIGITALES DE LAS MUESTRAS DE BASURA PUEDEN UTILIZARSE PARA CATEGORIZAR AUTOMATICAMENTE LOS ARTICULOS MEDIANTE IA, MEDIR AREAS INDIVIDUALES, Y APLICAR ALGORITMOS POR CATEGORIAS PARA DERIVAR MASA A PARTIR DEL AREA. LA MAYOR VENTAJA PROVIENE DE LA POSIBILIDAD DE INCORPORAR ESTA HERRAMIENTA EN SMARTPHONES, LO QUE PERMITIRIA UNA PARTICIPACION CIUDADANA MAS EFICAZ EN EL SEGUIMIENTO GLOBAL DE LA BASURA. HAY 3.500 MILLONES DE SMARTPHONES EN EL MUNDO. LOS SMARTPHONES SON CAPACES DE CAPTURAR IMAGENES, SIRVEN DE GEO-LOCALIZADORES, MEDIDORES DE ESFUERZO, MOTORES DE PROCESAMIENTO Y DE ENLACE A DATOS Y SERVICIOS EN LINEA. ADEMAS, LA VENTAJA RELACIONADA CON LA RECOPILACION MASIVA DE INFORMACION SE UNE A LAS DERIVADAS DE SU DIGITALIZACION, LO QUE FACILITA ENORMEMENTE EL INTERCAMBIO, EL ESCRUTINIO ABIERTO Y LA MEJORA CONTINUA DE LAS BASES DE DATOS Y LOS SERVICIOS GLO.

EL OBJETIVO DE GLO ES PONER EN VALOR AL VASTO FLUJO DE INFORMACION SOBRE BASURAS MEJORANDO SU COMPARABILIDAD, CARACTER CUANTITATIVO Y ACCESIBILIDAD. GLO SE BASARA EN CUATRO PILARES (I) UNA HERRAMIENTA AUTOMATICA PARA CONVERTIR CUALQUIER LISTA DE CATEGORIAS DE BASURA EN UNA JOINT MASTER LIST (JML); (II) UNA APLICACION DE DETECCION MOVIL PARA MEDIR BASURA EN MASA DE UNA MANERA COMPARABLE (LITTER-METER); (III) UN SERVIDOR WEB PARA LA COMPILACION Y ANALISIS DE DATOS (GLO PLATFORM); (IV) Y LA SOCIEDAD COMO MOTOR PARA EL SEGUIMIENTO GLOBAL. 

GLO ES UNA INICIATIVA ORIENTADA A PROPORCIONAR APOYO EMPIRICO A LAS ESTRATEGIAS DE GESTION. ABORDARA UNO DE LOS MAYORES RETOS DEL PRESENTE SIGLO MEDIANTE LA ESTIMULACION DE LA ACTIVIDAD EN TORNO AL PROBLEMA DE LA BASURA MARINA MEDIANTE (I) UNA BASE DE DATOS ARMONIZADA BASADA EN MASA; (II) UNA REPRESENTACION DIGITAL ABIERTA DE LA CONTAMINACION POR BASURA MARINA; (III) UN SERVICIO CONTINUO DE ACTUALIZACION Y MEJORA DE LA BASE DE DATOS.

EL PROPOSITO FINAL DE GLO ES PROPORCIONAR UNA PLATAFORMA SOLIDA PARA AUNAR ESFUERZOS DE INVESTIGADORES Y SOCIEDAD CON EL FIN DE AVANZAR HACIA UNA PRODUCCION Y CONSUMO SOSTENIBLE."
AEI:PID2021-122410OB-C31;AEI;Proyectos de I+D+I (Generación de Conocimiento y Retos Investigación);2021;PID2021-122410OB-C31;CIUDADES EN TRANSICION. FRAGMENTACION URBANA Y NUEVOS PATRONES SOCIO-ESPACIALES DE DESIGUALDAD EN EL CONTEXTO POSTPANDEMIA. EL CASO DEL AREA URBANA DE PALMA (MALLORCA);Ciencias sociales · Geografía;UNIVERSIDAD DE LAS ISLAS BALEARES;Q0718001A;Illes Balears;fuente;BALEARES;;;;106117,00;0,00;;resumen;https://www.aei.gob.es/ayudas-concedidas/buscador-ayudas-concedidas?code=PID2021-122410OB-C31;"LA CRISIS ECONOMICA DE 2008 DERIVO EN UNA GRAVE CRISIS URBANA EN ESPAÑA EVIDENCIADA, ENTRE OTROS, EN EL AUMENTO DE LAS AREAS VULNERABLES EN LAS CIUDADES Y EN LA INTENSIFICACION DE PROCESOS DE DESIGUALDAD URBANA. EN 2018, BAJO UN NUEVO PANORAMA DE CRECIMIENTO ECONOMICO, LAS DESIGUALDADES NO CESARON Y SE INTENSIFICO EL DESARROLLO GEOGRAFICO DESIGUAL EN LOS ESPACIOS URBANOS: DEVALUACION SALARIAL, PRECARIZACION LABORAL, INCREMENTO DE LA POBREZA URBANA, AUMENTO DEL PRECIO DE LA VIVIENDA Y DE LAS RENTAS DE ALQUILER, MENOSCABO DEL DERECHO A LA VIVIENDA, ETC. NUEVOS AGENTES URBANOS (SOCIMIS, FONDOS DE INVERSION, GRANDES INVERSORES INTERNACIONALES) INTRODUJERON ADEMAS COMPLEJIDAD Y NUEVAS PERSPECTIVAS DE ANALISIS. LA PANDEMIA DE LA COVID-19 DEMOSTRO LAS FRAGILES ESTRUCTURAS SOBRE LAS QUE SE SUSTENTO LA RECUPERACION ECONOMICA. Y, AUNQUE LA RESPUESTA INSTITUCIONAL ES DIFERENTE A LA DE 2008 (MEDIDAS SOCIALES PALIATIVAS, POLITICA ECONOMICA EXPANSIVA Y MAYOR INTERVENCIONISMO PUBLICO), ASISTIMOS A UNA LOGICA TERRITORIAL DEL ESPACIO URBANO CON ESTRUCTURAS CADA VEZ MAS FRAGMENTADAS Y DEPENDIENTES DE DINAMICAS INTERNACIONALES Y GLOBALIZADAS. EN ESTE CONTEXTO, EL OBJETIVO PRINCIPAL DE ESTE PROYECTO ES RECONOCER, ESTUDIAR Y MONITORIZAR DINAMICAS DE FRAGMENTACION URBANA EN EL NUEVO CONTEXTO SOCIOECONOMICO Y POLITICO DE LA POSPANDEMIA EN EL AREA URBANA DE PALMA (MALLORCA), PERIFERIA TURISTICA EUROPEA Y CENTRO PRINCIPAL DE RECEPCION DE INMIGRANTES DEL NORTE Y SUR GLOBAL, COMPUESTA POR OCHO MUNICIPIOS Y 570.908 HABITANTES (2021). A TRAVES DE UNA METODOLOGIA QUE COMBINARA EL USO DE TECNICAS CUANTITATIVAS Y CUALITATIVAS, ASI COMO LA INTRODUCCION DE PROCESOS DE INVESTIGACION BASADOS EN CIENCIA CIUDADANA, PROPONDREMOS INDICADORES Y ESTUDIAREMOS DINAMICAS DE FRAGMENTACION INTRAURBANA A TRES NIVELES: SOCIODEMOGRAFICOS, SOCIOECONOMICOS Y RESIDENCIALES. ENTRE LOS RESULTADOS ESPERADOS, DESTACAMOS LA IDENTIFICACION Y DEFINICION DE NUEVAS FORMAS DE FRAGMENTACION EN LA CIUDAD, CON ESPECIAL ATENCION AL ENFOQUE DE GENERO; EL CONOCIMIENTO DEL IMPACTO DE LAS NUEVAS POLITICAS URBANAS EN LA EVOLUCION DE LA FRAGMENTACION Y LA PRESENTACION DE POSIBLES ACTUACIONES QUE FAVOREZCAN ESPACIOS URBANOS MAS INCLUSIVOS."
AEI:PID2021-125828OB-I00;AEI;Proyectos de I+D+I (Generación de Conocimiento y Retos Investigación);2021;PID2021-125828OB-I00;CIENCIA ABIERTA EN ESPAÑA: LA TRANSICION HACIA UN NUEVO MODELO DE INVESTIGACION;Ciencias sociales · Comunicación;UNIVERSIDAD DE BARCELONA;Q0818001J;Cataluña;fuente;BARCELONA;;;;93412,00;0,00;;resumen;https://www.aei.gob.es/ayudas-concedidas/buscador-ayudas-concedidas?code=PID2021-125828OB-I00;"LA CIENCIA ABIERTA CONSTITUYE UNA TRANSFORMACION RADICAL EN LA MANERA DE LLEVAR A CABO LA INVESTIGACION CIENTIFICA. SE TRATA DE UN NUEVO MODELO DE HACER CIENCIA QUE SE BASA EN EL TRABAJO COLABORATIVO ENTRE LOS ACADEMICOS Y TAMBIEN EN LA APERTURA Y TRANSPARENCIA DE TODAS LAS FASES DE LA INVESTIGACION (NO SOLO LA PUBLICACION FINAL, SINO TAMBIEN LA RECOGIDA DE DATOS, EL PEER REVIEW O LOS CRITERIOS DE EVALUACION, ENTRE OTROS ASPECTOS). ESTE NUEVO PARADIGMA SUPONE UN CAMBIO HACIA UNA VISION HOLISTICA DEL PROCESO DE GENERACION DE CONOCIMIENTO, DESDE LA CONCEPCION DE UN PROYECTO, SU DESARROLLO, COMUNICACION, DIFUSION Y LA PRESERVACION DE SUS RESULTADOS. SUPONE UNA MANERA NUEVA DE ENTENDER LA INVESTIGACION CIENTIFICA Y TAMBIEN DE COMO HACERLA ACCESIBLE A TODOS LOS SECTORES SOCIALES Y DE COMO CAMBIAR TAMBIEN LA FORMA DE EVALUARLA.  

LA CIENCIA ABIERTA ESTA ACTUANDO COMO UN TERMINO IDENTIFICADOR DE ESTAS PRACTICAS RELACIONADAS CON LA INVESTIGACION CIENTIFICA. AUNQUE YA SE DISPONE DE MUCHA BIBLIOGRAFIA SOBRE CIENCIA ABIERTA, ES TODAVIA POCO CONOCIDA POR LA MAYORIA DEL PERSONAL INVESTIGADOR Y ADEMAS NO EXISTE ACUERDO SOBRE CUALES SON SUS COMPONENTES FUNDAMENTALES. ASI PUES, EL OBJETIVO FUNDAMENTAL DEL PROYECTO ES ANALIZAR EL GRADO DE DESARROLLO DE LOS PRINCIPALES ELEMENTOS DE LA CIENCIA ABIERTA EN ESPAÑA (DATOS DE INVESTIGACION, NUEVOS MODELOS DE EVALUACION, RECURSOS EDUCATIVOS EN ABIERTO, CIENCIA CIUDADANA E INNOVACION SOCIAL Y POLITICAS) Y PLANIFICAR LA TRANSICION HACIA ESTE MODELO. 

NUESTRO GRUPO DE INVESTIGACION LLEVA MAS DE QUINCE AÑOS EVALUANDO LA EVOLUCION DEL ACCESO ABIERTO Y DE LOS DATOS DE INVESTIGACION EN ESPAÑA (QUE SON LOS ANTECEDENTES DIRECTOS DE LA CIENCIA ABIERTA), CON CUATRO PROYECTOS DEL PLAN ESTATAL APROBADOS DESDE 2008 HASTA 2017 Y LA COORDINACION DE LA RED TEMATICA MAREDATA SOBRE DATOS DE INVESTIGACION, FORMADA POR SOCIOS DE SIETE INSTITUCIONES. MAS RECIENTEMENTE, AMPLIAMOS EL FOCO HACIA LA CIENCIA ABIERTA Y CONSEGUIMOS OTRO PROYECTO FINANCIADO POR EL PLAN ESTATAL SOBRE CIENCIA ABIERTA EN ESPAÑA EN EL QUE NOS HEMOS CENTRADO EN LOS FACTORES FACILITADORES Y LAS BARRERAS PARA LA TRANSICION HACIA LA CIENCIA ABIERTO, QUE NOS HA PERMITIDO CONOCER LAS PERCEPCIONES SOBRE LA CIENCIA ABIERTA POR PARTE DE LOS AGENTES PRINCIPALES (INVESTIGADORES, EDITORES DE REVISTAS CIENTIFICAS, PERSONAL DE BIBLIOTECAS, VICERRECTORES DE INVESTIGACION Y AGENCIAS DE EVALUACION).  

ASI PUES, DISPONEMOS DE UNA DILATADA TRAYECTORIA QUE NOS PERMITE REALIZAR OTRO PASO ADELANTE PARA PASAR A ESTABLECER COMO DEBE SER LA TRANSICION HACIA ESTE NUEVO MODELO DE INVESTIGACION EN ESPAÑA. EN EL PROYECTO QUE SOLICITAMOS SE VA A PARTIR DEL CONOCIMIENTO DE ESTAS BARRERAS Y ELEMENTOS FAVORECEDORES SEGUN CADA UNO DE LOS AGENTES (INVESTIGADORES, EDITORES, ETC.) PARA PROFUNDIZAR EN CADA UNA DE LAS CINCO LINEAS TEMATICAS QUE HEMOS SEÑALADO Y LAS OTRAS DOS DE TRANSVERSALES (OBSERVATORIO, ESTUDIO DE GENERO). 

EL OBJETIVO GENERAL DEL PROYECTO ES PROPONER MEDIDAS PARA PLANIFICAR LA TRANSICION HACIA LA CIENCIA ABIERTA CENTRADAS EN CINCO AMBITOS FUNDAMENTALES (DATOS DE INVESTIGACION, NUEVOS MODELOS DE EVALUACION, RECURSOS EDUCATIVOS EN ABIERTO, CIENCIA CIUDADANA E INNOVACION SOCIAL Y POLITICAS DE CIENCIA ABIERTA) Y OTROS DOS DE TRANSVERSALES (UN OBSERVATORIO DE INICIATIVAS DE CIENCIA ABIERTA Y LA PERSPECTIVA DE GENERO). PARA CADA UNA DE ESTAS LINEAS SE HAN ESTABLECIDO DIVERSOS OBJETIVOS ESPECIFICOS Y UN DETALLADO PLAN DE TRABAJO JUNTO CON LA DEFINICION DE LOS RESULTADOS."
AEI:PID2021-126275OB-C21;AEI;Proyectos de I+D+I (Generación de Conocimiento y Retos Investigación);2021;PID2021-126275OB-C21;GESTION FORESTAL INTEGRADA EN GRADIENTES DE COMPLEJIDAD. SUBPROYECTO 1;Ciencias agrarias y agroalimentarias · Agricultura y forestal;AGENCIA ESTATAL CONSEJO SUPERIOR DE INVESTIGACIONES CIENTIFICAS (CSIC);Q2818002D;Madrid;fuente;MADRID;;;;169400,00;0,00;;palabras-clave;https://www.aei.gob.es/ayudas-concedidas/buscador-ayudas-concedidas?code=PID2021-126275OB-C21;LAS MEDIDAS DE GESTION PARA LOGRAR UN MAYOR ESTABILIDAD Y ADAPTACION DE LOS COMPARTIMENTOS DE CARBONO FORESTALES DEBEN PROMOVER, TAMBIEN, LA GENERACION DE DIVERSOS SERVICIOS ECOSISTEMICOS, MANTENER O MEJORAR LA BIODIVERSIDAD Y DESARROLLAR ESTRATEGIAS DE IMPLICACION SOCIAL EN LA TOMA DE DECISIONES. LOS BOSQUES Y SUS PRODUCTOS SON SUMIDEROS NETOS DE GASES DE EFECTO INVERNADERO Y PARA MANTENER ESTA CAPACIDAD DE LUCHA FRENTE AL CAMBIO CLIMATICO SON NECESARIAS MEDIDAS DE GESTION APROPIADAS. LOS BOSQUES COMPLEJOS (IRREGULARES, MIXTOS, Y/O CON VARIOS PISOS EN EL DOSEL) SE CONSIDERAN MAS RESILIENTES Y ADAPTATIVOS A LA HORA DE ALCANZAR OBJETIVOS DE BIODIVERSIDAD Y BIOECONOMICOS (PRODUCCION). EL SUBPROYECTO 1 DE IMFLEX BUSCA AUMENTAR EL CONOCIMIENTO DE LA RELACION E RETROALIMETNACION ENTRE LA ESTRUCTURA FORESTAL Y EL FUNCIONAMIENTO MEDIANTE LA CARACTERIZACION DE ESTRUCTURA COMPLEJAS Y PAPEL DE LOS RASGOS FUNCIONALES EN SU DEFINICION. POR OTRO LADO, SE IDENTIFICARAN TRATAMIENTOS SELVICOLAS PARA PROMOVER Y MANTENER ESTRUCTURAS COMPLEJAS. IMFLEX (SUBPROYECTO 1) SE ADHIERE A LOS PRINCIPIOS FAIR PARA GARANTIZAR UN MAYOR IMPACTO DE SUS RESULTADOS.
AEI:PID2021-126275OB-C22;AEI;Proyectos de I+D+I (Generación de Conocimiento y Retos Investigación);2021;PID2021-126275OB-C22;GESTION FORESTAL INTEGRADA EN GRADIENTES DE COMPLEJIDAD. SUBPROYECTO 2;Ciencias agrarias y agroalimentarias · Agricultura y forestal;UNIVERSIDAD DE VALLADOLID;Q4718001C;Castilla y León;fuente;PALENCIA;;;;133100,00;0,00;;resumen;https://www.aei.gob.es/ayudas-concedidas/buscador-ayudas-concedidas?code=PID2021-126275OB-C22;"LAS MEDIDAS DE GESTION PARA LOGRAR UN MAYOR ESTABILIDAD Y ADAPTACION DE LOS COMPARTIMENTOS DE CARBONO FORESTALES DEBEN PROMOVER, TAMBIEN, LA GENERACION DE DIVERSOS SERVICIOS ECOSISTEMICOS, MANTENER O MEJORAR LA BIODIVERSIDAD Y DESARROLLAR ESTRATEGIAS DE IMPLICACION SOCIAL EN LA TOMA DE DECISIONES. LOS BOSQUES Y SUS PRODUCTOS SON SUMIDEROS NETOS DE GASES DE EFECTO INVERNADERO Y PARA MANTENER ESTA CAPACIDAD DE LUCHA FRENTE AL CAMBIO CLIMATICO SON NECESARIAS MEDIDAS DE GESTION APROPIADAS. LOS BOSQUES COMPLEJOS (IRREGULARES, MIXTOS, Y/O CON VARIOS PISOS EN EL DOSEL) SE CONSIDERAN MAS RESILIENTES Y ADAPTATIVOS A LA HORA DE ALCANZAR OBJETIVOS DE BIODIVERSIDAD Y BIOECONOMICOS (PRODUCCION). EL SUBPROYECTO 2 DEL IMFLEX SE CENTRARA EN LA DIMENSION SOCIAL DE LA SILVICULTURA MEDIANTE EL DESARROLLO DE HERRAMIENTAS INNOVADORAS PARA LA TOMA DE DECISIONES, INCLUYENDO (I) LA INTEGRACION DE LA INFORMACION DE LA COMPLEJIDAD ESTRUCTURAL EN LA CARTOGRAFIA FORESTAL INTERACTIVA; (II) EL DESARROLLO DE NUEVOS MODELOS PARA COMPRENDER LA COMPLEJIDAD DE LOS BOSQUES A PARTIR DE DASTOS GEDI, (III) LA INTEGRACION DE MODELOS ESPACIALES Y NO ESPACIALES EN PLATAFORMAS DE SIMULACION; (IV) LA DEFINICION DE LOS PROCESOS DE TOMA DE DECISIONES MEDIANTE LA INCLUSION DEL ANALISIS SOCIAL Y LA CIENCIA CIUDADANA Y (V) LA INTEGRACION DE LOS RESULTADOS EN LA GESTION FORESTAL. ADEMAS, EL SUBPROYECTO 2 APOYA LA GENERACION DE CONOCIMIENTOS SOBRE LA ESTRUCTURA Y EL FUNCIONAMIENTO DE LOS BOSQUES COMPLEJOS Y LA DEFINICION DE ALTERNATIVAS SILVICOLAS PARA PROMOVER Y MANTENER LAS ESTRUCTURAS FORESTALES COMPLEJAS. IMFLEX (SUBPROYECTO 2) SE ADHIERE A LOS PRINCIPIOS FAIR PARA GARANTIZAR UN MAYOR IMPACTO DE SUS RESULTADOS."
AEI:PID2021-127019OB-I00;AEI;Proyectos de I+D+I (Generación de Conocimiento y Retos Investigación);2021;PID2021-127019OB-I00;NUEVAS NARRATIVAS INTERACTIVAS E INMERSIVAS PARA IMPULSAR LA ECONOMIA CIRCULAR Y LA INNOVACION SOCIAL A TRAVES DE LA COMUNICACION CIENTIFICA Y LA CIENCIA CIUDADANA DESDE LA ES;Ciencias sociales · Comunicación;UNIVERSIDAD REY JUAN CARLOS;Q2803011B;Madrid;fuente;MADRID;;;;70301,00;0,00;;titulo;https://www.aei.gob.es/ayudas-concedidas/buscador-ayudas-concedidas?code=PID2021-127019OB-I00;"LA TRANSICION DE LA ECONOMIA LINEAL A LA ECONOMIA CIRCULAR REQUIERE MODELOS DE COMUNICACION CIENTIFICOS QUE CONTRIBUYAN A LA PARTICIPACION DE TODAS LAS PARTES INTERESADAS. SE TRATA DE UN PROCESO COMPLEJO Y MULTIDIMENSIONAL, CON COMPONENTES TECNICOS Y TECNOLOGICOS, PERO FUNDAMENTALMENTE SOCIALES. ESTA TRANSICION SUPONE UN CAMBIO PROFUNDO EN LAS CREENCIAS, ACTITUDES Y HABITOS DE LA CIUDADANIA QUE SE FUNDAMENTAN EN ASUMIR, INTERIORIZAR Y PRACTICAR A DIARIO MODELOS COMO LA REGLA DE LAS 7 ERRES O DE LA CUNA A LA CUNA. AUNQUE LA MAYORIA DE LOS ESTUDIOS RECIENTES MUESTRAN UN CRECIENTE PROCESO DE CONCIENCIACION SOCIAL, ESTE SE FOCALIZA EN LOS PROCESOS DE RECICLAJE, Y ESPECIFICAMENTE DE LOS PLASTICOS, PERO LA MODIFICACION PROFUNDA DE LAS CONDUCTAS Y LOS HABITOS ESTABLECIDOS ENCUENTRAN AUN UNA NOTABLE RESISTENCIA AL CAMBIO. LOS MODELOS DE COMUNICACION SOCIAL CONVENCIONALES HAN DEMOSTRADO SER INEFICACES PARA MOTIVAR ESE CAMBIO PROFUNDO GENERANDO, EN MUCHOS CASOS, UNA RESPUESTA POLARIZADA ALIMENTADA POR EL EFECTO BOOMERANG. 
LA URGENCIA DE LOS RETOS QUE ENFRENTA NUESTRA SOCIEDAD, REFLEJADOS EN EL INFORME IMPACTOS Y RIESGOS DERIVADOS DEL CAMBIO CLIMATICO EN ESPAÑA (2021), PERO TAMBIEN LAS OPORTUNIDADES APUNTADAS POR EL INFORME LIDERAR EL CAMINO HACIA UNA ECONOMIA CIRCULAR MUNDIAL: SITUACION ACTUAL Y PERSPECTIVAS (2020), REQUIEREN INNOVAR EN UNA COMUNICACION CIENTIFICA QUE AYUDE A IMPLICAR ACTIVAMENTE A TODOS LOS AGENTES, PERO DE FORMA ESPECIAL A LOS JOVENES ENTRE 14 Y 18 AÑOS, EN ESA TRANSICION HACIA LA ECONOMIA CIRCULAR, FUNDAMENTALMENTE EN LOS AMBITOS DE LA ENERGIA, CAMBIO CLIMATICO Y MEDIO AMBIENTE.
EL PROYECTO, ALINEADO CON LA PRIORIDAD TEMATICA 2. ADAPTACION AL CAMBIO CLIMATICO, PARTE DE LA HIPOTESIS DE QUE LA COMUNICACION CIENTIFICA ORIENTADA A IMPULSAR LA TRANSICION A UN MODELO DE ECONOMIA CIRCULAR EN LA POBLACION JOVEN MEJORA SU EFICACIA CUANDO SE ARTICULA A TRAVES DE UN PROCESO DIALOGICO, FUNDAMENTADO EN LOS PRINCIPIOS DE LA CIENCIA CIUDADANA, QUE LA INVOLUCRE DE FORMA INTEGRAL Y ACTIVA COMO GRUPO DE INTERES ESTRATEGICO PARA EL CAMBIO.
PARA VALIDAR LA HIPOTESIS, EL PROYECTO: 1) EVALUA EL TRATAMIENTO INFORMATIVO SOBRE LA ECONOMIA CIRCULAR QUE REALIZAN LOS MEDIOS DE COMUNICACION DIGITALES ESPAÑOLES PARA COMPRENDER EL DISCURSO SOCIAL QUE GENERAN; 2) ANALIZA CUAL ES LA PERCEPCION, ACTITUD Y EXPECTATIVAS DE LOS JOVENES ENTRE LOS 14 Y 18 AÑOS SOBRE LA ECONOMIA CIRCULAR Y LOS RETOS QUE SUPONE; 3) ANALIZA LAS CARACTERISTICAS TECNOLOGICAS, FORMALES Y NARRATIVAS DE LA COMUNICACION BASADA EN REALIDAD EXTENDIDA (XR) UTILIZADOS EN EL AMBITO DE LA ECONOMIA CIRCULAR; 4) DESARROLLAR UN MODELO PARA MEJORAR LOS PROCESOS DE COMUNICACION CIENTIFICA VINCULADOS CON LA TRANSICION A LA ECONOMIA CIRCULAR PARA LOS JOVENES ENTRE 14 Y 18 AÑOS, BASADO EN EL MODELO DE LIVING LAB Y EL USO DE RELATOS INMERSIVOS.
EL PROYECTO USA UNA TRIANGULACION DE TECNICAS DE INVESTIGACION (SLR PRISMA, ETNOMETODOLOGIA VIRTUAL, ANALISIS DE CONTENIDO, ENCUESTAS) Y DE INTERVENCION-ACCION, BASADA EN EL MODELO DE LOS LIVING LAB, DESARROLLANDO UN PILOTO EXPERIMENTAL EN 8 CENTROS DE ESO Y BACHILLERATO DE LA CAM Y LA JCCM.
ECOMCIENCIA OFRECE: 1) INSTRUMENTOS UTILES Y APLICADOS PARA CONTRIBUIR A LA TRANSICION A LA ECONOMIA CIRCULAR A TRAVES DE LA MEJORA DE LA COMUNICACION CIENTIFICA DE PROYECTOS E INICIATIVAS EN ESTE AMBITO; 2) MODELOS DE INTERVENCION EDUCATIVA PARTICIPATIVA QUE FAVOREZCAN EL CAMBIO DE ACTITUD Y COMPORTAMIENTO NECESARIOS PARA IMPULSAR EL CAMBIO DE PARADIGMA DE CONSUMO ACTUAL"
AEI:PID2021-128021OB-I00;AEI;Proyectos de I+D+I (Generación de Conocimiento y Retos Investigación);2021;PID2021-128021OB-I00;SEGUIMIENTO Y EVALUACION DE IMPACTOS Y RIESGOS ASOCIADOS AL CAMBIO CLIMATICO Y/O GLOBAL EN ESPACIOS NATURALES PROTEGIDOS. ANALISIS DE ESTRATEGIAS DE ADAPTACION. (SIGLO-PRO);Ciencias y tecnologías medioambientales · Biodiversidad;AGENCIA ESTATAL CONSEJO SUPERIOR DE INVESTIGACIONES CIENTIFICAS (CSIC);Q2818002D;Madrid;fuente;MADRID;;;;121000,00;0,00;;resumen;https://www.aei.gob.es/ayudas-concedidas/buscador-ayudas-concedidas?code=PID2021-128021OB-I00;"LA FINALIDAD DE ESTA PROPUESTA ES DAR CONTINUIDAD A LA FRUCTIFERA LINEA DE TRABAJO SOBRE CAMBIO CLIMATICO (CC) Y SISTEMAS DE RECURSOS HIDRICOS DESARROLLADA POR EL IGME EN PROYECTOS ANTERIORES (EJ. SIGLO-AN; RTI2018-101397-B-I00). HEMOS IDENTIFICADO LAGUNAS DE INVESTIGACION: EN LA ESTIMACION DE INCERTIDUMBRE, LAS HIPOTESIS PARA GENERAR ESCENARIOS DE FUTURO LOCAL, LA DEFINICION DE INDICADORES Y LA COMUNICACION DE RESULTADOS E INCERTIDUMBRES. SE PRETENDE AVANZAR EN ELLAS ESTUDIANDO NUEVOS CASOS SENSIBLES AL CC. LOS OBJETIVOS GENERALES SON: (1) DESARROLLAR Y APLICAR UN METODOLOGIA PARA MONITORIZAR CC Y SENSIBILIZAR A LOS CIUDADANOS, (2) GENERAR NUEVAS HERRAMIENTAS, INFORMACION E INDICADORES PARA ANALIZAR IMPACTOS ESPECIFICOS, Y (3) DEMOSTRAR LA UTILIDAD DE LA INFORMACION GENERADA PARA LA TOMA DE DECISIONES DE GESTION. SE PRETENDE AVANZAR EN LA GENERACION Y COMUNICACION DE SERVICIOS CLIMATICOS PARA ANALIZAR POTENCIALES IMPACTOS (HISTORICOS Y FUTUROS) DEL CC, TENIENDO EN CUENTA LAS SEQUIAS, LA VULNERABILIDAD Y LA RESILIENCIA DEL SISTEMA, AYUDANDO A EVALUAR ESTRATEGIAS DE ADAPTACION. NOS CENTRAREMOS EN DOS CASOS PILOTO: SIERRA NEVADA Y LA CUENCA DEL ALTO GUADIANA. LA MAYORIA DE LOS ESTUDIOS DE NIEVE Y CC TRABAJAN A ESCALA DE CUENCA O LADERA, Y POCOS A ESCALA DE CORDILLERA. SE PROPONE UN ENFOQUE NOVEDOSO PARA MONITORIZAR CC, INTEGRANDO METODOS Y HERRAMIENTAS IN SITU CON SENSORES REMOTOS PARA AVANZAR EN LA RECOPILACION DE DATOS DE ESPESOR DE NIEVE (EN) INICIADA EN SIGLO-AN MEDIANTE UNA ACTIVIDAD DE CIENCIA CIUDADANA. SE PRETENDE GARANTIZAR UN MINIMO DE DATOS EN PERTIGAS POR AÑO, EVITANDO EL RIESGO DE QUE APAREZCAN HUECOS EN LOS VALIOSOS REGISTROS HISTORICOS EXISTENTES (DESDE 1990). LA INFORMACION SE INTEGRARA EN MODELOS A ESCALA DE CORDILLERA PARA DEMOSTRAR SU UTILIDAD EN LA EVALUACION DE POTENCIALES IMPACTOS (HISTORICOS Y FUTUROS), CONSIDERANDO LA INFLUENCIA DE LAS SEQUIAS. LA CUENCA DEL ALTO GUADIANA TAMBIEN SE INCLUYE COMO UN NUEVO CASO PILOTO (NO INCLUIDO EN SIGLO-AN) PARA EVALUAR IMPACTOS DEL CC Y CO-DISEÑAR ESTRATEGIAS DE ADAPTACION. LA FUERTE INTERACCION ENTRE AGUAS SUPERFICIAL Y SUBTERRANEA EN LA REGION DA LUGAR A HUMEDALES QUE SON RESERVA DE LA BIOSFERA. EXISTEN PERMANENTES CONFLICTOS ENTRE LA AGRICULTURA Y LA CONSERVACION DE LOS ECOSISTEMAS, E HISTORICAMENTE LOS BOMBEOS HAN TENIDO EFECTOS DRAMATICOS EN EL ESTADO DE LOS HUMEDALES Y ACUIFEROS. COMO NOVEDAD, PROPONEMOS EVALUAR DIFERENTES IMPACTOS MULTIDISCIPLINARES (HIDROLOGICOS Y AMBIENTALES, PERO TAMBIEN SOCIOECONOMICOS, NO ABORDADOS EN SIGLO-AN) Y RIESGOS (POR EJEMPLO, REDUCCION DE ZONA INUNDADAS EN HUMEDALES, INCENDIOS ESPONTANEOS DE TURBAS Y CRECIMIENTO DESCONTROLADO DEL CARRIZO), DONDE SE PROBARAN METODOS Y HERRAMIENTAS NOVEDOSOS INTEGRANDO DATOS DE CAMPO Y TELEDETECCION. SE TRATA DE UNA PROPUESTA MULTIDISCIPLINAR (CLIMATOLOGIA, HIDROLOGIA, AGRONOMIA, ANALISIS DE SISTEMAS, ETC) QUE ABARCA UN AMPLIO ESPECTRO TEMATICO DE TEMAS DE GRAN INTERES PRACTICO, FAVORECIENDO UNA POTENCIAL INTERNACIONALIZACION, YA QUE GENERARA RESULTADOS QUE CONSTITUIRAN UN BAGAJE IDONEO PARA COMPETIR CON EXITO EN FUTURAS CONVOCATORIAS INTERNACIONALES. LA VIABILIDAD DE LA PROPUESTA ESTA RESPALDADA POR LOS ANTECEDENTES DEL EQUIPO, CON RESULTADOS EXITOSOS EN PROYECTOS AMBICIOSOS DE CC QUE ANALIZAN DIFERENTES PROBLEMAS. SE HA FORMADO UN EQUIPO MULTIDISCIPLINAR QUE INCORPORA EXPERTOS EN LOS NUEVOS PROBLEMAS ABORDADOS, E INVOLUCRA A INVESTIGADORES EXTRANJEROS, FAVORECIENDO LA INTERNACIONALIZACION DE LOS RESULTADOS."
AEI:PID2021-128853OB-I00;AEI;Proyectos de I+D+I (Generación de Conocimiento y Retos Investigación);2021;PID2021-128853OB-I00;DESARROLLO DE TECNOLOGIA PARA FOTOVOLTAICA;Energía y transporte · Energia;UNIVERSIDAD POLITECNICA DE MADRID;Q2818015F;Madrid;fuente;MADRID;;;;191180,00;0,00;;resumen;https://www.aei.gob.es/ayudas-concedidas/buscador-ayudas-concedidas?code=PID2021-128853OB-I00;"PARA CONTRARRESTAR LA AMENAZA DEL CAMBIO CLIMATICO, Y DE ACUERDO CON LOS OBJETIVOS DE DESARROLLO SOSTENIBLE GLOBALES, ES NECESARIA UNA TRANSFORMACION FUNDAMENTAL DEL SISTEMA ENERGETICO MUNDIAL. ESTO INCLUYE CAMBIOS SIGNIFICATIVOS EN LOS SECTORES DE LA ELECTRICIDAD, EL CALOR Y EL TRANSPORTE PARA GARANTIZAR UNA VIA DE TRANSICION ENERGETICA DESDE EL ACTUAL SISTEMA BASADO EN LOS FOSILES. EL TRANSPORTE SIGUE SIENDO RESPONSABLE DEL 24% DE LAS EMISIONES DIRECTAS DE CO2 PROCEDENTES DE LA COMBUSTION DE COMBUSTIBLES.
EL PAPEL DE LAS TECNOLOGIAS RENOVABLES EN GENERAL, Y DE LA FOTOVOLTAICA (FV) EN PARTICULAR, PUEDE SER IMPORTANTE PARA REDUCIR LAS EMISIONES EN EL SECTOR DEL TRANSPORTE. EL AUMENTO DE LA GENERACION RENOVABLE EN LA RED ELECTRICA REDUCE LAS EMISIONES PRODUCIDAS TANTO EN LA FABRICACION COMO EN EL USO DE LOS VEHICULOS ELECTRICOS. ADEMAS, DEBIDO AL AUMENTO DE LA EFICIENCIA DE LOS MODULOS Y A LA REDUCCION DEL COSTE, LA TECNOLOGIA FOTOVOLTAICA TIENE UN NUEVO E IMPORTANTE PAPEL EN EL MERCADO DE LA AUTOMOCION A TRAVES DEL CONCEPTO VEHICLE INTEGRATED PHOTOVOLTAIC (VIPV).

OBJETIVOS QUE ESTA INVESTIGACION PRETENDE ALCANZAR:
1. CREAR Y EVALUAR UN MODELO DE RENDIMIENTO ENERGETICO DE LA SUPERFICIE SOLAR EN LOS COCHES ELECTRICOS QUE INCLUYA LOS RETOS ESPECIFICOS QUE SE ENCUENTRAN EN EL VIPV, ES DECIR, EL SOMBREADO DINAMICO, LA ALTA TEMPERATURA DE FUNCIONAMIENTO DE LAS CELULAS, O EL DESAJUSTE ESPECTRAL CUANDO SE UTILIZAN CELULAS SOLARES MULTIUNION DE ALTA EFICIENCIA.
2. INVESTIGAR LAS DOS PRINCIPALES PREOCUPACIONES EN LA OPTIMIZACION DE VIPV: LA INTERCONEXION DE CELULAS Y EL ALGORITMO DE PUNTO DE MAXIMA POTENCIA.
3. MAPEAR EL RECURSO SOLAR URBANO UTIL PARA VIPV BASADO EN ACTIVIDADES DE CIENCIA CIUDADANA. ESTE OBJETIVO INCLUYE LA DIFUSION INTRINSECA DE LAS ACTIVIDADES DEL PROYECTO.
4. DESARROLLO DE PROCEDIMIENTOS DE MEDICION Y METRICAS PARA SUPERFICIES CURVAS EN VIPV.

LISTA DE TAREAS
TAREA 1. MODELIZACION DEL RENDIMIENTO ENERGETICO EN VIPV
ESTA TAREA ABORDA LA NECESIDAD DE UN MODELO QUE PUEDA ESTIMAR EL RENDIMIENTO ENERGETICO DE UN SISTEMA VIPV, TENIENDO EN CUENTA FACTORES EXTERNOS COMO EL CALOR, LA SUCIEDAD Y LA SOMBRA, MIENTRAS QUE LA EFICIENCIA SE REFIERE A LAS PRUEBAS REALIZADAS EN CONDICIONES DE LABORATORIO. PARA LOGRAR ESTE OBJETIVO, ES NECESARIO INCORPORAR A LAS HERRAMIENTAS CLASICAS DE MODELADO DE SISTEMAS FOTOVOLTAICOS LOS PROBLEMAS ESPECIFICOS Y RELEVANTES QUE SURGEN EN LOS SISTEMAS VIPV.

TAREA 2 VALIDACION DE LA MODELIZACION PARA VIPV
SE PROCEDE A VALIDAR CON PROTOTIPOS LOS MODULOS DESARROLLADOS PARA LA MODELIZACION DEL RENDIMIENTO ENERGETICO EN VIPV VISTOS EN LA TAREA 1. 

TAREA 3. DESARROLLO DE PROCEDIMIENTOS DE MEDICION Y METRICAS
EL GRUPO DE INVESTIGACION LIDERARA UN ROUND ROBIN INTERNACIONAL CUYO OBJETIVO ES ESTABLECER LAS PRIMERAS BASES SOBRE LOS EQUIPOS Y PROCEDIMIENTOS NECESARIOS PARA MEDIR SUPERFICIES CURVAS EN CONDICIONES DE INTERIOR Y EXTERIOR.

TAREA 4. CARTOGRAFIA DEL RECURSO SOLAR BASADA EN LA CIENCIA CIUDADANA
SE DEFINE UN PROCEDIMIENTO PARA CARTOGRAFIAR EL RECURSO SOLAR DE UNA ZONA URBANA, JUNTO CON EL DESARROLLO Y DESPLIEGUE DE UNA INFRAESTRUCTURA BASADA EN LA CIENCIA CIUDADANA. LA RECOGIDA DE DATOS SE CONVERTIRA EN UNA ACTIVIDAD DE CIENCIA CIUDADANA.

TAREA 5. INFORME FINAL Y CONTACTOS CON LA INDUSTRIA
SE ESTABLECERAN CONTACTOS CON DIFERENTES EMPRESAS PARA EVALUAR UNA POSIBLE TRANSFERENCIA DE TECNOLOGIA. PARA ELLO, EL GRUPO REALIZARA UN SEGUIMIENTO CONSTANTE DE LA EVOLUCION DEL MERCADO."
AEI:PID2021-129056OB-I00;AEI;Proyectos de I+D+I (Generación de Conocimiento y Retos Investigación);2021;PID2021-129056OB-I00;REFUGIOS PARA LA BIODIVERSIDAD: RESISTIENDO A LOS CAMBIOS GLOBALES;Ciencias y tecnologías medioambientales · Biodiversidad;AGENCIA ESTATAL CONSEJO SUPERIOR DE INVESTIGACIONES CIENTIFICAS (CSIC);Q2818002D;Aragón;fuente;ZARAGOZA;;;;108900,00;0,00;;resumen;https://www.aei.gob.es/ayudas-concedidas/buscador-ayudas-concedidas?code=PID2021-129056OB-I00;"UNO DE LOS IMPACTOS MAS CONOCIDOS DEL CAMBIO GLOBAL ES LA PERDIDA DE BIODIVERSIDAD Y EL DETERIORO DE LOS HABITATS, DERIVADOS PRINCIPALMENTE DE LOS CAMBIOS EN EL USO DEL SUELO Y DEL CAMBIO CLIMATICO. SIN EMBARGO, QUEDA TODAVIA MUCHO POR SABER SOBRE LA FORMA Y LA INTENSIDAD CON QUE EL CAMBIO GLOBAL AFECTA A LOS DISTINTOS ORGANISMOS Y AMBIENTES. AFORTUNADAMENTE, LAS NUEVAS TECNOLOGIAS Y LOS PROGRAMAS DE CIENCIA CIUDADANA OFRECEN NUEVAS OPORTUNIDADES PARA ADQUIRIR INFORMACION DE FORMA MASIVA Y PRECISA.

REFUGIA INVESTIGARA LA EXISTENCIA DE REFUGIOS Y LA BIODIVERSIDAD ASOCIADA EN EL NORESTE DE LA PENINSULA IBERICA (PIRINEOS Y VALLE DEL EBRO), UNO DE LOS MAYORES GRADIENTES AMBIENTALES Y DE PERTURBACION EN EUROPA. POR UN LADO, CUANTIFICAREMOS EN QUE MEDIDA LOS CAMBIOS DE LA CUBIERTA VEGETAL HAN PODIDO AFECTAR A LOS PAISAJES Y LAS PLANTAS EN EL PASADO, A PARTIR DE INFORMACION HISTORICA (CENTENARIA), CON LA AYUDA DE VOLUNTARIOS Y NATURALISTAS. ESTA INFORMACION AYUDARA A COMPRENDER COMO HAN EVOLUCIONADO LAS PERTURBACIONES INDUCIDAS POR EL HOMBRE Y LA RECUPERACION NATURAL A LO LARGO DEL TIEMPO, BAJO UNA PROTECCION MAS RECIENTE (RED NATURA 2000) O SIN ELLA. POR OTRO LADO, NOS CENTRAREMOS EN LA IDENTIFICACION DE LOS REFUGIOS (ZONAS EN LAS QUE SE MINIMIZA LA TRANSFORMACION DE LOS PAISAJES O EL EFECTO DEL CALENTAMIENTO GLOBAL), Y DETERMINAREMOS EN QUE MEDIDA LA BIODIVERSIDAD ESTA INCLUIDA EN ELLOS. EN PRIMER LUGAR, UTILIZAREMOS UNA PLATAFORMA DE ANALISIS GEOESPACIAL BASADA EN LA NUBE (GOOGLE EARTH ENGINE) PARA ESTIMAR LAS GANANCIAS Y PERDIDAS DE NDVI PROPORCIONADAS POR LANDSAT, Y TSTAREMOS EL PAPEL PROTECTOR DE LA RED NATURA 2000. A CONTINUACION, NOS CENTRAREMOS EN LOS REFUGIOS CLIMATICOS, QUE MODELAREMOS EN EL PARQUE NACIONAL DE ORDESA A PARTIR DE LA INFORMACION MICROCLIMATICA RECOGIDA POR PEQUEÑOS SENSORES DE TEMPERATURA Y HUMEDAD (MODELOS TOPOCLIMATICOS). A MAYOR ESCALA ESPACIAL Y GRADIENTE AMBIENTAL, LOS SENSORES CLIMATICOS SE COMBINARAN CON IMAGENES TERMOGRAFICAS OBTENIDAS POR CAMARAS Y VEHICULOS AEREOS NO TRIPULADOS (DRONES), E INFORMACION LIDAR. ESA COMBINACION SERVIRA PARA DETERMINAR EL PAPEL DE LA ESTRUCTURA DE LA VEGETACION DE LOS DIFERENTES TIPOS DE BOSQUES PARA AMORTIGUAR LAS TEMPERATURAS EXTREMAS. LOS REFUGIOS IDENTIFICADOS SERAN FINALMENTE ""TESTADOS BIOLOGICAMENTE"" IN SITU CON INVENTARIOS DE PLANTAS Y LAS TEMPERATURAS INFERIDAS POR LA COMUNIDAD DE ESPECIES (INDICE BASADO EN LAS TEMPERATURAS OPTIMAS DE CADA UNA).

NUESTRA PROPUESTA AUNA LOS METODOS DE CAMPO TRADICIONALES CON AMPLIAS BASES DE DATOS, TELEDETECCION Y ALGUNAS TECNOLOGIAS DE VANGUARDIA (GEE, LANDTRENDR, PAISAJES TERMICOS), PARA GENERAR MODELOS TOPOCLIMATICOS Y PROBAR SU VALIDEZ. CONFIAMOS EN QUE PODREMOS HACER VALIOSAS CONTRIBUCIONES A LAS CUESTIONES DE CONSERVACION APLICADA, Y AL RETO DE PROTEGER LA BIODIVERSIDAD DE LOS CAMBIOS GLOBALES. LOS RESULTADOS SE DIFUNDIRAN EN CONSONANCIA CON LA INTENSA ACTIVIDAD DE DIVULGACION DEL GRUPO, Y SE TRASLADARAN A LOS GESTORES PARA UNA PLANIFICACION MAS EFICAZ DE LA CONSERVACION. REFUGIA TAMBIEN TENDRA UN IMPORTANTE IMPACTO SOCIAL: EL PROYECTO SERVIRA PARA CONCIENCIAR SOBRE EL ESTADO DE CONSERVACION, LA VULNERABILIDAD Y LOS RIESGOS DERIVADOS DE LA ACTIVIDAD HUMANA, ENTRE LOS VOLUNTARIOS Y NATURALISTAS QUE SE INVOLUCREN A TRAVES DE PROYECTOS DE CIENCIA CIUDADANA."
AEI:TED2021-129776B-C21;AEI;Proyectos Estratégicos Orientados a la Transición Ecológica y a la Transición Digital;2021;TED2021-129776B-C21;PARTICIPATORY TECHNOLOGIES FOR SUSTAINABLE COASTAL MONITORING IN URBAN AREAS-HYDRO;Ciencias y tecnologías medioambientales · Ciencias y tecnologías marinas;UNIVERSITAT POLITECNICA DE CATALUNYA;Q0818003F;Cataluña;fuente;BARCELONA;;;;163300,00;0,00;;resumen;https://www.aei.gob.es/ayudas-concedidas/buscador-ayudas-concedidas?code=TED2021-129776B-C21;"EL SUBPROYECTO PITACORA-HYDRO FORMA PARTE DEL PROYECTO COORDINADO PITACORA QUE TIENE COMO OBJETIVO GENERAL INCREMENTAR LA CAPACIDAD OBSERVACIONAL MEDIANTE EL USO DE PLATAFORMAS DIY PLUS LC EN REDES DE MEDIDAS PARTICIPATIVOS Y EN EL CONTEXTO DE LA OBSERVACION DE LA DINAMICA HIDRO-ECO-SEDIMENTARIA COSTERA Y SU POSTERIOR ANALISIS CIENTIFICO. LOS OBJETIVOS ESPECIFICOS DE PITACORA-HYDRO SE FOCALIZAN EN I) EL DESARROLLO DE LAS PLATAFORMAS Y DISPOSITIVOS DE ADQUISICION DE DATOS MARINOS UTILIZANDO LAS TECNOLOGIAS LC + DIY. ESTOS PROTOTIPOS PERIMITRAN MEDIR CORRIENTES (UTILIZANDO BOYAS LAGRANGIANAS DE FACIL MANEJO), VARIABLES DE CALIDAD DE AGUA (PH, CONDUCTIVIDAD, TEMPERATURA, NUTRIENTES, ETC.) Y SEDIMENTO EN SUSPENSION, GEOPOSICIONES O VARIABLES METEOROLOGICAS. II) EJECUCION DE UNA CAMPAÑA DE CAMPO OCEANOGRAFICA ESPECIFICA PARA LA CALIBRACION Y VERIFICACION DE DISPOSITIVOS LC Y DIY CON INSTRUMENTACION COMERCIAL EN LABORATORIO Y A MAR ABIERTO. III) PROMOCION DEL APRENDIZAJE ACTIVO EN EL MARCO DEL STEM A TRAVES DEL APRENDIZAJE PRACTICO QUE DESARROLLE COMPETENCIAS DE DESARROLLO SOSTENIBLES Y ECONOMIA AZUL DE LOS PARTICIPANTES IV) ESTABLECER SINERGIAS Y COLABORACION CON OTROS LUGARES DE ESTUDIO DONDE EL EQUIPO DE INVESTIGACION ESTA TRABAJANDO ACTUALMENTE COMO EL DELTA DEL EBRO (COMO EJEMPLO DE ALTA VULNERABILIDAD DEBIDO EL CAMBIO CLIMATICO) Y LA BAHIA DE INHAMBANE (COMO EJEMPLO DE CIENCIA CIUDADANA EN UN PAIS EN VIAS DE DESARROLLO DONDE LOS EQUIPOS LC + DIY TIENEN UN GRAN POTENCIAL).

ALGUNOS PROCESOS FISCOS EN LAS AGUAS COSTERAS (ZONA DE ROTURA Y PLATAFORMA INTERNA) AUN SON OBJETO DE ANALISIS EN LA ACTUALIDAD, COMO LOS PROCESOS DE TRANSPORTE DE SUSTANCIAS A TRAVES DE LA PLATAFORMA (INCLUIDOS LOS SEDIMENTOS FINOS), LA DISPERSION TRIDIMENSIONAL DE LA DESCARGA DE CONTAMINANTES Y EL PAPEL DE LA ESTRATIFICACION. EN ESTE SENTIDO, LAS OBSERVACIONES HIDRODINAMICAS, BIOLOGICAS Y DE SEDIMENTOS DE ALTA RESOLUCION DE PITACORA-HYDRO PERMITIRAN UN ENFOQUE HOLISTICO QUE CONSIDERE PROCESOS ACOPLADOS COMO LA PROLIFERACION DE ALGAS, LOS PATRONES DE DEPOSITO DE SEDIMENTOS O LA DISPERSION DE NUTRIENTES. LOS DIFERENTES MECANISMOS DE FORZAMIENTO INVOLUCRADOS EN LA ECO-HIDRODINAMICA COSTERA DURANTE CONDICIONES DE TORMENTA Y VIENTO DEBIL SERAN RESUELTOS ESPECIFICAMENTE GRACIAS A PITACORA-HYDRO, DETERMINANDO EL PAPEL DE LAS VARIACIONES VERTICALES DE VELOCIDAD QUE SE VEN FUERTEMENTE AFECTADAS POR LA PRESENCIA DE UNA ESTRATIFICACION EN LA COLUMNA DE AGUA. LA INFLUENCIA PUNTUAL DE LAS PLUMAS DE RIOS (COMO EL RIO BESOS) SERA MONITORIZADA DE FORMA INTENSIVA GRACIAS A PITACORA-HYDRO A ESCALAS TEMPORALES Y ESPACIALES NO MEDIDAS ANTERIORMENTE. LA IDENTIFICACION DE PROCESOS CLAVE DE LA DINAMICA HIDRO-ECO-SEDIMENTARIA PERMITIRA DETERMINAR LAS TENDENCIAS POR CAMBIOS CLIMATICOS (HAB¿S, PICOS DE ALTAS TEMPERATURAS, ETC.) Y ESTABLECER ACCIONES FUTURAS PARA MITIGAR SU IMPACTO. EN CONSECUENCIA, LOS CONJUNTOS DE DATOS PROPORCIONARAN UNA PRIMERA INTERPRETACION HOLISTICA DE LA PLATAFORMA INTERNA Y LA DINAMICA COSTERA EN LA REGION. POR ULTIMO, LOS DATOS MASIVOS OBTENIDOS BRINDARAN LA OPORTUNIDAD DE IMPLEMENTAR NUEVOS ENFOQUES DE CIENCIA DE DATOS BASADOS &#8203;&#8203;EN NUEVOS ALGORITMOS DE FILTRADO, PROGRAMACION VISUAL O INTELIGENCIA ARTIFICIAL CON UN CLARO IMPACTO EN EL ANALISIS CIENTIFICO POSTERIOR RELACIONADO CON LA IDENTIFICACION DE TENDENCIAS Y PATRONES EN EL MARCO DEL CAMBIO CLIMATICO."
AEI:TED2021-129776B-C22;AEI;Proyectos Estratégicos Orientados a la Transición Ecológica y a la Transición Digital;2021;TED2021-129776B-C22;TECNOLOGIAS PARTICIPATIVAS PARA EL MONITOREO SOSTENIBLE EN AREAS COSTERAS URBANAS;Ciencias y tecnologías medioambientales · Ciencias y tecnologías marinas;AGENCIA ESTATAL CONSEJO SUPERIOR DE INVESTIGACIONES CIENTIFICAS (CSIC);Q2818002D;Cataluña;fuente;BARCELONA;;;;157550,00;0,00;;resumen;https://www.aei.gob.es/ayudas-concedidas/buscador-ayudas-concedidas?code=TED2021-129776B-C22;"PITACORA: (TECNOLOGIAS PARTICIPATIVAS PARA EL MONITOREO COSTERO SOSTENIBLE EN AREAS URBANAS) TIENE COMO OBJETIVO GLOBAL DEFINIR UN NICHO DE INNOVACION INVOLUCRANDO A DIFERENTES ACTORES DE LA SOCIEDAD (ACADEMIA, INDUSTRIA Y SOCIEDAD CIVIL) PARA ABORDAR LOS REQUISITOS DE OBSERVACION PARA DESARROLLAR EL CONCEPTO DE GOBERNANZA COSTERA URBANA (ES DECIR, APLICAR EL CONCEPTO DE GOBERNANZA ADAPTATIVA EN EL CONTEXTO DE LAS PLAYAS URBANAS). LOS OBJETIVOS DE PITACORA ESTAN ALINEADOS CON LOS OBJETIVOS DE DESARROLLO SOSTENIBLE (ODS) ESTABLECIDOS EN 2015 POR LA ASAMBLEA GENERAL DE LAS NACIONES UNIDAS (UN-GA). EN PITACORA SE HAN CONSIDERADO EN PARTICULAR 5 DE LOS 17 ODS: (ODS4) EDUCACION DE CALIDAD, (ODS11) CIUDADES Y COMUNIDADES SOSTENIBLES, (ODS13) ACCION CLIMATICA, (ODS14) VIDA SUBMARINA Y (ODS15) VIDA TERRESTRE; ESTANDO TAMBIEN INTERRELACIONADOS CON LOS 12 OBJETIVOS ADICIONALES.
PITACORA REPRESENTARA UN PUNTO DE INFLEXION EN LA CONCEPCION DE ADQUISICION DE DATOS EN EL ESTUDIO DE SISTEMAS COSTEROS QUE PERMITIRA UNA TRANSICION ECOLOGICA, GRACIAS A LA RECOPILACION MASIVA DE OBSERVACIONES GENERANDO NUEVAS ACTITUDES DE CONCIENCIACION SOCIAL, EN EL CONTEXTO DE LA CIENCIA CIUDADANA, Y ESTABLECERA BASES SOLIDAS PARA LA GESTION SOSTENIBLE Y EL DESARROLLO FUTURO DE SOLUCIONES BASADAS EN LA NATURALEZA.
EN ESTE MARCO DEL MONITOREO PARTICIPATIVO, PITACORA ABORDARA LA CALIDAD DE LOS DATOS EN UN SENTIDO AMPLIO PERO CON ESPECIAL ENFASIS EN AQUELLAS DIMENSIONES RELACIONADAS CON LA ADQUISICION DE DATOS: EL PROYECTO PROPONE UNA NUEVA VISION EN EL DISEÑO DE REDES DE MONITOREO COSTERO, INTEGRANDO DOS DIMENSIONES DE CALIDAD DE DATOS, PRECISION Y COMPLETITUD (INTEGRIDAD), COMO LOS COMPONENTES IMPULSORES DE LA CALIDAD GLOBAL EN LA ADQUISICION DE OBSERVACIONES COSTERAS.
EL PROYECTO INCLUIRA TECNOLOGIAS DISRUPTIVAS TANTO EN LA ADQUISICION (REDES ABIERTAS DE IOT) COMO EN EL PROCESAMIENTO DE OBSERVACIONES (CIENCIA DE DATOS Y PROCESO DE LA SEÑAL AVANZADOS Y DESARROLLO DE HERRAMIENTAS DE PROGRAMACION VISUAL) PARA PROMOVER TAMBIEN LA TRANSICION DIGITAL. LA PROMOCION TANTO DEL COMPROMISO SOCIAL COMO LAS DISCIPLINAS STEM SE DESARROLLARA CONSIDERANDO UN MARCO DE INVESTIGACION E INNOVACION RESPONSABLE (RRI), QUE CUBRA LAS 5 CLAVES PROPUESTAS POR LA COMISION EUROPEA: ETICA, COMPROMISO SOCIAL, IGUALDAD DE GENERO, ACCESO ABIERTO/CIENCIA Y EDUCACION CIENTIFICA."
AEI:TED2021-129834B-I00;AEI;Proyectos Estratégicos Orientados a la Transición Ecológica y a la Transición Digital;2021;TED2021-129834B-I00;GESTION INTEGRAL DEL RIESGO DE INUNDACION EN PEQUEÑAS CUENCAS MEDITERRANEAS: MONITORIZACION Y DESARROLLO DE PROTOCOLOS PARA LA CONSTRUCCION DE TERRITORIOS RESILIENTES;Ciencias y tecnologías medioambientales · Ciencias de la Tierra y del agua;UNIVERSIDAD DE LAS ISLAS BALEARES;Q0718001A;Illes Balears;fuente;BALEARES;;;;171350,00;0,00;;resumen;https://www.aei.gob.es/ayudas-concedidas/buscador-ayudas-concedidas?code=TED2021-129834B-I00;"EL PROYECTO INFLOODMED PRETENDE AVANZAR EN LA COMPRENSION DEL RIESGO DE INUNDACIONES EN PEQUEÑAS CUENCAS MEDITERRANEAS AFECTADAS POR IMPACTOS DEL CAMBIO CLIMATICO, IMPLEMENTANDO SOLUCIONES DE ADAPTACION CONTINUA QUE EVALUEN LA VULNERABILIDAD ACTUAL Y FUTURA EN AREAS INUNDABLES. SE COMBINARA UNA SOLUCION DE SEGUIMIENTO HIDROLOGICO, METEOROLOGICO Y TERRITORIAL A LARGO PLAZO CON MODELOS NUMERICOS A VARIAS ESCALAS PARA DETECTAR UMBRALES DE VULNERABILIDAD ANALIZANDO LAS RETROALIMENTACIONES SOCIOHIDROLOGICAS COMO HERRAMIENTA EFICAZ PARA PLANES DE ACCION DE PROTECCION CIVIL A ESCALA LOCAL. LA IMPLEMENTACION DE TECNOLOGIAS INNOVADORAS, DE ACCESO ABIERTO SE REALIZARA EN COLABORACION CON LAS AUTORIDADES LOCALES, PERO TAMBIEN NACIONALES, EVALUANDO LAS MEJORES SOLUCIONES BASADAS EN LA NATURALEZA DE LAS CUENCAS ESTUDIADAS PARA UNA MEJOR Y CONTINUA EVALUACION DEL RIESGO DE INUNDACION. LA INVESTIGACION SE CENTRARA EN LA COSTA MEDITERRANEA CENTRAL DE ESPAÑA; ALICANTE, MURCIA Y LAS ISLAS BALEARES; REGIONES QUE ILUSTRAN CLARAMENTE LA TRANSFORMACION DE LA ECONOMIA, LA SOCIEDAD Y EL MEDIO AMBIENTE CON UNA EXPANSION EXPONENCIAL DE ZONAS URBANAS, AGRICULTURA INTENSIVA Y ASENTAMIENTOS TURISTICOS. INFLOODMED APROVECHA PROYECTOS PREVIOS Y EL ACTUAL INUNSAB- SISTEMA DE ALERTA TEMPRANA DEL RIESGO DE INUNDACIONES EN LAS ISLAS BALEARES CON SEGUIMIENTO EN ZONAS DE CABECERA DE PEQUEÑAS CUENCAS MEDITERRANEAS CON MAYOR RIESGO DE INUNDACION. EL PROYECTO COMBINARA GEODATABASES TERRITORIALES DE ACCESO ABIERTO, BASADAS EN DATOS EN TIEMPO REAL Y MODELIZACION PARA: (I) ANALIZAR EL PELIGRO DE INUNDACIONES A ESCALA LOCAL -MUNICIPIO Y PEQUEÑAS CUENCAS COMO UNA COMBINACION SOCIOHIDROLOGICA- APLICANDO MONITOREO Y MODELADO HIDROLOGICOS Y METEOROLOGICOS CONTINUOS PARA PROPORCIONAR UNA COMPRENSION ADECUADA DE LAS INUNDACIONES EXTREMAS PASADAS Y ANTICIPAR EVENTOS FUTUROS CON UNA INCERTIDUMBRE REDUCIDA. (II) EVALUAR LA EXPOSICION TERRITORIAL A INUNDACIONES, LA VULNERABILIDAD Y LA EVALUACION DE DAÑOS POTENCIALES CON BASE EN EL OE1 Y EL USO DE INFORMACION TERRITORIAL DE LIBRE ACCESO CATASTRO, INFRAESTRUCTURAS Y EQUIPAMIENTOS CRITICOS MUNICIPALES, MAPAS DE USO DE SUELO, IMAGENES SATELITALES Y CURVAS DE DAÑOS. (III) ESTABLECER LA MITIGACION DEL RIESGO DE INUNDACIONES Y LA ADAPTACION CON LA APLICACION DE SOLUCIONES ESPECIFICAS BASADAS EN LA NATURALEZA PARA MEJORAR LA RESILIENCIA DE LOS ECOSISTEMAS, PROMOVIENDO TAMBIEN EL CONOCIMIENTO DE LOS INTERESES DE LOS USUARIOS FINALES Y SU PARTICIPACION EN EL PROCESO DE PUESTA EN FUNCIONAMIENTO. (IV) INTEGRAR Y VALIDAR LA AMENAZA (1), LA VULNERABILIDAD (2) Y TODAS LAS SOLUCIONES DE ADAPTACION (3) CON HERRAMIENTAS DE GESTION DEL RIESGO DE INUNDACIONES PLANES DE PROTECCION CIVIL Y SISTEMAS DE ALERTA TEMPRANA PARA RECOPILAR Y CONSOLIDAR LA CIENCIA CIUDADANA LOCAL. (V) REALIZAR UN PROTOCOLO DE RIESGO DE INUNDACIONES COMO UNA COMPILACION DE METODOS Y HERRAMIENTAS PARA LOS ACTORES LOCALES Y EMPODERARLOS CON LA CAPACITACION ADECUADA PARA SU USO EFICIENTE, INCORPORANDO SOLUCIONES TECNOLOGICAS DE BAJO COSTO; O SEA, DATOS ABIERTOS Y SOFTWARE DE CODIGO ABIERTO. INFLOODMED ES UN PROYECTO DE INVESTIGACION INTERDISCIPLINARIO QUE INVOLUCRA A CIENTIFICOS NACIONALES E INTERNACIONALES CON UNA EXPERIENCIA EN EL CONOCIMIENTO ACTUAL EN GEOGRAFIA, FISICA E INGENIERIA CIVIL. SE ESPERA QUE EL IMPACTO DE SUS RESULTADOS SEA DE LA MAS ALTA CALIDAD CIENTIFICA Y SE PROPAGUE RAPIDAMENTE ENTRE LA COMUNIDAD CIENTIFICA, LOS RESPONSABLES POLITICOS Y LAS PARTES INTERESADAS."
AEI:TED2021-130371B-I00;AEI;Proyectos Estratégicos Orientados a la Transición Ecológica y a la Transición Digital;2021;TED2021-130371B-I00;OCEAN AGORA: UNA INICIATIVA INCLUSIVA Y TRANSFORMADORA PARA CONECTAR LOS OCEANOS Y LA SOCIEDAD;Ciencias y tecnologías medioambientales · Ciencias y tecnologías marinas;AGENCIA ESTATAL CONSEJO SUPERIOR DE INVESTIGACIONES CIENTIFICAS (CSIC);Q2818002D;Cataluña;fuente;BARCELONA;;;;349600,00;0,00;;palabras-clave;https://www.aei.gob.es/ayudas-concedidas/buscador-ayudas-concedidas?code=TED2021-130371B-I00;"OCEAN-AGORA DISEÑARA Y DESARROLLARA UNA SERIE DE ACCIONES EXPERIENCIALES Y DIGITALES QUE FACILITEN LA INTERCONEXION ENTRE LA CIENCIA Y LA CIUDADANIA PARA DESARROLLAR MEDIDAS DE MITIGACION Y ADAPTACION AL CAMBIO CLIMATICO, EL USO SOSTENIBLE Y LA PROTECCION DE LOS RECURSOS MARINOS, LA PREVENCION DE LA CONTAMINACION DE LAS COSTAS Y AMBIENTES MARINOS, LA PROTECCION Y RECUPERACION DE LA BIODIVERSIDAD Y LOS ECOSISTEMAS COSTEROS Y MARINOS, LA MAYOR CONCIENCIACION Y RESILIENCIA FRENTE A LOS PELIGROS NATURALES, Y EL DESARROLLO DE UNA ECONOMIA CIRCULAR Y DE PROXIMIDAD. ESTAS ACCIONES CIENTIFICAS, TECNOLOGICAS, CULTURALES Y SOCIALES PROMOVERAN LAS REDES SOCIALES (ENTENDIDAS COMO LA ESTRUCTURA SOCIAL FORMADA POR ACTORES SOCIALES, YA SEAN INDIVIDUOS U ORGANIZACIONES, Y SUS INTERACCIONES) NECESARIAS PARA LA TRANSICION ECOLOGICA:

- OCEAN-AGORA SE APOYA PRINCIPALMENTE EN LAS CIENCIAS MARINAS, COMO PARTE DEL PROCESO CIENTIFICO DE OBSERVACION Y CUESTIONAMIENTO, EXPERIMENTACION Y FORMULACION DE HIPOTESIS, SEGUIDO DE REFLEXION Y ANALISIS PARA VALIDAR O REFUTAR LAS HIPOTESIS.

- OCEAN-AGORA PROMOVERA UN PROCESO DINAMICO DE REFLEXION Y PRAXIS ENTRE LAS COMUNIDADES Y GRUPOS Y ASOCIACIONES CIUDADANAS QUE SE RELACIONAN CON LOS AMBIENTES COSTEROS Y MARINOS.

- OCEAN-AGORA PROMOVERA ALIANZAS NACIONALES E INTERNACIONALES CON OTRAS INSTITUCIONES DE INVESTIGACION, GRUPOS SOCIALES Y CIUDADES EN TORNO A LOS OBJETIVOS DE DESARROLLO SOSTENIBLE (ODS).

EL PROYECTO SURGE COMO UNA INICIATIVA CONCEPTUAL Y PRACTICA HACIA LA TRANSFORMACION ECOLOGICA COGNITIVA, SENSORIAL Y DIGITAL  DE LAS CIUDADES COSTERAS. BUSCA DISEÑAR Y DESARROLLAR LOS MEJORES ESPACIOS E INSTALACIONES POSIBLES PARA QUE LA CIUDADANIA SE REUNA, REFLEXIONE Y CREE REDES EN TORNO A LAS CIENCIAS MARINAS, CON ESPECIAL ENFASIS EN EL CONOCIMIENTO Y LA ACCION CONTRA EL CAMBIO CLIMATICO. ESTAS INSTALACIONES CONTARAN CON ACTIVIDADES DIGITALES INCLUSIVAS CON Y PARA LA SOCIEDAD, EN TORNO A LAS CIENCIAS Y TECNOLOGIAS MARINAS, ORIENTADAS AL EMPODERAMIENTO SOCIAL Y LA CONSECUCION DE OBJETIVOS Y VALORES DE SOSTENIBILIDAD CLAVE PARA PRESERVAR LA SALUD DE LOS OCEANOS Y PROMOVER LA CONCIENCIA PLANETARIA.

EL PROYECTO PROMOVERA ACTIVIDADES INMERSIVAS EN CIENCIA Y TECNOLOGIA MARINA ENTRE GRUPOS SOCIALES RELACIONADOS CON EL MEDIO MARINO: COMUNIDADES LOCALES Y PEQUEÑOS COMERCIOS, INSTITUCIONES EDUCATIVAS E INICIATIVAS DE EDUCACION NO FORMAL, ASOCIACIONES TEMATICAS Y JUVENILES, ARTISTAS Y FILOSOFOS, Y LA ADMINISTRACION LOCAL. PARA LOGRAR ESTE OBJETIVO TRANSFORMADOR, OCEAN-AGORA INTEGRARA CONCEPTOS, EXPERIENCIAS Y DATOS EN UN ENTORNO DIGITAL INTERACTIVO ABIERTO E INCLUSIVO.

LA PERSPECTIVA INCLUSIVA Y PARTICIPATIVA DE UNA ECONOMIA SOSTENIBLE APARECE COMO UNO DE LOS PILARES DE LOS ODS, VISIBLEMENTE EXPRESADO DENTRO DE LAS ESTRATEGIAS EUROPEAS DE RECUPERACION, TRANSFORMACION Y RESILIENCIA. ESTE ENFOQUE DE ECONOMIA AZUL DE ABAJO HACIA ARRIBA, BASADO EN NUEVOS CONOCIMIENTOS, ACTIVIDADES PARTICIPATIVAS Y SINERGIAS DE REDES, SE TRADUCIRA EN LA GENERACION DE EMPRESAS DE BASE TECNOLOGICA EN EL CAMPO DEL EQUIPAMIENTO MARINO, INICIATIVAS EDUCATIVAS Y ARTISTICAS, Y PROGRAMAS RELACIONADOS CON EL DEPORTE MARITIMO SOSTENIBLE Y EL TURISMO MARITIMO Y DE PLAYA SOSTENIBLE, ENTRE OTROS."
AEI:TED2021-130483B-I00;AEI;Proyectos Estratégicos Orientados a la Transición Ecológica y a la Transición Digital;2021;TED2021-130483B-I00;HACIA UNA COMPRENSION MECANICISTA DE LAS ASOCIACIONES GENOTIPO-AMBIENTE EN RESPUESTA AL CAMBIO CLIMATICO;Biociencias y biotecnología · Biología molecular y celular;AGENCIA ESTATAL CONSEJO SUPERIOR DE INVESTIGACIONES CIENTIFICAS (CSIC);Q2818002D;Cataluña;fuente;BARCELONA;;;;310500,00;0,00;;resumen;https://www.aei.gob.es/ayudas-concedidas/buscador-ayudas-concedidas?code=TED2021-130483B-I00;"LOS CAMBIOS CLIMATICOS GLOBALES, INCLUIDOS LOS CAMBIOS EN LOS PATRONES DE PRECIPITACION, TEMPERATURA Y VIENTO, TIENEN UN IMPACTO SEVERO Y GENERALIZADO EN LOS ORGANISMOS. ADEMAS DEL CAMBIO CLIMATICO, LA FRAGMENTACION DEL HABITAT NATURAL, LA LIBERACION DE CONTAMINANTES AL MEDIO AMBIENTE Y LA MAYOR PROPAGACION DE ESPECIES NO NATIVAS, SON AMENAZAS ADICIONALES PARA LAS POBLACIONES NATURALES EN TODO EL MUNDO. EN GENERAL, ESTOS CAMBIOS TIENEN UN IMPACTO NEGATIVO EN LA SALUD HUMANA, LA SEGURIDAD ALIMENTARIA Y LA BIODIVERSIDAD. LOS EFECTOS DEL CAMBIO CLIMATICO SOBRE LA BIODIVERSIDAD ESTAN BIEN DOCUMENTADOS Y SE HAN DESARROLLADO METODOS PARA EVALUAR LA VULNERABILIDAD DE LAS ESPECIES A LOS CAMBIOS CLIMATICOS. HASTA AHORA, SI BIEN SE SABE QUE LAS POBLACIONES NATURALES RESPONDEN AL CAMBIO CLIMATICO CAMBIANDO SU DISTRIBUCION GEOGRAFICA PARA RASTREAR LAS CONDICIONES AMBIENTALES PREFERIDAS, EL PAPEL DE LA ADAPTACION EVOLUTIVA A MENUDO SE IGNORA EN LOS MODELOS QUE PRONOSTICAN LA VULNERABILIDAD DE LAS ESPECIES AL CAMBIO CLIMATICO. SIN EMBARGO, ESTUDIOS RECIENTES DEMUESTRAN QUE CONSIDERAR LA VARIACION GENETICA ADAPTATIVA AFECTA SUSTANCIALMENTE LAS EVALUACIONES DE VULNERABILIDAD. POR LO TANTO, SE NECESITA UNA COMPRENSION MAS PROFUNDA DE LA BASE GENETICA DE LA ADAPTACION CLIMATICA PARA MEJORAR LAS PREDICCIONES DE VULNERABILIDAD DE LAS ESPECIES. HEMOS GENERADO RESULTADOS PRELIMINARES QUE DEMUESTRAN QUE LOS ANALISIS DE ASOCIACION GENOTIPO-AMBIENTE SON UNA HERRAMIENTA PODEROSA PARA IDENTIFICAR LA BASE GENETICA DE LA ADAPTACION A LOS CAMBIOS CLIMATICOS. BASANDONOS EN ESTOS RESULTADOS PRELIMINARES, PROPONEMOS COMBINAR ANALISIS GENOMICOS DE ASOCIACION GENOTIPO-AMBIENTE CON EXPERIMENTOS DE VALIDACION FUNCIONAL PARA COMPRENDER MEJOR Y, POR LO TANTO MEJORAR, LAS PREDICCIONES SOBRE COMO LA ADAPTACION EVOLUTIVA AFECTARA A LA SUPERVIVENCIA DE LAS ESPECIES BAJO EL CAMBIO CLIMATICO, UTILIZANDO PARA ELLO D. MELANOGASTER COMO ORGANISMO MODELO. NUESTRA PROPUESTA ES ADECUADA Y CONTRIBUIRA A RESOLVER LOS PROBLEMAS Y NECESIDADES DE LA TRANSICION ECOLOGICA PORQUE (I) PROPORCIONARA UNA COMPRENSION MAS PROFUNDA DE LA BASE GENETICA DE UN MAYOR NUMERO DE PROCESOS BIOLOGICOS RELEVANTES PARA LA ADAPTACION, QUE AYUDARA A MEJORAR LA EVALUACION DE LA VULNERABILIDAD DE LAS ESPECIES, QUE ES DE SUMA IMPORTANCIA PARA LA GESTION DE LA BIODIVERSIDAD FRENTE AL CAMBIO CLIMATICO; (II) INVOLUCRARA A LOS CIUDADANOS EN LA GENERACION DE EVIDENCIAS SOBRE COMO EL CAMBIO CLIMATICO YA ESTA AFECTANDO LA COMPOSICION GENETICA DE LAS ESPECIES, INCLUIDOS LOS CAMBIOS INDUCIDOS POR EL AUMENTO DE LA CONTAMINACION Y DEL USO DE PESTICIDAS, LO QUE DEBERIA CONTRIBUIR A UN CAMBIO CULTURAL, SOCIAL Y DE COMPORTAMIENTO MUY NECESARIO PARA LA TRANSICION HACIA UNA EUROPA CLIMATICAMENTE NEUTRA Y SOSTENIBLE
NUESTRO LABORATORIO ESTA EN LA MEJOR POSICION PARA LLEVAR A CABO ESTE PROYECTO, YA QUE CONTAMOS CON LA EXPERIENCIA NECESARIA, TANTO PARA LOS ENFOQUES GENOMICOS COMO EXPERIMENTALES QUE PLANEAMOS UTILIZAR, ASI COMO UNA RED ESTABLECIDA DE COLABORADORES QUE SON EXPERTOS EN GENOMICA EVOLUTIVA DE DROSOPHILA ASI COMO EN EL ANALISIS DE ASOCIACIONES GENOTIPO-AMBIENTE. ADEMAS, CO-DIRIGIMOS UN PROYECTO DE CIENCIA CIUDADANA, QUE SE EJECUTA CON EXITO DESDE 2016, QUE INVOLUCRA A ESTUDIANTES Y PROFESORES DE SECUNDARIA EN LA RECOLECCION DE POBLACIONES NATURALES DE VARIAS ESPECIES DE DROSOPHILA. POR LO TANTO, YA CONTAMOS CON TODAS LAS CONEXIONES NECESARIAS PARA INVOLUCRAR A LA CIUDADANIA EN ESTA PROPUESTA."
AEI:TED2021-130515B-I00;AEI;Proyectos Estratégicos Orientados a la Transición Ecológica y a la Transición Digital;2021;TED2021-130515B-I00;HERRAMIENTAS PARA UNA MEJOR GESTION DE LA BASURA MARINA EN ZONAS COSTERAS Y ACELERAR LA TRANSICION A UNA ECONOMIA CIRCULAR DEL PLASTICO;Ciencias y tecnologías medioambientales · Ciencias y tecnologías marinas;UNIVERSITAT POLITECNICA DE CATALUNYA;Q0818003F;Cataluña;fuente;BARCELONA;;;;253000,00;0,00;;resumen;https://www.aei.gob.es/ayudas-concedidas/buscador-ayudas-concedidas?code=TED2021-130515B-I00;"LA PRESENTE PROPUESTA (TRACE) PRETENDE CONSTRUIR UN SISTEMA DE PREDICCION Y SEGUIMIENTO DE BASURA MARINA FLOTANTE EN ZONAS COSTERAS QUE CUMPLA CON DOS DEMANDAS FUNDAMENTALES DE LA SOCIEDAD COMO SON: MEJORAR EL CONOCIMIENTO DEL MOVIMIENTO DE LA BASURA FLOTANTE EN ZONAS COSTERAS Y LA GENERACION DE UNA HERRAMIENTA PRACTICA QUE AYUDE EN LA GESTION DE LOS RESIDUOS A NIVEL LOCAL Y REGIONAL Y EN LOGRAR LOS OBJETIVOS DE SOSTENIBILIDAD Y DE UNA ECONOMIA CIRCULAR DEL PLASTICO. LA IMPORTANCIA DE REDUCIR LA CONTAMINACION MARINA POR RESIDUOS FLOTANTES (MAYORITARIAMENTE PLASTICOS) Y ACELERAR LA TRANSICION HACIA UNA ECONOMIA CIRCULAR DEL PLASTICO HA SIDO PUESTA DE MANIFIESTO POR DIVERSOS ORGANISMOS COMO LA ONU, UE Y G20 ENTRE OTROS. DIVERSOS ESTUDIOS ANTERIORES SE HAN CONCENTRADO EN ESTUDIAR LA PRESENCIA DE RESIDUOS EN LAS ZONAS DE ACUMULACION (GIROS OCEANICOS) Y A ESTIMAR LA MAGNITUD DEL PROBLEMA UTILIZANDO ESTIMACIONES GLOBALES DE GESTION DE RESIDUOS Y MODELOS DE DISPERSION GLOBALES. A PESAR DE QUE LA FUENTE MAYORITARIA DE RESIDUOS MARINOS ES TERRESTRE Y QUE SU CAMINO HACIA LAS ZONAS DE ACUMULACION ES A TRAVES DE LAS ZONAS COSTERAS, EL NUMERO DE ESTUDIOS ENFOCADOS EN ZONAS COSTERAS ES COMPARATIVAMENTE MUCHO MENOR. EL DESCONOCIMIENTO DE LA DISPERSION DE LA BASURA MARINA EN ZONAS COSTERAS DIFICULTA ENORMEMENTE LA CREACION DE POLITICAS DE REDUCCION O LIMPIEZA AL NO HABER RESPUESTA A PREGUNTAS FUNDAMENTALES COMO POR EJEMPLO: ¿EN QUE LUGARES Y CUANDO SE ACUMULA LA BASURA PARA SABER DONDE Y CUANDO ES MAS EFICIENTE LIMPIAR Y SI LLEGA A ZONAS SENSIBLES (AREAS PROTEGIDAS)? ¿CUAL ES LA MAGNITUD DE LA BASURA Y QUE INFLUENCIA TIENE EN ACTIVIDADES ECONOMICAS (PESCA, TURISMO)? ¿DE DONDE PROVIENE MAYORITARIAMENTE LA BASURA MARINA? ¿TIENE UN ORIGEN LOCAL?
PARA DAR RESPUESTA A ESTAS PREGUNTAS Y PARA COMPRENDER MEJOR LOS CICLOS DE TRANSPORTE A NIVEL COSTERO HEMOS PLANEADO LA CREACION DE UN SISTEMA DE PREDICCION Y SEGUIMIENTO BASADO EN LA INTEGRACION DEL MODELADO NUMERICO DE LA DISPERSION DE BASURAS MARINAS FLOTANTES Y LA TOMA Y ANALISIS DE MUESTRAS EN ZONAS COSTERAS MEDIANTE UNA INICIATIVA DE CIENCIA CIUDADANA. UN PROTOTIPO INICIAL DE MODELO HA SIDO CONSTRUIDO DENTRO DEL PROYECTO LOCATE (FINALIZADO EN DICIEMBRE 2021) ACOPLANDO EL MODELADO HIDRODINAMICO OPERACIONAL EN ZONA COSTERA Y UN MODULO DE DISPERSION DE PARTICULAS. ASIMISMO, LAS TECNICAS DE TOMA DE MUESTRAS MEDIANTE CIENCIA CIUDADANA HAN SIDO DESARROLLADAS PREVIAMENTE Y VALIDADAS EN EL PROYECTO SURFING FOR SCIENCE.
LOS RESULTADOS OBTENIDOS PERMITIRAN CONOCER MEJOR LA MAGNITUD DE LA CONTAMINACION POR BASURAS FLOTANTES EN UNA GRAN CIUDAD COSTERA DEL MAR MEDITERRANEO Y LOS MECANISMOS DE TRANSPORTE DE LA BASURA FLOTANTE EN ZONAS COSTERAS. AYUDARA A ENTENDER LA INFLUENCIA DEL OLEAJE Y LAS CORRIENTES Y QUE PROPORCION DE BASURA VUELVE A LA COSTA, EN COMPARACION CON LA PROPORCION DE BASURA QUE ES EXPORTADA HACIA MAR ADENTRO Y QUE VARIABLES CONTROLAN ESTE PROCESO. FINALMENTE, EL SISTEMA Y LOS RESULTADOS SERAN DE FACIL ACCESO PARA LOS CIUDADANOS Y LAS AUTORIDADES QUE TRABAJAN EN LA GESTION DE LA BASURA MARINA QUE SERAN OFRECIDOS Y EXPLICADOS A LAS PARTES INTERESADAS UTILIZANDO DIFERENTES EVENTOS Y CANALES DE COMUNICACION."
AEI:TED2021-130904B-I00;AEI;Proyectos Estratégicos Orientados a la Transición Ecológica y a la Transición Digital;2021;TED2021-130904B-I00;SMART SOUNDS LAB. LABORATORIO VIRTUAL DE FONETICA;Mente, lenguaje y pensamiento · Lingüística y lenguas;UNIVERSIDAD NACIONAL DE EDUCACION A DISTANCIA;Q2818016D;Madrid;fuente;MADRID;;;;83950,00;0,00;;resumen;https://www.aei.gob.es/ayudas-concedidas/buscador-ayudas-concedidas?code=TED2021-130904B-I00;"EL OBJETIVO DE ESTE PROYECTO ES PONER EN MARCHA EL PRIMER SMART LAB SOBRE LOS SISTEMAS DE SONIDOS DEL LENGUAJE, UN ECOSISTEMA DE INNOVACION ABIERTA CENTRADO EN EL USUARIO QUE INTEGRA LA INNOVACION Y LA INVESTIGACION FONETICA PARA OFRECER A LOS EXPERTOS, LAS PERSONAS, LA ADMINISTRACION Y LAS EMPRESAS RECURSOS EN LINEA DE INVESTIGACION, DOCENCIA Y DIVULGACION DESDE SU ALOJAMIENTO EN LOS SERVIDORES DEL LABORATORIO DE FONETICA DE LA UNED.
1)	EN EL AMBITO DE LA INVESTIGACION, EL SMART SOUNDS LAB OFRECERA UNA SERIE DE HERRAMIENTAS QUE PERMITAN REALIZAR DE FORMA REMOTA DIFERENTES TAREAS NECESARIAS PARA AVANZAR EN LA DESCRIPCION Y ESTUDIO DEL NIVEL FONICO DEL ESPAÑOL (TRANSCRIPCION FONETICA AUTOMATICA DE TEXTOS, ALINEACION AUTOMATICA DE SEÑAL DE HABLA CON LA TRANSCRIPCION FONETICA, ANOTACION PROSODICA, MODIFICACION/SINTESIS DE HABLA, ANALISIS ESTADISTICO DE DATOS, REALIZACION DE EXPERIMENTOS DE PERCEPCION, ETC.), PERMITIENDO LA INTERACCION, EL INTERCAMBIO DE IDEAS Y LA CO-CREACION DENTRO DE LA COMUNIDAD DE INVESTIGADORES EXPERTOS.
2)	EN EL AMBITO DE LA DOCENCIA, LA INTERACCION TENDRA LUGAR CON LOS ESTUDIANTES Y APRENDICES DEL NIVEL FONICO EN CUALQUIER LENGUA (APARTADO A.1) Y, MAS ESPECIFICAMENTE, EN ESPAÑOL (A.2 Y B). SE OFRECERAN RECURSOS VIRTUALES TANTO PARA EL AUTOPRENDIZAJE DE LA PRONUNCIACION Y LA PROSODIA COMO PARA LA ENSEÑANZA DE LA FONETICA Y OTRAS DISCIPLINAS RELACIONADAS (LINGUISTICA FORENSE Y CLINICA, O TECNOLOGIAS DEL HABLA, POR EJEMPLO).
3)	EL TERRENO DE LA DIVULGACION SERA EL QUE PERMITA LA INTERACCION CON EL CONJUNTO DE LA SOCIEDAD Y CON LOS AGENTES SOCIALES (ASOCIACIONES DE PACIENTES Y SUS FAMILIARES, ENTIDADES PROFESIONALES, ETC.), SUPERANDO EL HABITUAL MARCO DE COMUNICACION UNIDIRECCIONAL (LA ACADEMIA COMO PROVEEDORA DE CONOCIMIENTOS Y LA SOCIEDAD COMO RECEPTORA PASIVA), PARA DESARROLLAR UN MARCO DE INTERACCION MULTIDIRECCIONAL QUE PERMITA LA COCREACION DEL CONOCIMIENTO Y LOS RECURSOS MEDIANTE PROPUESTAS DE CIENCIA CIUDADANA.

EL SMART SOUNDS LAB SERA UN LABORATORIO DIGITAL ENFOCADO AL BIENESTAR DEL USUARIO, A QUIEN FACILITA HERRAMIENTAS Y ESTRATEGIAS A PARTIR DE LA INNOVACION ABIERTA Y COLABORATIVA. SUS LINEAS DE ACTUACION INTERDISCIPLINARIAS PERMITIRAN LA EXPERIMENTACION EN CONDICIONES REALES, CON LOS PARTICIPANTES COMO COCREADORES DE CONTENIDOS Y NO SOLO COMO SUJETOS DE ESTUDIO O PROVEEDORES DE DATOS. ASI, SE CUIDARA QUE ENTRE LOS COLECTIVOS RELACIONADOS CON EL PROYECTO SE ATIENDA LA NECESIDAD DE COMPRENSION DE LOS PROBLEMAS (EN DISTINTOS NIVELES DE COMPLEJIDAD, EN FUNCION DEL GRUPO DE INTERES O GRUPO DE TRABAJO AL QUE VAYA DIRIGIDA LA SECCION), SALVANDO LA BRECHA QUE EXISTE ENTRE LA INVESTIGACION Y LA INNOVACION DOCENTE, Y FACILITANDO LA TRANSICION DIGITAL DE LA SOCIEDAD A TRAVES DE LA MEJORA EN SU CONOCIMIENTO Y CONCIENCIA LINGUISTICA. PRETENDEMOS ASI ALCANZAR LA VALIDACION SOCIAL DE ESE CONOCIMIENTO CREADO COLECTIVAMENTE, FAVORECIDA POR LAS ACTIVIDADES DE DIFUSION QUE SE INCLUYEN ENTRE NUESTRAS ACTIVIDADES. ADEMAS, EL PROYECTO INTEGRA LA PERSPECTIVA DE GENERO, POR ATENDER EN UNA SECCION ESPECIFICA A LAS CARACTERISTICAS DE LA VOZ FEMENINA (EN SU DESCRIPCION TEORICA, MUCHO MENOS ATENDIDA QUE LA VOZ MASCULINA, Y TAMBIEN EN SUS APLICACIONES CLINICAS), Y GENERARA IMPACTO ASOCIADO AL AMBITO DE LA DISCAPACIDAD (POR SU ATENCION A LAS CARACTERISTICAS DEL HABLA ALTERADA)."
AEI:TED2021-131206B-I00;AEI;Proyectos Estratégicos Orientados a la Transición Ecológica y a la Transición Digital;2021;TED2021-131206B-I00;USO DE MACROINVERTEBRADOS ACUATICOS COMO INDICADORES DE CAMBIO CLIMATICO EN RIOS;Ciencias y tecnologías medioambientales · Biodiversidad;UNIVERSIDAD DE BARCELONA;Q0818001J;Cataluña;fuente;BARCELONA;;;;133400,00;0,00;;palabras-clave;https://www.aei.gob.es/ayudas-concedidas/buscador-ayudas-concedidas?code=TED2021-131206B-I00;"LAS ACTIVIDADES HUMANAS HAN ALTERADO EL CLIMA NATURAL DE LA TIERRA. EL IPCC HA DEMOSTRADO CON GRAN CONFIANZA QUE UNA GRAN PARTE DE LAS ESPECIES SE ENFRENTA A UN GRAN RIESGO DE EXTINCION DEBIDO AL CAMBIO CLIMATICO. LA EXTINCION PROBABLEMENTE SERA MAS GRAVE EN LOS ECOSISTEMAS DE AGUA DULCE (P. EJ., RIOS), DADO QUE YA MUESTRAN UNA TASA MUCHO MAYOR DE DISMINUCION DE ESPECIES QUE LOS ECOSISTEMAS MARINOS Y TERRESTRES. POR ELLO, ES URGENTE ANTICIPAR LOS EFECTOS DEL CAMBIO CLIMATICO EN LOS RIOS. EN ESTE SENTIDO, LOS MACROINVERTEBRADOS ACUATICOS PUEDEN SER INDICADORES MUY UTILES. SIN EMBARGO, TODAVIA FALTAN INDICES DE CAMBIO CLIMATICO BASADOS EN MACROINVERTEBRADOS PARA LA MAYORIA DE LAS REGIONES DE EUROPA. ESTOS INDICES NOS AYUDARIAN A IMPLEMENTAR ESTRATEGIAS DE ADAPTACION PARA SALVAGUARDAR LA BIODIVERSIDAD, EL FUNCIONAMIENTO DE LOS ECOSISTEMAS Y EL BIENESTAR HUMANO FRENTE AL CAMBIO CLIMATICO.

EL OBJETIVO PRINCIPAL DE MACROCLIM ES DESARROLLAR UN INDICE PARA MONITOREAR LOS EFECTOS DEL CLIMA EN LOS RIOS EUROPEOS BASADO EN LAS TOLERANCIAS TERMICAS DE LOS MACROINVERTEBRADOS ACUATICOS. MACROCLIM SE CENTRARA EXCLUSIVAMENTE EN LOS CAMBIOS DE TEMPERATURA, PERO RECONOCEMOS QUE EL CAMBIO CLIMATICO AFECTARA LOS CAUDALES DE LOS RIOS Y ESTO PUEDE TENER IMPLICACIONES IMPORTANTES PARA LA BIODIVERSIDAD ACUATICA. EN ESTE SENTIDO, COORDINAREMOS ESFUERZOS CON EL PROYECTO H2020 EN CURSO DRYVER, EN EL QUE PARTICIPA PARTE DEL EQUIPO DE MACROCLIM Y QUE DESARROLLARA ESTRATEGIAS PARA MITIGAR Y ADAPTARSE A LOS IMPACTOS DEL CAMBIO CLIMATICO EN LAS REDES FLUVIALES QUE EXPERIMENTAN SEQUIAS.

LOS OBJETIVOS ESPECIFICOS DE MACROCLIM SON LOS SIGUIENTES:
O1: RECOPILAR UNA BASE DE DATOS DE RANGOS DE TOLERANCIA TERMICA DE MACROINVERTEBRADOS ACUATICOS EN RIOS EUROPEOS Y DE GRUPOS ASOCIADOS DE RASGOS BIOECOLOGICOS.
O2: VALIDAR LAS TOLERANCIAS TERMICAS Y LA SENSIBILIDAD DE TAXONES SELECCIONADOS.
O3: CREAR UN INDICE DE CAMBIO CLIMATICO (INDICE MACROCLIM) A PARTIR DE LOS RESULTADOS DE O1 Y O2.
O4: PREDECIR LA DISTRIBUCION FUTURA DE LOS TAXONES UTILIZADOS PARA CALCULAR EL INDICE MACROCLIM.
O5: DISEÑAR UNA RED DE SITIOS PARA EL SEGUIMIENTO DEL CAMBIO CLIMATICO EN RIOS UTILIZANDO EL INDICE MACROCLIM.
O6: SENSIBILIZAR SOBRE EL CAMBIO CLIMATICO Y CAPACITAR A LOS ACTORES EN EL MONITOREO DEL CAMBIO CLIMATICO EN LOS RIOS.
LAS TAREAS ASOCIADAS PARA EL CUMPLIMIENTO DE LOS OBJETIVOS ANTES MENCIONADOS SON:
T1: EXTRAER DATOS DE BASES DE DATOS EXISTENTES Y REALIZAR UNA REVISION BIBLIOGRAFICA DE LAS TOLERANCIAS TERMICAS DE LOS MACROINVERTEBRADOS ACUATICOS.
T2: CALCULAR LAS TEMPERATURAS OPTIMAS Y TOLERANCIAS DE MACROINVERTEBRADOS ACUATICOS A PARTIR DE DATOS DE CAMPO DISPONIBLES EN DIFERENTES PROYECTOS DE INVESTIGACION Y PROGRAMAS DE SEGUIMIENTO.
T3: CREACION DE UNA LISTA DE TAXONES Y RASGOS CANDIDATOS PARA MONITOREAR EL CAMBIO CLIMATICO EN BASE A T1 Y T2.
T4: VALIDAR LA SENSIBILIDAD DE LOS TAXONES Y RASGOS ENUMERADOS EN T3 A LOS CAMBIOS DE TEMPERATURA UTILIZANDO DATOS DE CAMPO.
T5: CREACION DEL INDICE MACROCLIM A PARTIR DE LA INFORMACION PROCEDENTE DE T4.
T6: MODELADO DE LA DISTRIBUCION FUTURA DE LOS TAXONES SELECCIONADOS Y PERFILES DE RASGOS (T5) SEGUN DIFERENTES ESCENARIOS DE CAMBIO CLIMATICO.
T7: DISEÑAR UNA RED DE SITIOS DE REFERENCIA PARA MONITOREAR EL CAMBIO CLIMATICO DE ACUERDO CON LOS RESULTADOS DE T6.
T8: REALIZAR DIFERENTES ACTIVIDADES DE PARTICIPACION PUBLICA Y DE LAS PARTES INTERESADAS, INCLUIDA UNA APLICACION MOVIL.
T9: COORDINARSE CON EL PROYECTO DRYVER."
AEI:TED2021-131513B-I00;AEI;Proyectos Estratégicos Orientados a la Transición Ecológica y a la Transición Digital;2021;TED2021-131513B-I00;TENDENCIAS DE BIODIVERSIDAD Y EL IMPACTO DE LOS MOTORES DE CAMBIO GLOBAL;Ciencias y tecnologías medioambientales · Biodiversidad;AGENCIA ESTATAL CONSEJO SUPERIOR DE INVESTIGACIONES CIENTIFICAS (CSIC);Q2818002D;Aragón;fuente;HUESCA;;;;207000,00;0,00;;palabras-clave;https://www.aei.gob.es/ayudas-concedidas/buscador-ayudas-concedidas?code=TED2021-131513B-I00;"EL CAMBIO CLIMATICO Y LOS USOS DEL SUELO SON LOS PRINCIPALES MOTORES DEL ACTUAL ESCENARIO DE CAMBIO GLOBAL Y EJERCEN MULTITUD DE EFECTOS SOBRE LAS POBLACIONES, ESPECIES, EL MEDIO NATURAL Y LAS INTERACCIONES ENTRE ELLAS. EL DECLIVE EN LA BIODIVERSIDAD ES DIFICILMENTE CUANTIFICABLE Y, POR TANTO, GESTIONABLE, POR LA ENORME CANTIDAD DE ORGANISMOS IMPLICADOS, LA ESCASEZ DE MONITORIZACIONES SISTEMATICAS, Y LA VARIACION ENTRE AMBIENTES, REGIONES, Y GRUPOS BIOLOGICOS. LAS TENDENCIAS POBLACIONALES SON EXCELENTES INDICADORES DEL ESTADO DE CONSERVACION DE LOS ORGANISMOS Y LA CALIDAD DE LOS HABITATS, Y POR ELLO SE CONSIDERAN UNA DE LAS ESSENTIAL BIODIVERSITY VARIABLES, IMPRESCINDIBLES PARA IDENTIFICAR CAUSAS DE DECLIVE Y GESTION QUE MITIGUEN EL EFECTO DE LOS AGENTES QUE PROMUEVEN DINAMICAS NEGATIVAS. SIN EMBARGO, LA OBTENCION, ANALISIS Y USO DE ESTOS INDICADORES POBLACIONALES SE ENFRENTA A LA PEQUEÑA ESCALA ESPACIAL EN LA QUE SE DESARROLLAN, Y QUE A MENUDO SON DE ACCESO RESTRINGIDO. POR ELLO, UNO DE LOS GRANDES RETOS A NIVEL INTERNACIONAL ES INTEGRAR LA INFORMACION DISPONIBLE DE TENDENCIAS POBLACIONALES PARA EVALUAR EL ESTADO LA BIODIVERSIDAD, TANTO DENTRO COMO FUERA DE LA RED NATURA 2000. LAS AREAS MONTAÑOSAS TIENEN UNA AMPLIA RELEVANCIA EN TERMINOS DE BIODIVERSIDAD, SUFRIENDO INTENSOS CAMBIOS DE USOS DEL SUELO ALTERANDO LOS FRAGILES EQUILIBRIOS ECOSISTEMICOS Y SON ESPECIALMENTE VULNERABLES AL CALENTAMIENTO CLIMATICO. SIN EMBARGO, LA INFLUENCIA DIFERENCIAL DE LAS ALTERACIONES CLIMATICAS Y DE LAS MODIFICACIONES DEL HABITAT ES AUN POCO CONOCIDA. POR ELLO, EL OBJETIVO GENERAL DE ESTA PROPUESTA ES CUANTIFICAR LA TENDENCIA DE LA BIODIVERSIDAD PARA FACILITAR PRIORIDADES Y MEDIDAS DE CONSERVACION DE ESPECIES Y ECOSISTEMAS A NIVEL ESTATAL, DESDE UNA PERSPECTIVA PLURIANUAL Y MULTIESPECIFICA, Y COMO SE VE AFECTADA POR LOS DOS GRANDES MOTORES DE CAMBIO GLOBAL. OBJETIVOS:
1.	ESTABLECER UNA RED DE TRABAJO QUE RECOPILE E INTEGRE LOS SEGUIMIENTOS LTER (LONG TERM ECOLOGICAL RESEARCH) DE ESPECIES Y COMUNIDADES. 
2.	ANALIZAR Y COMPARAR LAS SERIES TEMPORALES EN FUNCION DE SU CONTEXTO BIOGEOGRAFICO, AUTO-ECOLOGICO, AMENAZA DE LAS ESPECIES Y LOCALIZACION EN LA RED NATURA 2000. 
3.	DETERMINAR LA INFLUENCIA RELATIVA DEL CAMBIO CLIMATICO FRENTE AL DE USOS DEL SUELO, EN LAS TENDENCIAS POBLACIONALES
4.	VISIBILIZAR TODOS LOS MONITOREOS DE SPECIES Y COMUNIDADES EN UN GEOPORTAL. 
PARA ELLO CONTAMOS CON UN EQUIPO DE INVESTIGACION/TRABAJO DE MAS DE 20 CIENTIFICOS Y REPRESENTANTES DE ONGS QUE FACILITARIAN LOS RESULTADOS DE SUS MONITOREOS Y/ O REALIZARAN REVISITAS DURANTE EL PROYECTO, GENERANDOSE ASI INDICADORES DE TENDENCIAS PARA UNAS 850 ESPECIES DE PLANTAS, ANIMALES Y PROTISTAS, EN MAS DE 1000 LOCALIDADES DIFERENTES.  

NUESTRA PROPUESTA SE ENCUADRA EN EL MARCO DE UNA INVESTIGACION DE ALTA CALIDAD E INTERNACIONALIZACION, DENTRO DEL EJE TRANSICION ECOLOGICA POR DIRIGIRSE A CONTRIBUIR AL IEPNB Y MEJORAR LA PROTECCION DE LOS RECURSOS NATURALES, PUES LA PERDIDA DE BIODIVERSIDAD SUPONE DETRACCION DE SERVICIOS ECOSISTEMICOS, Y LA PROTECCION Y RESTAURACION CONSTITUYE UNO DE LOS SEIS OBJETIVOS MEDIOAMBIENTALES DENTRO DE LA TRANSICION ECOLOGICA (REGLAMENTO UE 2020/852). IGUALMENTE, DENTRO DEL EJE TRANSICION DIGITAL, POTENCIANDO EL USO DE INDICADORES DEL ESTADO DE LOS RECURSOS NATURALES EN PLATAFORMAS DIGITALES, FACILITANDO EL PROGRESO CIENTIFICO Y DANDO SOPORTE A LAS POLITICAS PUBLICAS DE GESTION PARA LA CONSERVACION, CANALIZACION Y DIVERSIFICACION DEL TURISMO SOSTENIBLE."
AEI:TED2021-131622B-I00;AEI;Proyectos Estratégicos Orientados a la Transición Ecológica y a la Transición Digital;2021;TED2021-131622B-I00;EFECTIVIDAD DE LAS SOLUCIONES BASADAS EN LA NATURALEZA EN LA CONSERVACION DEL CORALIGENO MEDITERRANEO FRENTE AL CAMBIO CLIMATICO;Ciencias y tecnologías medioambientales · Ciencias y tecnologías marinas;UNIVERSIDAD DE BARCELONA;Q0818001J;Cataluña;fuente;BARCELONA;;;;141450,00;0,00;;resumen;https://www.aei.gob.es/ayudas-concedidas/buscador-ayudas-concedidas?code=TED2021-131622B-I00;"LAS SOLUCIONES BASADAS EN LA NATURALEZA (SBN) HAN ATRAIDO UN CONSIDERABLE INTERES CIENTIFICO Y PUBLICO DURANTE LOS ULTIMOS AÑOS CON EL FIN DE ABORDAR LOS DESAFIOS SOCIALES A TRAVES DE LA PROTECCION, LA GESTION SOSTENIBLE Y LA RESTAURACION DE LOS ECOSISTEMAS, BENEFICIANDO TANTO A LA BIODIVERSIDAD COMO AL BIENESTAR HUMANO. SIN EMBARGO, HASTA LA FECHA, NO SE HA EVALUADO RIGUROSAMENTE EL POTENCIAL DE LAS SBN PARA PROPORCIONAR LOS BENEFICIOS PREVISTOS CONTRA EL CAMBIO CLIMATICO. AL SER UN PUNTO CALIENTE DE BIODIVERSIDAD Y CAMBIO CLIMATICO, EL MAR MEDITERRANEO ES UNO DE LOS MEJORES LABORATORIOS NATURALES DEL MUNDO PARA EXPLORAR SI LAS SBN PUEDEN APOYAR LA ADAPTACION DE LOS ECOSISTEMAS MARINOS FRENTE AL CAMBIO GLOBAL. EL PROYECTO CORFUN SE CENTRARA EN LA EVALUACION DE LA EFICACIA DE DOS SBN (AREAS MARINAS PROTEGIDAS Y ESTRATEGIAS DE RESTAURACION) PARA PRESERVAR LA INTEGRIDAD Y EL FUNCIONAMIENTO DEL CORALIGENO MEDITERRANEO. LA IMPORTANCIA DE ESTE HABITAT POR SU ELEVA BIODIVERSIDAD ASOCIADA Y OTROS SERVICIOS ECOSISTEMICOS PROPORCIONADOS HA SIDO RECONOCIDA EN DIFERENTES CONVENIOS INTERNACIONALES, EUROPEOS Y NACIONALES. CORFUN AMPLIARA LAS ESCALAS ESPACIALES EXPLORADAS HASTA LA FECHA, INTEGRANDO VARIAS AREAS CON DIFERENTE NIVELES DE PROTECCION (INCLUYENDO DESDE RESERVAS INTEGRALES HASTA AREAS INTEGRADAS EN LA RED N2000) Y DIFERENTES REGIMENES TERMICOS.  LOS OBJETIVOS ESPECIFICOS DE CORFUN SON: 1) EXPLORAR LA DISTRIBUCION Y EL ESTADO DE CONSERVACION DEL CORALIGENO EN AREAS PROTEGIDAS Y NO PROTEGIDAS A TRAVES DEL CONOCIMIENTO ECOLOGICO LOCAL Y ACTIVIDADES DE CIENCIA CIUDADANA; 2) ESTUDIAR LA ESTRUCTURA DEMOGRAFICA DE LAS PRINCIPALES ESPECIES FORMADORAS DE HABITAT EN DIFERENTES REGIMENES TERMICOS Y DE PROTECCION; 3) EVALUAR LA CAPACIDAD DE RECUPERACION DEL CORALIGENO, A PARTIR DE DEL ESTUDIO DEL IMPACTO EN LA REPRODUCCION Y RECLUTAMIENTO, EN DOS ESPECIES CLAVE CON DIVERSOS MODOS DE REPRODUCCION; 4) EXPLORAR COMO LA ESTRUCTURA FUNCIONAL DEL CORALIGENO HA RESPONDIDO AL CAMBIO CLIMATICO EN LAS DIFERENTES AREAS DE ESTUDIO; 5) EXPLORAR LAS ESCALAS TEMPORALES NECESARIAS PARA RECUPERAR LA FUNCIONALIDAD DEL CORALIGENO A TRAVES DE LA RESTAURACION DE ESPECIES FORMADORAS DE HABITAT; Y 6) PROPORCIONAR INFORMACION SOLIDA PARA EVALUAR LA EFECTIVIDAD DE LAS NBS CON EL FIN DE AYUDAR  A DISEÑAR PLANES DE GESTION EFECTIVOS Y ESPECIFICOS QUE TENGAN EN CUENTA EL CAMBIO CLIMATICO DENTRO DE LAS AMP DEL ESTUDIO. PARA LOGRAR ESTOS OBJETIVOS, CORFUN ADOPTARA UNA APROXIMACION INTERDISCIPLINAR COMBINANDO METODOS DE LA ECOLOGIA DE POBLACIONES Y DE COMUNIDADES, ACTIVIDADES DE CIENCIA CIUDADANA, ESTUDIOS OBSERVACIONALES Y EXPERIMENTALES Y HERRAMIENTAS CUANTITATIVAS. LA PROPUESTA ESTA TOTALMENTE ALINEADA CON LOS OBJETIVOS DE DESARROLLO SOSTENIBLE Y LAS TRANSICIONES ECOLOGICA Y DIGITAL QUE ESTABLECE EL PACTO VERDE EUROPEO Y, EN CONCRETO, CON LOS DOS OBJETIVOS PRINCIPALES DE LA ESTRATEGIA DE BIODIVERSIDAD 2030 QUE SON: I) MEJORAR Y AMPLIAR LA RED DE AREAS PROTEGIDAS Y II) DESARROLLAR UN AMBICIOSO PLAN DE RESTAURACION DE LA NATURALEZA DE LA UE"
AEI:TED2021-131704A-I00;AEI;Proyectos Estratégicos Orientados a la Transición Ecológica y a la Transición Digital;2021;TED2021-131704A-I00;WEB ONLINE DE NUMISMATICA. DATOS, ENTORNO Y RECONOCIMIENTO DE MONEDAS - HISPANIA;Estudios del pasado: historia y arqueología · Arqueología;UNIVERSIDAD DE CADIZ;Q1132001G;Andalucía;fuente;CADIZ;;;;168360,00;0,00;;resumen;https://www.aei.gob.es/ayudas-concedidas/buscador-ayudas-concedidas?code=TED2021-131704A-I00;"WONDERCOINS-HIS SE PROPONE COMO PROYECTO BIANUAL PARA LA IMPLEMENTACION DE UNA PLATAFORMA ONLINE PARA LA INVESTIGACION ACADEMICA Y PARA LA GESTION, PRESERVACION Y DIFUSION DEL PATRIMONIO NUMISMATICO DE LA ANTIGUA HISPANIA, ENMARCANDOSE EN UNA ACTIVA LINEA INTERNACIONAL DE IMPULSO A LAS HUMANIDADES DIGITALES PARA LA SOCIEDAD. LA PRESENTE PROPUESTA PRETENDE COFINANCIAR, DAR SOLIDEZ Y CONTINUIDAD AL PROYECTO (PAIDI-PY20_01295: WONDERCOINS-HIS) WEB ONLINE DE NUMISMATICA. DATOS, ENTORNO Y RECONOCIMIENTO DE MONEDAS-HISPANIA, RECIENTEMENTE CONCEDIDO EN LA CONVOCATORIA DE SUBVENCIONES A «PROYECTOS DE I+D+I» UNIVERSIDADES Y ENTIDADES PUBLICAS DE INVESTIGACION DE LA JUNTA DE ANDALUCIA (BOJA N.º119, DE 23 DE JUNIO DE 2020). SE TRATA DE UNA INICIATIVA MARCADAMENTE INTERDISCIPLINAR DONDE SE ASPIRA A TRANSFERIR A LA SOCIEDAD EL CONOCIMIENTO CIENTIFICO GENERADO SOBRE EL PATRIMONIO HISTORICO-ARQUEOLOGICO GRACIAS A LOS MEDIOS DIGITALES.
ESTE SISTEMA INFORMATICO DESARROLLA UN GRAFO DE CONOCIMIENTO (KNOWLEDGE GRAPH) PARA SU APLICACION AL ESTUDIO DE MULTIPLES REALIDADES ARQUEOLOGICAS CONCRETAS APOYANDOSE EN LOS PRINCIPIOS DE LA CIENCIA CIUDADANA, DE MANERA QUE PROPORCIONARA EN EL FUTURO Y DE FORMA CONTINUA RESULTADOS DE INVESTIGACION DIFICILMENTE ALCANZABLES SI NO SE DISPUSIERA DE SUS FUNCIONALIDADES, DEMOSTRANDO SU UTILIDAD REAL Y FAVORECIENDO LA DIGITALIZACION DEL CONOCIMIENTO DEL PATRIMONIO ARQUEOLOGICO. SE BASA EN LA MEJORA DE MODELOS DE DATOS YA EXPERIMENTADOS INTERNACIONALMENTE POR INSTITUCIONES PERTENECIENTES A INICIATIVAS ESTABLECIDAS EN LINKED OPEN DATA COMO NOMISMA.ORG O EL PROYECTO EUROPEO ARCH, CON LAS QUE EL EQUIPO DEL PROYECTO WONDERCOINS-HIS YA COLABORAN. SU OBJETIVO PRINCIPAL ES CORREGIR LA ESCASA PARTICIPACION ESPAÑOLA EN LA ACTIVA LINEA INTERNACIONAL DE DIGITALIZACION DEL PATRIMONIO NUMISMATICO, PERMITIENDO INTEGRAR NUESTRO PAIS EN DINAMICAS CONSOLIDADAS A NIVEL EUROPEO EN ESTA MATERIA COMO DARIAH (DIGITAL RESEARCH INFRAESTRUCTURE FOR THE ARTS AND HUMANITIES) Y ECFN (EUROPEAN COIN FIND NETWORK). FACILITARA LA COLABORACION ENTRE PROYECTOS INTERRELACIONADOS, PUESTO QUE COOPERAN DIVERSAS UNIVERSIDADES E INSTITUCIONES NACIONALES E INTERNACIONALES Y CUENTA CON EL APOYO E INTERES MANIFIESTO DE MAS DE QUINCE MUSEOS NACIONALES Y TRES INTERNACIONALES, ASI COMO DE LA AMERICAN NUMISMATICS SOCIETY, LA UNIVERSIDAD DE PAU Y LA UNIVERSIDAD DE OXFORD. BAJO ESTA RESPONSABILIDAD, EL OBJETIVO PRINCIPAL DEL PROYECTO OBLIGA A DAR RESPUESTA AL RETO DE POSICIONAR DIGITALMENTE LA NUMISMATICA ESPAÑOLA AL MISMO NIVEL QUE EL RESTO DE LA COMUNIDAD INTERNACIONAL.
SE PRESENTA POR TANTO COMO UNA PROPUESTA DE GRAN INTERES POR SU CARACTER INSTRUMENTAL Y DE TRANSFERENCIA, SUBRAYANDO SU VALOR AL PRETENDER UNIFICAR Y HOMOGENEIZAR EN UNA MISMA PLATAFORMA ONLINE INFORMACION ARQUEOLOGICA DE GRAN INTERES QUE HOY EN DIA CARECE DE SUFICIENTES MEDIOS DE DIFUSION DIGITAL NACIONAL E INTERNACIONAL. SU IMPACTO Y UTILIDAD PARA LA SOCIEDAD ES INMEDIATO, PUESTO QUE LOS CONTENIDOS DIGITALIZADOS ESTARAN DISPONIBLES PARA SU CONSULTA EN CUANTO SEAN SUBIDOS A LA PLATAFORMA. POR TODO LO EXPRESADO, EL DESARROLLO DEL PROYECTO CONSEGUIRA COMO RESULTADO, A PARTIR DE LA COLABORACION INTERNACIONAL, UN SIGNIFICATIVO APORTE AL IMPULSO DE LA DIGITALIZACION DEL PATRIMONIO ARQUEOLOGICO NUMISMATICO Y CON ELLO A LA PROTECCION Y DIFUSION DEL PATRIMONIO HISTORICO ESPAÑOL A ESCALA INTERNACIONAL."
AEI:TED2021-132147B-I00;AEI;Proyectos Estratégicos Orientados a la Transición Ecológica y a la Transición Digital;2021;TED2021-132147B-I00;PLATAFORMA DE MICROSCOPIA DIGITAL APLICADO A LA IDENTIFICACION DE FITOPLANCTON;Producción industrial, ingeniería civil e ingenierías para la sociedad · Ingeniería eléctrica, electrónica y automática;UNIVERSIDAD DE CASTILLA-LA MANCHA;Q1368009E;Castilla-La Mancha;fuente;CIUDAD REAL;;;;164105,00;0,00;;resumen;https://www.aei.gob.es/ayudas-concedidas/buscador-ayudas-concedidas?code=TED2021-132147B-I00;"AVANCES EN MICROSCOPIA DIGITAL ABREN ENORMES POSIBILIDADES PARA EL DESARROLLO DE HERRAMIENTAS DE INTELIGENCIA ARTIFICIAL (IA) Y LA EVALUACION DE NUEVOS Y EFICIENTES SISTEMAS DE IMAGEN. EL DESAFIO ES USAR DE MANERA EFICIENTE ESTAS TECNOLOGIAS EMERGENTES, TANTO DE HARDWARE COMO DE SOFTWARE, PARA PROCESAR TODOS LOS DATOS DISPONIBLES. ASI, LA MICROSCOPIA DIGITAL CONSISTE EN EL DISEÑO CONJUNTO DE SOFTWARE Y HARDWARE, OPTIMIZANDO EL FLUJO DE TRABAJO DESDE LA ADQUISICION HASTA EL ANALISIS. UNA DE LAS MUCHAS APLICACIONES DE LA MICROSCOPIA DIGITAL EN BIOLOGIA ES LA IDENTIFICACION DE FITOPLANCTON (GRUPOS DE AGUA DULCE: DIATOMEAS Y CIANOBACTERIAS).
LA IDENTIFICACION Y CUANTIFICACION PRECISA DE FITOPLANCTON SON TAREAS FUNDAMENTALES PARA LA GESTION DE CUENCAS HIDROGRAFICAS, LA PRODUCCION DE AGUA POTABLE, EL USO RECREATIVO DEL AGUA Y SU REUTILIZACION. EN LA PRACTICA RUTINARIA ESTO SE HACE MANUALMENTE CON EL MICROSCOPIO, LO CUAL ES COSTOSO, EN TIEMPO Y RECURSOS. SE NECESITAN METODOS DE IDENTIFICACION Y CUANTIFICACION AUTOMATICA, RAPIDOS Y FIABLES. ES FUNDAMENTAL IMPLEMENTAR LA MEDICION AUTOMATICA A TRAVES DE SENSORES U OTRAS HERRAMIENTAS ANALITICAS PARA HABILITAR SISTEMAS DE ALARMA TEMPRANA PARA GESTION DE RECURSOS HIDRICOS.
HAREMOS UN ENFOQUE DE MICROSCOPIA ""COMBINADO"" BASADO EN UN SISTEMA IN SITU DE BAJO COSTE PARA LA ADQUISICION AUTOMATICA DE IMAGENES FLUORESCENTES Y DE CAMPO CLARO. ADEMAS, SE UTILIZARAN METODOS DE IA DE VANGUARDIA BASADOS EN APRENDIZAJE PROFUNDO PARA IDENTIFICAR Y CARACTERIZAR ESTRUCTURAS DE INTERES PARA LA APLICACION EN CUESTION, INTEGRADO TODO ELLO EN UNA PLATAFORMA.
ESTE PROYECTO CONTRIBUYE A LOS DESAFIOS DE LA TRANSICION ECOLOGICA Y DIGITAL. LA DIGITALIZACION DEMOCRATIZA LA INVESTIGACION BASADA EN COLECCIONES Y ES FUNDAMENTAL PARA ESTABLECER Y ANALIZAR LINEAS DE BASE BIOLOGICAS PARA EVALUAR LOS EFECTOS DEL CAMBIO CLIMATICO, LOS CAMBIOS EN EL USO DE LA TIERRA, LAS INVASIONES DE ESPECIES Y LA EXTINCION ACTUAL DE ESPECIES. MUCHOS DESAFIOS DE IDENTIFICACION TAXONOMICA, PARTICULARMENTE PARA GRUPOS TAXONOMICOS BIEN CONOCIDOS, PODRIAN SIMPLIFICARSE EN GRAN MEDIDA MEDIANTE LA AUTOMATIZACION. EL USO GENERALIZADO DE TECNICAS DE IA PARA IDENTIFICAR ESPECIMENES Y GRUPOS OBJETIVO QUE NECESITAN ATENCION, COMBINADO CON LA CAPACITACION DE TAXONOMOS EXPERTOS, MEJORARIA LA UTILIDAD DE LA RECOLECCION PARA LA INVESTIGACION, LA ENSEÑANZA Y LA GESTION. EL ESCENARIO IDEAL SERIA PROPORCIONAR A LOS INVESTIGADORES PLATAFORMAS COLABORATIVAS EN LINEA QUE INCLUYAN COLECCIONES DIGITALIZADAS, ASI COMO HERRAMIENTAS DE IA CAPACES DE IDENTIFICAR Y CLASIFICAR TAXONES. ESTA PLATAFORMA EN LINEA PODRIA MEJORARSE CON HERRAMIENTAS DE PROCESAMIENTO ADICIONALES QUE HAGAN USO DE DATOS Y METADATOS COMPLEMENTARIOS.
NUESTRA PROPUESTA SE CENTRARA EN LOS TAXONES DE AGUA DULCE, CON EL PROPOSITO DE DESARROLLAR UN CENTRO TAXONOMICO INTEGRAL MEDIANTE EL USO DE HERRAMIENTAS BASADAS EN IA Y SISTEMAS TECNOLOGICOS AVANZADOS. LOS OBJETIVOS SON:A) DESARROLLAR UNA PLATAFORMA WEB DE CODIGO ABIERTO QUE INTEGRE HERRAMIENTAS DE IA PARA LA IDENTIFICACION DE FITOPLANCTON Y AYUDAR A LOS BIOLOGOS A CREAR BASES DE CONOCIMIENTO Y GUIAS DE CAMPO; B) IMPLEMENTAR UN DISPOSITIVO DE BAJO COSTE PARA LA ADQUISICION DE IMAGENES PARA EL MONITOREO IN SITU CON COMPUTACION DE BORDE; C) DESARROLLAR CONJUNTOS DE DATOS FACILMENTE ACCESIBLES Y UTILIZABLES Y D) DIFUNDIR Y DIVULGAR A DIFERENTES NIVELES, INCLUIDAS ACCIONES PARA EVALUAR LA PLATAFORMA, ASI COMO CIENCIA CIUDADANA Y TRANSFERENCIA DE CONOCIMIENTO."
AEI:TED2021-132188B-I00;AEI;Proyectos Estratégicos Orientados a la Transición Ecológica y a la Transición Digital;2021;TED2021-132188B-I00;INVESTIGACION, DESARROLLO E INNOVACION DE UNA RED DE OBSERVACION COSTERA: RIA DE AROUSA;Ciencias y tecnologías medioambientales · Ciencias y tecnologías marinas;AGENCIA ESTATAL CONSEJO SUPERIOR DE INVESTIGACIONES CIENTIFICAS (CSIC);Q2818002D;Galicia;fuente;PONTEVEDRA;;;;244950,00;0,00;;resumen;https://www.aei.gob.es/ayudas-concedidas/buscador-ayudas-concedidas?code=TED2021-132188B-I00;"ACTUALMENTE, EXISTE CONSENSO CIENTIFICO EN QUE EL CAMBIO GLOBAL ACTUAL ESTA RELACIONADO LAS ACTIVIDADES ANTROPOGENICAS DEBIDO A LAS ENORMES CANTIDADES DE GASES DE EFECTO INVERNADERO LIBERADAS A LA ATMOSFERA DESDE LA ERA PREINDUSTRIAL (IPCC 2021). EL PAPEL DE LOS OCEANOS ES CLAVE PARA LA MITIGACION DEL CAMBIO CLIMATICO, PERO COMO CONTRAPARTIDA, LOS OCEANOS ESTAN EXPERIMENTANDO UN CALENTAMIENTO PROGRESIVO, DISMINUCION GRADUAL DE SUS VALORES DE PH Y DESOXIGENACION. ESTAS AMENAZAS, CONOCIDAS COMO EL TRIPLE WHAMMY DE LOS ECOSISTEMAS MARINOS, HAN SIDO CONSIDERADAS COMO INDICADORES A VIGILAR POR EL IPCC CON EL FIN DE ALCANZAR LOS OBJETIVOS DE DESARROLLO SOSTENIBLE (ODS) PARA 2030.
LOS IMPACTOS DEL CAMBIO GLOBAL EN LAS AGUAS COSTERAS SON ESPECIALMENTE PREOCUPANTES PORQUE SON LOS ECOSISTEMAS MAS IMPORTANTES DESDE EL PUNTO DE VISTA SOCIOECONOMICO. LOS ECOSISTEMAS DE AFLORAMIENTO (CHAVEZ Y MESSIE, 2009) COMO HABITAT COSTERO SON RESPONSABLES DEL 50% DE LA PRODUCCION PESQUERA TOTAL (FAO, 1997). LA COSTA DE GALICIA ES LA ZONA DE AFLORAMIENTO MAS IMPORTANTE DE EUROPA, REPRESENTANDO EL 42% DE LAS CAPTURAS PESQUERAS ESPAÑOLAS Y PRODUCIENDO EL 20% DEL TOTAL DE LA ACUICULTURA EN EUROPA. EN ESTAS AGUAS YA SE HAN OBSERVADO IMPORTANTES CAMBIOS BIOGEOQUIMICOS DURANTE LAS ULTIMAS DECADAS: CALENTAMIENTO (ROSON ET AL., 2009); INTENSA ACIDIFICACION (PADIN ET AL., 2020), PROLIFERACION DE FLORACIONES DE ALGAS NOCIVAS (HABS; PEREZ ET AL., 2010) E INCLUSO SOBRE RECURSOS MARINOS, COMO LA REDUCCION DE LAS CAPTURAS ANUALES DE SARDINA (CARRERA Y PORTEIRO, 2003) O ALTAS MORTALIDADES EN LA COMUNIDAD DE BIVALVOS POR EVENTOS DE BAJA SALINIDAD (ARANGUREN ET AL. 2014). 
LAS RECOMENDACIONES DEL PLAN NACIONAL DE ADAPTACION AL CAMBIO CLIMATICO 2021-2023 Y PROGRAMAS INTERNACIONALES COMO LA INICIATIVA JPI OCEANS Y LA RED GOA-ON, SEÑALAN LA NECESIDAD DE QUE LA COMUNIDAD CIENTIFICA ABORDE LAS SIGUIENTES CUESTIONES: 
1.  DESARROLLAR INICIATIVAS PARA LA GENERACION DE INFORMACION Y PRODUCTOS RELEVANTES PARA INFORMAR A LOS RESPONSABLES POLITICOS Y PUBLICO EN GENERAL SOBRE EL CAMBIO GLOBAL Y LA SALUD DEL ECOSISTEMA MARINO.
2.	DETERMINAR LAS RESPUESTAS E IMPACTOS BIOLOGICOS A LOS CAMBIOS QUIMICOS, LA PROMOCION DEL DESARROLLO DE LA TECNOLOGIA DE SENSORES, EL CRECIMIENTO DE LOS CENTROS Y REDES REGIONALES.  
3.	APOYO A LAS INICIATIVAS DE DIVULGACION Y CIENCIA CIUDADANA CENTRADAS EN LOS EFECTOS DEL CAMBIO CLIMATICO.
EL CONSORCIO REDEIRA PRETENDE REPRESENTAR UN PASO DECISIVO PARA ABORDAR ESTAS CUESTIONES. LOS OBJETIVOS GENERALES PROPUESTOS PARA RESPONDER A ESTA DEMANDA SON
1.	GENERAR CONOCIMIENTO CIENTIFICO RELACIONADO CON LOS RIESGOS ASOCIADOS AL CAMBIO GLOBAL SOBRE LAS ZONAS COSTERAS A PARTIR DE UNA PLATAFORMA DE INFORMACION, EXTRAPOLABLE A OTRAS ZONAS DE INTERES SOCIOECONOMICO Y A LAS AREAS MARINAS PROTEGIDAS A NIVEL ESTATAL.
2.	CONSTRUIR UNA RED DE OBSERVACION DE VARIABLES BIOGEOQUIMICAS Y BIOSENSORES EN TIEMPO CASI REAL EN LA RIA DE AROUSA Y PLATAFORMA ADYACENTE.
3.	IMPLEMENTACION DE UN SISTEMA DE MONITORIZACION OCEANOGRAFICA EN TIEMPO CASI REAL Y PREDICTIVO Y CREACION DE BASES DE DATOS HISTORICAS DE LA RIA DE AROUSA.
4.	ANALISIS DE TENDENCIAS EN EL CONTEXTO DEL CAMBIO GLOBAL Y DETECCION TEMPRANA DE EVENTOS METEOROLOGICOS EXTREMOS.
5.	DESARROLLAR HERRAMIENTAS Y RECURSOS DIGITALES PARA LA PUBLICACION Y VISUALIZACION DE INDICADORES, PRODUCTOS Y SERVICIOS AMBIENTALES.
6.	CONCIENCIAR Y MEJORAR LA COMUNICACION CON LOS AGENTES SOCIALES DE LOS RIESGOS DEL CAMBIO GLOBAL."
FB:18600;FB;Convocatorias de ayudas;2021;18600;Seguimiento acústico del comportamiento del angelote (Squatina squatina) en áreas críticas de conservación (Acusquat‐II);Ecosistemas marinos;Universidad de Las Palmas de Gran Canaria ULPGC;;Canarias;nombre;;;2021;;0,00;0,00;Fundación Biodiversidad;resumen;https://fundacion-biodiversidad.es/proyectos_ficha/acusquat-ii/;"El proyecto ha permitido ampliar la información disponible sobre el comportamiento, los hábitos migratorios y la distribución del angelote (Squatina squatina), con la intención de poder elaborar un futuro plan de conservación y recuperación de sus poblaciones en las Islas Canarias.
Según los datos, las poblaciones se aproximan a zonas costeras resguardadas, principalmente en los meses invernales, entre noviembre y febrero, que es cuando ocurre el apareamiento, para luego desplazarse a aguas más profundas.
Gracias a actuaciones de ciencia ciudadana se ha recopilado aportada por pescadores, buceadores y científicos, reportando avistamientos y capturas accidentales de ejemplares adultos de angelote próximos a los 100 metros de profundidad.
Se destaca que una de las mayores amenazas para la especie radica en que muchas de las áreas reproductivas coinciden con playas de elevado interés y desarrollo turístico, lo que hace necesaria una mayor labor de concienciación a los usuarios.
El proyecto contribuye a los objetivos del proyecto LIFE INTEMARES.
Objetivos: El objetivo principal del proyecto ha sido estudiar el comportamiento espacio-temporal del angelote y su interacción con actividades humanas en el entorno de áreas críticas para su conservación, contribuyendo a su futuro Plan de Recuperación.
Entre los objetivos específicos destacan:
Consolidar la red de telemetría acústica ya iniciada en el SO de Gran Canaria para monitorizar el comportamiento de la especie en el entorno de áreas críticas para su conservación.
Desarrollar nuevas metodologías y estrategias que complementen la eficacia de la red fija de monitorización acústica con receptores móviles (desde embarcación y/o conectados a vehículos autónomos) para estudiar la “fase oscura” del angelote, coincidente con su migración estacional hacia aguas profundas.
Favorecer procesos de gobernanza y participación social en torno a la conservación de la especie: contribuciones al Plan de Recuperación.
Difusión de los resultados a la sociedad y sensibilización en torno a la conservación de la especie."
FB:22479;FB;Convocatorias de ayudas;2021;22479;Investigación y ciencia ciudadana para mejorar la gestión de la presencia de plásticos de las Áreas Marinas Protegidas;Ecosistemas marinos;Universidad de Alicante;;Comunidad Valenciana;nombre;;;2021;;0,00;0,00;;titulo;https://fundacion-biodiversidad.es/proyectos_ficha/investigacion-y-ciencia-ciudadana-para-mejorar-la-gestion-de-la-presencia-de-plasticos-de-las-areas-marinas-protegidas/;"El proyecto ha utilizado la ciencia ciudadana para contribuir a la mejora de la gestión de las Áreas Marinas Protegidas (AMP) y minimizar el impacto de las basuras marinas en las playas españolas.
Se han extraído datos recogidos en 881 localizaciones de toda España, obteniéndose una media de residuos recogida por playa de 130 kilogramos y 1.600 objetos.
Los desechos predominantes son elementos de origen terrestre de un solo uso, principalmente colillas de cigarrillos, trozos de plásticos, tapones de botellas y envoltorios de comidas, ambos de plástico.
Se ha comprobado que los factores oceanográficos, como las corrientes y el oleaje, pueden contribuir a la acumulación de microplásticos.
En el marco del proyecto también se han identificado zonas con elevada densidad de basuras marinas que pueden afectar a la cría de pardela balear.
Se ha conseguido la participación de 66 voluntarios a lo largo de 3 jornadas de limpieza de la playa de Agua Amarga (Alicante).
Objetivos: El objetivo general del proyecto ha sido contribuir a la consecución del décimo descriptor del buen estado ambiental (“basuras marinas”) de las Estrategias marinas españolas en Áreas Marinas Protegidas (AMP).
Los objetivos específicos han sido los siguientes:
Evaluar el nivel de contaminación de basuras marinas de gran tamaño en Áreas Marinas Protegidas.
Evaluar el nivel de contaminación de microplásticos en AMP.
Involucrar a la sociedad mediante voluntariado de recogida de basuras y ciencia ciudadana.
Informar y asesorar en medidas de gestión para la minimización de la contaminación por basuras marinas en Áreas Marinas Protegidas.
Facilitar la implementación de la red de monitorización de basuras marinas en las AMP para perseguir el buen estado medioambiental en el descriptor “basuras marinas” de la estrategia marina española."
FB:47747;FB;Convocatorias de ayudas;2021;47747;Red de observación de la biodiversidad marina y pesquera de Galicia y Cantábrico (DIVERSIMAR);Ecosistemas marinos;Instituto Español de Oceanografía (IEO);;Madrid;manual;;;2021;;0,00;0,00;Fundación Biodiversidad;resumen;https://fundacion-biodiversidad.es/proyectos_ficha/diversimar/;"El proyecto ha contribuido al aumento del conocimiento sobre la biodiversidad marina en la costa gallega y cantábrica.
El catálogo de biodiversidad marina ha reunido datos identificativos de 142 especies de peces e invertebrados.
DIVERSIMAR pretende responder a la necesidad actual de tener información accesible, estandarizada y revisada de la distribución de las especies, que ayude a los usuarios del mar y a los gestores a desarrollar planes de control y estrategias de conservación.
El programa de ciencia ciudadana del proyecto ha permitido promover la participación pública, combinando investigación con educación ambiental y divulgación científica, consiguiéndose un total de 437 avistamientos de especies.
La iniciativa está alineada con los objetivos del proyecto LIFE INTEMARES.
Objetivos: El objetivo principal del proyecto ha sido el diseño, desarrollo e implantación de una red de observación de la biodiversidad marina y pesquera de Galicia y el Cantábrico.
Los objetivos específicos han sido los siguientes:
Obtener una herramienta para la información y el seguimiento de la biodiversidad marina y pesquera en Galicia y el Cantábrico.
Establecer una red de colaboración con los sectores implicados en el medio marino en el área y a través de metodologías de ciencia ciudadana."
FB:97851616;FB;Convocatorias de ayudas;2021;97851616;Conservación y restauración de praderas de ‘Cymodocea nodosa’: una herramienta clave en la preservación de la biodiversidad y los servicios ecosistémicos, y la mitigación, adaptación y resiliencia ante el cambio climático (SEASTORE);Ecosistemas marinos;Universidad de La Laguna;;Canarias;nombre;;;2021;;88800,00;136889,22;Fundación Biodiversidad;resumen;https://fundacion-biodiversidad.es/proyectos_ficha/conservacion-y-restauracion-de-praderas-de-cymodocea-nodosa-una-herramienta-clave-en-la-preservacion-de-la-biodiversidad-y-los-servicios-ecosistemicos-y-la-mitigacion-adaptacion-y-resiliencia-a/;"El proyecto ha impulsado la conservación y restauración de praderas de la fanerógama marina Cymodocea nodosa en las islas Canarias con el objetivo de actualizar su estado ecológico, identificar zonas potenciales de restauración y realizar pruebas piloto.
La investigación ha permitido estudiar su rol como sumideros de carbono y su contribución a las pesquerías locales, valorar en términos económicos dichos servicios ecosistémicos, realizar pruebas de restauración activa de sebadales y el primer estudio de la retención de microplásticos en este ecosistema de Canarias.
Además, se han elaborado dos protocolos: uno de restauración y otro de seguimiento de sebadales en Canarias asociado a una red de ciencia ciudadana y un programa de seguimiento apoyado en dicha red.
La iniciativa está alineada con los objetivos del proyecto LIFE INTEMARES.
Objetivos: El objetivo principal del proyecto ha sido impulsar la conservación y restauración de los sebadales, las praderas de la fanerógama marina Cymodocea nodosa en las Islas Canarias, en consonancia con las necesidades identificadas y los enfoques concretados en políticas y planes nacionales (Ley de Protección del Medio Marino, Plan Estratégico del Patrimonio Natural y la Biodiversidad, Marco de Acción Prioritaria 2021-2027) y europeos (MSFD, Pacto Verde, Estrategia de Biodiversidad 2030, Directiva Hábitats – Red Natura 2000), potencialmente extrapolable y escalable al resto de zonas de distribución de la especie.
Los objetivos específicos son:
Actualizar la cartografía de las praderas seleccionadas, generando un mapeo sencillo y estandarizado, en consonancia con el Protocolo del SIG del proyecto LIFE-IP-INTEMARES, de utilidad en futuros programas de conservación y restauración.
Determinar el estado de conservación y el valor potencial de las praderas seleccionadas, mediante la estimación de su estado ecológico, potencial de resiliencia y servicios ecosistémicos y valor económico.
Identificar zonas potenciales de restauración de praderas de Cymodocea nodosa en las inmediaciones de las zonas estudiadas, generando una metodología extrapolable a otras áreas y/o especies de fanerógamas marinas.
Desarrollar un protocolo de restauración de praderas de Cymodocea nodosa de utilidad en la elaboración de planes de restauración y en programas de capacitación específicos, y realizar pruebas piloto de restauración.
Elaborar un programa de seguimiento de praderas de Cymodocea nodosa estandarizado, de utilidad en el monitoreo del estado de conservación y de acciones de restauración, basado en una red de ciencia ciudadana certificada, integrada en el programa promovido por la alianza entre el proyecto LIFE-IP-INTEMARES y la plataforma de ciencia ciudadana “Observadores del mar”.
Proponer medidas de protección singulares de las praderas potencialmente resilientes y de mayor valor de entre las estudiadas, para garantizar su conservación, así como medidas específicas para restablecer el estado de conservación favorable del resto de praderas, con un plan de seguimiento asociado basado en la red de ciencia ciudadana certificada."
FB:97853129;FB;Convocatorias de ayudas;2021;97853129;Seguimiento, recuperación y acciones de ciencia ciudadana en las poblaciones remanentes de ‘Pinna nobilis’ del Delta del Ebro y el Mar Menor;Ecosistemas marinos;Institut de Recerca i Tecnologia Agroalimentàries (IRTA);;Cataluña;manual;;;2021;2023;72415,00;112533,80;Fundación Biodiversidad;titulo;https://fundacion-biodiversidad.es/proyectos_ficha/seguimiento-recuperacion-y-acciones-de-ciencia-ciudadana-en-las-poblaciones-remanentes-de-pinna-nobilis-del-delta-del-ebro-y-el-mar-menor/;"Se han realizado censos poblacionales y medición de las condiciones del medio sobre la nacra en las dos últimas poblaciones que quedan en aguas españolas: la del Delta del Ebro y el Mar Menor.
Como resultado, se ha evidenciado su situación crítica, pero también la persistencia de algunas poblaciones.
Se han llevado a cabo actividades de voluntariado, de sensibilización y comunicación para dar a conocer la especie y su importancia, así como disminuir los posibles impactos directos.
Objetivos: El objetivo principal es aumentar el conocimiento para lograr la supervivencia de la nacra (Pinna nobilis) mediante actuaciones de manipulación y seguimiento poblacional y de las características del medio, dirigidas a preservar la diversidad genética de la especie.
Cuenta con estas metas específicas:
Dar a conocer la problemática del estado de conservación de la nacra y las acciones de seguimiento y recuperación al público general y comunidad científica.
Conocer el estado poblacional de la Pinna nobilis en las dos zonas emblemáticas del mediterráneo español (Delta del Ebro y Mar Menor) e identificar los parámetros ambientales determinantes para la óptima supervivencia de la especie en las dos áreas estudio del proyecto.
Realizar propuestas de zonificación de las poblaciones de Pinna nobilis del Delta del Ebro y del Mar Menor frente a eventos de climatología extrema y/o presiones antrópicas.
Activar protocolos de traslocación de ejemplares en las dos áreas de estudio del proyecto en concordancia con las propuestas de zonificación.
Conocer la evolución del estado de los individuos sujetos a los protocolos de traslocación y monitorizar el posible avance del parásito en las dos zonas de estudio.
Transferir los principales resultados del proyecto a las administraciones competentes."
FECYT:2021-16658;FECYT;Fomento de la cultura científica 2021;2021;2021/16658;SURFING FOR SCIENCE;Línea de actuación 3. Ciencia Ciudadana;UNIVERSIDAD DE BARCELONA;;Cataluña;fuente;;;;;30000,00;50763,64;;categoria;https://www.convocatoria.fecyt.es/publico/Resolucion/__Recursos/Resolucion_definitiva_convocatoria_CCI_2021.pdf;
FECYT:2021-16725;FECYT;Fomento de la cultura científica 2021;2021;2021/16725;BTN: PLATAFORMA DE PARTICIPACIÓN ACTIVA DE LOS PESCADORES EN LA GENERACIÓN DE CONOCIMIENTO A TRAVÉS DEL MARCADO-Y-RECAPTURA CIENTÍFICO;Línea de actuación 3. Ciencia Ciudadana;AGENCIA ESTATAL CONSEJO SUPERIOR DE INVESTIGACIONES CIENTIFICAS;;Madrid;fuente;;;;;7000,00;12325,00;;categoria;https://www.convocatoria.fecyt.es/publico/Resolucion/__Recursos/Resolucion_definitiva_convocatoria_CCI_2021.pdf;
FECYT:2021-16752;FECYT;Fomento de la cultura científica 2021;2021;2021/16752;MEJORANDO LOS BARRIOS PARA FOMENTAR LA ACTIVIDAD FÍSICA Y SEGURIDAD URBANA: PROMOVIENDO LA CIENCIA CIUDADANA EN BILBAO.;Línea de actuación 3. Ciencia Ciudadana;ASOCIACIÓN INVESTIGACIÓN SANITARIA BIOCRUCES BIZKAIA;;País Vasco;fuente;;;;;25000,00;72626,58;;categoria;https://www.convocatoria.fecyt.es/publico/Resolucion/__Recursos/Resolucion_definitiva_convocatoria_CCI_2021.pdf;
FECYT:2021-16785;FECYT;Fomento de la cultura científica 2021;2021;2021/16785;AQUACOLAB: LABORATORIOS COLABORATIVOS Y CIENCIA CIUDADANA PARA LA VIGILANCIA DE LA CALIDAD DE LOS RÍOS DE BURGOS;Línea de actuación 3. Ciencia Ciudadana;UNIVERSIDAD DE BURGOS;;Castilla y León;fuente;;;;;20000,00;49588,74;;categoria;https://www.convocatoria.fecyt.es/publico/Resolucion/__Recursos/Resolucion_definitiva_convocatoria_CCI_2021.pdf;
FECYT:2021-16924;FECYT;Fomento de la cultura científica 2021;2021;2021/16924;SIGNAMED: DICCIONARIO COLABORATIVO MULTIPLATAFORMA DE TÉRMINOS MÉDICOS Y DE SALUD ACCESIBLES EN LENGUA DE SIGNOS ESPAÑOLA;Línea de actuación 3. Ciencia Ciudadana;UNIVERSIDADE DE VIGO;;Galicia;fuente;;;;;24000,00;62080,93;;categoria;https://www.convocatoria.fecyt.es/publico/Resolucion/__Recursos/Resolucion_definitiva_convocatoria_CCI_2021.pdf;
FECYT:2021-17007;FECYT;Fomento de la cultura científica 2021;2021;2021/17007;MOSQUITO ALERT PARA JÓVENES: FOMENTANDO VOCACIONES CIENTÍFICAS A PARTIR DE LA CIENCIA CIUDADANA;Línea de actuación 3. Ciencia Ciudadana;ASSOCIACIÓ MEDIAMBIENTAL XATRAC;;Cataluña;fuente;;;;;12000,00;43000,00;;categoria;https://www.convocatoria.fecyt.es/publico/Resolucion/__Recursos/Resolucion_definitiva_convocatoria_CCI_2021.pdf;
FECYT:2021-17017;FECYT;Fomento de la cultura científica 2021;2021;2021/17017;OBSERVATORIO CIUDADANO DE LA SEQUÍA;Línea de actuación 3. Ciencia Ciudadana;UNIVERSIDAD PABLO DE OLAVIDE DE SEVILLA;;Andalucía;fuente;;;;;24000,00;84840,00;;categoria;https://www.convocatoria.fecyt.es/publico/Resolucion/__Recursos/Resolucion_definitiva_convocatoria_CCI_2021.pdf;
FECYT:2021-17130;FECYT;Fomento de la cultura científica 2021;2021;2021/17130;POSIDONIA ACTIVA CALAFELL: LA IMPORTANCIA DE LA CIENCIA CIUDADANA EN ZONAS NO PROTEGIDAS;Línea de actuación 3. Ciencia Ciudadana;ANEL.LIDES, S.L.;;Cataluña;fuente;;;;;10000,00;20410,00;;categoria;https://www.convocatoria.fecyt.es/publico/Resolucion/__Recursos/Resolucion_definitiva_convocatoria_CCI_2021.pdf;
FECYT:2021-17135;FECYT;Fomento de la cultura científica 2021;2021;2021/17135;DAME ALAS, UN PROYECTO EDUCATIVO DE CIENCIA CIUDADANA PARA CONOCER Y VALORAR LA BIODIVERSIDAD EN ENTORNOS URBANOS;Línea de actuación 2. Educación y vocaciones científicas;UNIVERSIDAD DE BARCELONA;;Cataluña;fuente;;;;;18000,00;79414,12;;titulo;https://www.convocatoria.fecyt.es/publico/Resolucion/__Recursos/Resolucion_definitiva_convocatoria_CCI_2021.pdf;
FECYT:2021-17145;FECYT;Fomento de la cultura científica 2021;2021;2021/17145;COMPRENDIENDO LA INTELIGENCIA ARTIFICIAL DESDE LOS CIUDADANOS. UNA ESTRATEGIA A GRAN ESCALA DE CIENCIA CIUDADANA CON CROWD-TAGGING SOBRE INFORMACIÓN DE INTELIGENCIA ARTIFICIAL EN ESPAÑA;Línea de actuación 3. Ciencia Ciudadana;UNIVERSIDAD DE SALAMANCA;;Castilla y León;fuente;;;;;25000,00;52880,00;;categoria;https://www.convocatoria.fecyt.es/publico/Resolucion/__Recursos/Resolucion_definitiva_convocatoria_CCI_2021.pdf;
FECYT:2021-17151;FECYT;Fomento de la cultura científica 2021;2021;2021/17151;FENOAULA- CIENCIA CIUDADANA, INNOVACIÓN Y TRANSFERENCIA A LAS NUEVAS GENERACIONES EN EL SEGUIMIENTO FENOLÓGICO DEL CAMBIO CLIMÁTICO;Línea de actuación 3. Ciencia Ciudadana;CENTRO DE INVESTIGACIÓN ECOLÓGICA Y APLICACIONES FORESTALES;;Cataluña;fuente;;;;;20000,00;79184,58;;categoria;https://www.convocatoria.fecyt.es/publico/Resolucion/__Recursos/Resolucion_definitiva_convocatoria_CCI_2021.pdf;
FECYT:2021-17199;FECYT;Fomento de la cultura científica 2021;2021;2021/17199;BACTERIÓFAGOS CONTRA SUPERBACTERIAS. SEGUNDA PARTE;Línea de actuación 3. Ciencia Ciudadana;UNIVERSIDAD DE CANTABRIA;;Cantabria;fuente;;;;;15000,00;36000,00;;categoria;https://www.convocatoria.fecyt.es/publico/Resolucion/__Recursos/Resolucion_definitiva_convocatoria_CCI_2021.pdf;
FECYT:2021-17216;FECYT;Fomento de la cultura científica 2021;2021;2021/17216;INVESTAJO: CIENCIA CIUDADANA PARA LA CREACIÓN DE UN VISOR WEB DEL ESTADO DE CONSERVACIÓN DE LOS RÍOS DE LA CUENCA DEL TAJO;Línea de actuación 3. Ciencia Ciudadana;UNIVERSIDAD DE CASTILLA-LA MANCHA;;Castilla-La Mancha;fuente;;;;;22000,00;58906,07;;categoria;https://www.convocatoria.fecyt.es/publico/Resolucion/__Recursos/Resolucion_definitiva_convocatoria_CCI_2021.pdf;
FECYT:2021-17289;FECYT;Fomento de la cultura científica 2021;2021;2021/17289;EL MAR EMPIEZA EN LOS PIRINEOS: APLICANDO LA CIENCIA CIUDADANA EN EL ÁMBITO ESCOLAR PARA CONOCER LA CONTAMINACIÓN POR PLÁSTICOS EN NUESTROS RÍOS Y SU TRANSPORTE HACIA EL MAR.;Línea de actuación 3. Ciencia Ciudadana;FUNDACIÓ UNIVERSITÀRIA BALMES;;Cataluña;fuente;;;;;15000,00;26670,32;;categoria;https://www.convocatoria.fecyt.es/publico/Resolucion/__Recursos/Resolucion_definitiva_convocatoria_CCI_2021.pdf;
FECYT:2021-17324;FECYT;Fomento de la cultura científica 2021;2021;2021/17324;FUENARAGON;Línea de actuación 3. Ciencia Ciudadana;CENTRO DE INVESTIGACIÓN Y TECNOLOGÍA AGROALIMENTARIA DE ARAGÓN (CITA);;Aragón;fuente;;;;;30000,00;69300,00;;categoria;https://www.convocatoria.fecyt.es/publico/Resolucion/__Recursos/Resolucion_definitiva_convocatoria_CCI_2021.pdf;
FECYT:2021-17351;FECYT;Fomento de la cultura científica 2021;2021;2021/17351;ADAPTNATION: MELANOGASTER CATCH THE FLY!;Línea de actuación 3. Ciencia Ciudadana;AGENCIA ESTATAL CONSEJO SUPERIOR DE INVESTIGACIONES CIENTIFICAS;;Madrid;fuente;;;;;25000,00;65744,00;;categoria;https://www.convocatoria.fecyt.es/publico/Resolucion/__Recursos/Resolucion_definitiva_convocatoria_CCI_2021.pdf;
FECYT:2021-17447;FECYT;Fomento de la cultura científica 2021;2021;2021/17447;FITORRASTREANDO EL AIRE DE MI CIUDAD (FITORASTREANDO);Línea de actuación 3. Ciencia Ciudadana;AGENCIA ESTATAL CONSEJO SUPERIOR DE INVESTIGACIONES CIENTIFICAS;;Madrid;fuente;;;;;20000,00;48786,52;;categoria;https://www.convocatoria.fecyt.es/publico/Resolucion/__Recursos/Resolucion_definitiva_convocatoria_CCI_2021.pdf;
FECYT:2021-17456;FECYT;Fomento de la cultura científica 2021;2021;2021/17456;CUIDAFONTS;Línea de actuación 3. Ciencia Ciudadana;CENTRE PER A LA SOSTENIBILITAT TERRITORIAL (CST);;Cataluña;fuente;;;;;11000,00;19311,36;;categoria;https://www.convocatoria.fecyt.es/publico/Resolucion/__Recursos/Resolucion_definitiva_convocatoria_CCI_2021.pdf;
FECYT:2021-17519;FECYT;Fomento de la cultura científica 2021;2021;2021/17519;ODOURCOLLECT: ¡ENTRENA TU LENGUAJE OLFATIVO Y MAPEA LOS OLORES DE TU ENTORNO!;Línea de actuación 3. Ciencia Ciudadana;SCIENCE FOR CHANGE;;Cataluña;fuente;;;;;15000,00;29840,00;;categoria;https://www.convocatoria.fecyt.es/publico/Resolucion/__Recursos/Resolucion_definitiva_convocatoria_CCI_2021.pdf;
FECYT:2021-17663;FECYT;Fomento de la cultura científica 2021;2021;2021/17663;DESTELLOS DEL UNIVERSO;Línea de actuación 3. Ciencia Ciudadana;UNIVERSIDAD POLITÉCNICA DE MADRID;;Madrid;fuente;;;;;10000,00;31000,00;;categoria;https://www.convocatoria.fecyt.es/publico/Resolucion/__Recursos/Resolucion_definitiva_convocatoria_CCI_2021.pdf;
AEI:EIN2020-112184;AEI;Europa Investigación;2020;EIN2020-112184;EMPODERANDO A LOS CIUDADANOS A ALCANZAR HABITOS ALIMENTARIOS SALUDABLES MEDIANTE PROCESOS PARTICIPATIVOS;Ciencias sociales · Sociología y antropología social;UNIVERSITAT DE VALÈNCIA;Q4618001D;Comunidad Valenciana;fuente;VALENCIA;;;;15000,00;0,00;;palabras-clave;https://www.aei.gob.es/ayudas-concedidas/buscador-ayudas-concedidas?code=EIN2020-112184;A LO LARGO DE LOS AÑOS, LA CIENCIA, LAS EMPRESAS Y LAS POLITICAS HAN TRATADO DE CAMBIAR LOS HABITOS ALIMENTARIOS DE LOS CIUDADANOS HACIA DIETAS Y CONDUCTAS ALIMENTARIAS MAS SALUDABLES Y SOSTENIBLES. SIN EMBARGO, EL PROGRESO HACIA DICHO OBJETIVO, A PESAR DE HABER SIDO SIGNIFICATIVO, NO ES SUFICIENTE. PARA SU ALCANCE, NECESITAMOS QUE LOS CIUDADANOS SE INVOLUCREN DE MANERA MAS ACTIVA EN ESTE PROCESO DE CAMBIO, YA QUE ELLOS (NOSOTROS) SOMOS PIEZAS CLAVES Y LOS BENEFICIARIOS FINALES. CON LA FINALIDAD DE SUPERAR ESTA LIMITACION, UNO DE LOS OBJETIVOS PRINCIPALES DEL PROYECTO CITIFOOD SCIENCE ES INVOLUCRAR A LOS CIUDADANOS A PARTICIPAR EN LA CIENCIA DE LA NUTRICION COMO UN AGENTE ACTIVO DE CAMBIO HACIA ESTRATEGIAS QUE FOMENTEN DIETAS SALUDABLES Y SOSTENIBLES. CITIFOOD SCIENCE PRETENDE ACERCAR A LOS CIUDADANOS A LA CIENCIA DE LA ALIMENTACION Y NUTRICION MEDIANTE PROCESOS PARTICIPATIVOS EN LOS QUE SE PROMOVERA EL CAMBIO CONDUCTUAL HACIA HABITOS ALIMENTARIOS MAS SALUDABLES Y SOSTENIBLES. EL OBJETIVO FINAL DEL PROYECTO ES PROPORCIONAR UN MARCO QUE SIRVA DE GUIA PARA LA IMPLEMENTACION DE PROCESOS DE PARTICIPACION PARA MEJORAR LOS HABITOS ALIMENTARIOS DE LA CIUDADANIA.
AEI:EIN2020-112279;AEI;Europa Investigación;2020;EIN2020-112279;EMERGENCY RISK INFORMATION AND ASSESSMENTS TAILORED FOR COMMUNITIES;Ciencias y tecnologías medioambientales · Clima y atmósfera;UNIVERSITAT POLITECNICA DE CATALUNYA;Q0818003F;Cataluña;fuente;BARCELONA;;;;15000,00;0,00;;palabras-clave;https://www.aei.gob.es/ayudas-concedidas/buscador-ayudas-concedidas?code=EIN2020-112279;"EL TEMA DE LA FUTURA PROPUESTA SE ENMARCA EN LA IMPLEMENTACION DEL OBJETIVO G DEL SENDAI FRAMEWORK PARA LA REDUCCION DEL RIESGO DE DESASTRES 2015-2030 PROMOVIDA POR LA OMS (ORGANIZACION MUNDIAL DE LA SALUD  WHO): AUMENTAR SUSTANCIALMENTE LA DISPONIBILIDAD Y EL ACCESO A (1) SISTEMAS DE ALERTA TEMPRANA MULTI-RIESGO Y A (2) LA INFORMACION Y EVALUACION DEL RIESGO DE DESASTRES POR PARTE DE LA POBLACION PARA 2030.

LA PRIMERA PARTE (1) DE DICHO OBJETIVO SE HA TRATADO DE FORMA EXITOSA RECIENTEMENTE EN EL PROYECTO ANYWHERE (WWW.ANYWHERE-H2020.EU), COORDINADO POR EL MISMO GRUPO QUE PRESENTA LA PROPUESTA ACTUAL (CRAHI-UPC): SE HA DESARROLLADO UN SISTEMA PAN-EUROPEO DE ALERTA TEMPRANA (MH-EWS, MULTI-HAZARD EARLY WARNING SYSTEM) QUE PROPORCIONA UNA PREVISION DETALLADA (EN TIEMPO Y ESPACIO) DEL IMPACTO QUE UNA GRAN VARIEDAD DE FENOMENOS METEOROLOGICOS CAUSARA LOCALMENTE EN EL TERRITORIO Y EN LA POBLACION. LA PLATAFORMA SE HA TESTEADO Y VALIDADO OPERACIONALMENTE DURANTE UN AÑO EN 7 SITIOS PILOTO (CENTROS DE CONTROL DE EMERGENCIAS) UBICADOS EN REGIONES EUROPEAS CON DISTINTAS CARACTERISTICAS CLIMATICAS, MOSTRANDO EXCELENTES RESULTADOS (REDUCCION SIGNIFICATIVA DE DAÑOS Y PERDIDAS HUMANAS) Y POSIBILITANDO UN CAMBIO DE PARADIGMA EN LA GESTION DE LAS EMERGENCIAS POR PARTE DE LAS PROTECCIONES CIVILES DE REACTIVA A PROACTIVA (COMENZANDO PREPARATIVOS ESPECIFICOS ANTES DE LA SUCESION DEL EVENTO Y/O EMERGENCIA).

LA FUTURA PROPUESTA PRETENDE CONSTRUIR SOBRE LA EXITOSA Y SOLIDA BASE DE ANYWHERE, ABORDANDO LA SEGUNDA PARTE (2) DEL SENDAI FRAMEWORK, MEJORANDO LA INFORMACION DISPONIBLE Y LA COMUNICACION ENTRE LAS AUTORIDADES ENCARGADAS DE LA GESTION DE LAS EMERGENCIAS Y LA POBLACION: SE PROPONEN FORMAS AVANZADAS DE EXPLOTAR LAS NUEVAS TECNOLOGIAS PARA AUMENTAR LA RESILIENCIA DE NUESTRA SOCIEDAD ANTE LAS EMERGENCIAS Y LOS DESASTRES, EMPODERANDO A LA CIUDADANIA PARA MEJORAR SU CAPACIDAD DE RESPUESTA MEDIANTE ALERTAS MAS EFICACES CENTRADAS EN LAS PERSONAS Y EN LUGARES ESPECIFICOS (BAJO FUTURA AFECTACION DE UNA EMERGENCIA). ADICIONALMENTE, SE PROPONDRAN METODOLOGIAS Y HERRAMIENTAS INNOVADORAS PARA FACILITAR LA COMUNICACION BIDIRECCIONAL CON LAS AUTORIDADES, LA DIFUSION DE PLANES DE AUTOPROTECCION, EJERCICIOS DE CONCIENCIACION SOBRE LOS RIESGOS Y EDUCACION EN EL CONTEXTO ACTUAL DE UNA SOCIEDAD INTERCONECTADA EN LA ERA DE INTERNET."
AEI:EIN2020-112342;AEI;Europa Investigación;2020;EIN2020-112342;"PREPARACION DE LA PROPUESTA HEU ""COAST - CITIZEN SCIENCE FOR GLOBAL COAST ENVIRONMENTAL SUSTAINABILITY PROJECTS""";Ciencias y tecnologías medioambientales · Clima y atmósfera;CENTRE INTERNACIONAL DE METODES NUMERICS A L ENGINYERIA;Q5850006G;Cataluña;fuente;BARCELONA;;;;15000,00;0,00;;titulo;https://www.aei.gob.es/ayudas-concedidas/buscador-ayudas-concedidas?code=EIN2020-112342;"LAS ZONAS COSTERAS SON AREAS ECOLOGICAMENTE SENSIBLES QUE ENFRENTAN FUERTES  TENSIONES NATURALES, ASI COMO UNA ALTA DENSIDAD DE POBLACION (UN TERCIO DE LA POBLACION MUNDIAL VIVE EN AREAS COSTERAS) Y UN USO ECONOMICO SIGNIFICATIVO. EL CAMBIO CLIMATICO Y EL AUMENTO DEL NIVEL DEL MAR JUNTO CON LOS CONTINUOS CONFLICTOS DE UTILIZACION EMPEORARAN LOS PROBLEMAS QUE LAS ZONAS COSTERAS YA ENFRENTAN. LA COMPLEJIDAD Y LA MULTIDISCIPLINARIEDAD DE ESOS PROBLEMAS HACEN QUE SEA INVIABLE QUE LAS AAPP Y LAS INSTITUCIONES DE INVESTIGACION RECOPILEN Y ANALICEN POR SI SOLAS LA GRAN CANTIDAD DE DATOS NECESARIOS PARA REALIZAR LOS ESTUDIOS NECESARIOS SOBRE ESAS INFLUENCIAS/IMPACTOS EN TODO EL MUNDO. DEBIDO A ESTO, LA CIENCIA CIUDADANA, ENTENDIDA COMO PROYECTOS DE INVESTIGACION CIENTIFICA EN LOS QUE CIUDADANOS RECOLECTAN, CATEGORIZAN, TRANSCRIBEN Y/O ANALIZAN DATOS CIENTIFICOS, PUEDEN HACER SIGNIFICAR UN CAMBIO RADICAL EN LA INVESTIGACION DE COSTAS.
EL DESARROLLO DE LA CIENCIA CIUDADANA EN CONTEXTOS COSTEROS PUEDE TENER UN IMPACTO RELEVANTE EN EL AUMENTO DEL CONOCIMIENTO, PERO TAMBIEN EN LA CONSERVACION DEL MEDIO AMBIENTE MARINO AL INFLUIR EN LA GESTION Y EN LAS POLITICAS PUBLICAS, MEJORAR LA ADMINISTRACION Y FORTALECER LA CAPACIDAD DE LA COMUNIDAD PARA ABORDAR LOS PROBLEMAS AMBIENTALES. RAZONES SIMILARES HAN CAUSADO QUE EL NUMERO DE PROYECTOS DE CIENCIA CIUDADANA CREZCA EN TODAS LAS DISCIPLINAS CIENTIFICAS.
COAST TIENE COMO OBJETIVO OBTENER UN PILOTO GLOBAL INCLUSIVO, VALIDADO Y COMPRENSIBLE PARA CITIZEN SCIENCE LISTO PARA SER APLICADO A UN AMPLIO ESPECTRO DE PROYECTOS. SE DEMOSTRARA EN DOS TEMAS DE INVESTIGACION COSTERA: ANALISIS DE RETROCESO DE COSTAS Y MONITOREO DE BASURA MARINA. EL PROYECTO FOMENTARA LA CIENCIA CIUDADANA, MEDIANTE EL DESARROLLO DE METODOLOGIAS Y TECNOLOGIA PARA APOYAR EL DESARROLLO DE EVENTOS PARTICIPATIVOS PARA INVOLUCRAR A LA COMUNIDAD EN ACTIVIDADES PRACTICAS DE CIENCIA CIUDADANA. ADEMAS, EN LINEA CON LA ESTRATEGIA DE COOPERACION INTERNACIONAL DE LA UE EN INVESTIGACION E INNOVACION, COAST PROMOVERA LA COLABORACION INTERNACIONAL MEDIANTE LA REALIZACION DE DIFERENTES CASOS DE ESTUDIO EN 7 AREAS DE 3 MARES REGIONALES: EL MAR MEDITERRANEO (EN ESPAÑA, FRANCIA, ITALIA Y MARRUECOS), EL MAR BALTICO (EN ALEMANIA) Y EL OCEANO PACIFICO (EN MEXICO Y EL SALVADOR).
DENTRO DEL PROYECTO, LA CIENCIA CIUDADANA SE APLICARA A TRAVES DE LA EJECUCION DE ACTIVIDADES PRACTICAS EN ESAS AREAS. LAS ACTIVIDADES CENTRALES INCLUIRAN LA RECOPILACION DE DATOS Y LA COLABORACION EN EL ANALISIS E INTERPRETACION DE RESULTADOS, EL USO DE LAS MATEMATICAS Y DE SOFTWARE COMPUTACIONAL, ASI COMO LA OBTENCION, EVALUACION Y COMUNICACION DE INFORMACION.
EL PROYECTO COAST BUSCARA CONSTRUIR COMUNIDADES DINAMICAS E INCLUSIVAS MEDIANTE EL ESTABLECIMIENTO DE NUEVOS CANALES DE INTERACCION ENTRE LOS MIEMBROS DE LA CUADRUPLE HELICE: RESPONSABLES POLITICOS, CIENTIFICOS, SOCIEDAD E INDUSTRIA. PARA LOGRAR ESTO, SE CONCEPTUALIZARA Y EJEMPLIFICARA UN MODELO PARA LA INICIATIVA DE CIENCIA CIUDADANA RESPONSABLE EN PROYECTOS GLOBALES EN LOS PROBLEMAS DE COAST RESEARCH. LAS COMUNIDADES, AUTORIDADES LOCALES, INVESTIGADORES Y LAS PARTES INTERESADAS SE INVOLUCRARAN A TRAVES DE LA ORGANIZACION DE DIFERENTES EVENTOS PARTICIPATIVOS, CON EL APOYO DE LAS ORGANIZACIONES INTERNACIONALES COLABORADORAS. ADEMAS, SE EMPODERARA A LAS COMUNIDADES PROPORCIONANDOLES HERRAMIENTAS INNOVADORAS DE TIC Y MATERIALES DE CAPACITACION PARA PERMITIR EL DESARROLLO DE INICIATIVAS DE CIENCIA CIUDADANA EN UN CONTEXTO GLOBAL."
AEI:FJC2020-043503-I;AEI;Juan de la Cierva Formación;2020;FJC2020-043503-I;Healing with Microbes: Embodied Experiences of Infections, Folk Cures and Collective Wellbeing;Ciencias sociales · Sociología y antropología social;FUNDACIO PER A LA UNIVERSITAT OBERTA DE CATALUNYA;G60667813;Cataluña;fuente;BARCELONA;;;;52600,00;0,00;;palabras-clave;https://www.aei.gob.es/ayudas-concedidas/buscador-ayudas-concedidas?code=FJC2020-043503-I;
AEI:FJC2020-044083-I;AEI;Juan de la Cierva Formación;2020;FJC2020-044083-I;Improving Engagement in Citizen Science through Scientific Communication & Dissemination Activities;Ciencias sociales · Comunicación;UNIVERSIDAD REY JUAN CARLOS;Q2803011B;Madrid;fuente;MADRID;;;;52600,00;0,00;;titulo;https://www.aei.gob.es/ayudas-concedidas/buscador-ayudas-concedidas?code=FJC2020-044083-I;
AEI:PID2020-114363GB-I00;AEI;Proyectos de I+D+I (Generación de Conocimiento y Retos Investigación);2020;PID2020-114363GB-I00;SERVICIOS ECOSISTEMICOS CULTURALES, SALUD Y BIENESTAR EN ZONAS URBANAS Y PERIURBANAS CON CLUSTERES PETROQUIMICOS;Ciencias sociales · Geografía;UNIVERSITAT ROVIRA I VIRGILI;Q9350003A;Cataluña;fuente;TARRAGONA;;;;65834,15;0,00;;resumen;https://www.aei.gob.es/ayudas-concedidas/buscador-ayudas-concedidas?code=PID2020-114363GB-I00;"LOS SERVICIOS ECOSISTEMICOS HAN SIDO DEFINIDOS COMO LOS BENEFICIOS QUE LA SOCIEDAD RECIBE DE LOS ECOSISTEMAS. LOS SERVICIOS CULTURALES, UN TIPO DE SERVICIO ECOSISTEMICO, HACEN REFERENCIA AL DISFRUTE ESTETICO, LAS ACTIVIDADES DE OCIO Y RECREACION, LA IDENTIDAD CULTURAL O EL VALOR RELIGIOSO Y ESPIRITUAL DE UN LUGAR DETERMINADO. ES DECIR, LOS ELEMENTOS INMATERIALES CON REPERCUSION EN EL BIENESTAR DE PERSONAS Y SOCIEDADES. EL OBJETIVO DE ESTE PROYECTO ES IDENTIFICAR, ESTUDIAR Y ANALIZAR LOS SERVICIOS ECOSISTEMICOS CULTURALES (SEC) EN ENTORNOS URBANOS Y PERIURBANOS DEGRADADOS POR LA PRESENCIA DE COMPLEJOS PETROQUIMICOS, DESDE LA PERSPECTIVA DE LA SALUTOGENESIS O SALUD DE ACTIVOS Y DE LA DIVERSIDAD SOCIAL, PONIENDO ESPECIAL ENFASIS EN LOS COLECTIVOS DE MUJERES Y ANCIANOS. LA FINALIDAD ES DISEÑAR PROPUESTAS DE INTERVENCION QUE TENGAN COMO OBJETIVO INCREMENTAR LAS OPCIONES DE ACTIVOS DE SALUD A LOS QUE ACCEDE LA POBLACION.

ESTE PROYECTO TIENE UN ENFOQUE MULTIDISCIPLINAR ENTRE EL ANALISIS TERRITORIAL, LA SALUD Y EL DISEÑO DE PROPUESTAS, E INCORPORA METODOS TRADICIONALES COMBINADOS CON EL USO DE NUEVAS FUENTES DE INFORMACION Y METODOS DE TRABAJO RELACIONADOS CON LA CIENCIA CIUDADANA O INFORMACION GEOGRAFICA COLABORATIVA. ESTE HECHO PERMITIRA AMPLIAR EL ENFOQUE DE ESTUDIO Y CONSIDERAR LOS SEC EN SUS VERTIENTES SOCIAL Y AMBIENTAL. 

LOS SERVICIOS ECOSISTEMICOS EN ENTORNOS NATURALES HAN SIDO FRECUENTEMENTE ESTUDIADOS, SIN EMBARGO, ESTA INVESTIGACION DESTACA EL INTERES CIENTIFICO DE LOS SERVICIOS ECOSISTEMICOS CULTURALES EN AREAS URBANAS Y PERIURBANAS. ESTA APROXIMACION PRETENDE ANALIZAR Y PROPONER MEJORAS EN AQUELLOS AMBIENTES URBANOS CON IMPORTANTES IMPACTOS DERIVADOS DE LAS ACTIVIDADES INDUSTRIALES, EN CONCRETO EN LAS CIUDADES CON IMPORTANTES CLUSTERES PETROQUIMICOS. UN MEJOR CONOCIMIENTO Y GESTION DE LOS SERVICIOS ECOSISTEMICOS DE LAS AREAS URBANAS Y PERIURBANAS AFECTADAS POR DICHOS CLUSTERES INCREMENTARAN LA DISPONIBILIDAD DE ACTIVOS DE SALUD Y QUE ESTOS SE ADAPTEN MEJOR A LAS CARACTERISTICAS DEMOGRAFICAS DE LA POBLACION. 

EN DEFINITIVA, SE TRATA DE RELACIONAR ENTRE SI LA SALUD, LAS CARACTERISTICAS SOCIALES DE LA POBLACION Y EL MEDIO AMBIENTE URBANO Y SE PARTE DE LA IDEA QUE EL CORRECTO MANTENIMIENTO DE LOS ECOSISTEMAS URBANOS, LA CALIDAD DE SU DISEÑO PARA LA SALUD Y SU BUEN FUNCIONAMIENTO ES FUNDAMENTAL PARA AUMENTAR LA CALIDAD DE VIDA DE SUS MORADORES. POR ELLO, LAS PROPUESTAS Y DISEÑOS DERIVADOS DE ESTA INVESTIGACION TENDRAN EN CUENTA LAS DIFERENTES NECESIDADES SOCIALES, LOS VARIADOS COMPORTAMIENTOS DE LA POBLACION Y LAS DESIGUALDADES QUE CONDICIONAN LA ACCESIBILIDAD A LOS SEC. LAS PROPUESTAS, RECOMENDACIONES DE INTERVENCION DERIVADAS DEL PROYECTO, SERVIRAN COMO BASE PARA LA TOMA DE DECISIONES POR LAS ADMINISTRACIONES IMPLICADAS EN LA GESTION DE LOS SEC."
AEI:PID2020-114873RB-C32;AEI;Proyectos de I+D+I (Generación de Conocimiento y Retos Investigación);2020;PID2020-114873RB-C32;MONITORIZACION DEL ESPACIO PUBLICO Y DEL ESTIMULO DE LOS MATERIALES EN LOS CIUDADANOS.;Producción industrial, ingeniería civil e ingenierías para la sociedad · Ingeniería civil y arquitectura;UNIVERSIDAD POLITECNICA DE MADRID;Q2818015F;Madrid;fuente;MADRID;;;;130351,61;0,00;;resumen;https://www.aei.gob.es/ayudas-concedidas/buscador-ayudas-concedidas?code=PID2020-114873RB-C32;"EXISTE INTERES PUBLICO A NIVEL EUROPEO EN MEJORAR LA CALIDAD DEL AMBIENTE EXTERIOR, REDUCIR LA DEMANDA DE ENERGIA Y MEJORAR EL BIENESTAR DE LOS CIUDADANOS. POLITICAS SOBRE MICROCLIMA URBANO (UMC) COMIENZAN POR CONOCER LAS CONDICIONES CLIMATICAS DENTRO DE LA CIUDAD Y EL IMPACTO DE LAS MEDIDAS DE ADAPTACION. EL ESPACIO EXTERIOR ESTA CONDICIONADO POR CONTEXTOS ESPACIALES, CULTURALES Y FUNCIONALES, COMO EL ENTORNO CONSTRUIDO, LA VEGETACION, LAS FUENTES DE RUIDO, EL MICROCLIMA Y LAS CARACTERISTICAS PERSONALES DE LOS USUARIOS. DE AHI LA IMPORTANCIA DE COMBINAR MEDICIONES AMBIENTALES Y ENCUESTAS IN SITU. A MEDIDA QUE AUMENTA LA URBANIZACION EN TODO EL MUNDO, ES FUNDAMENTAL COMPRENDER LOS VINCULOS ENTRE LOS ENTORNOS URBANIZADOS Y EL BIENESTAR Y LA SALUD. EL ENTORNO CONSTRUIDO PROVOCA MUCHAS REACCIONES EN EL CUERPO, TANTO SUBCONSCIENTE COMO CONSCIENTEMENTE. INVESTIGACIONES RECIENTES SE CENTRA EN LA APLICACION DEL METODO CIENTIFICO EN EL DISEÑO DE ESPACIOS ARQUITECTONICOS, CONOCIDO COMO EVIDENCE-BASED DESIGN (EBD), VINCULANDO LA EVIDENCIA CIENTIFICA Y LOS PARAMETROS DE DISEÑO CON LOS RESULTADOS DEL USUARIO. EL OBJETIVO DE ESTE PROYECTO ES PROPORCIONAR Y ANALIZAR DATOS PARA PREDECIR FACTORES UMC, EVALUAR EL IMPACTO DE LA IMPLEMENTACION DE MATERIALES URBANOS Y AVANZAR EN EL CONOCIMIENTO DE LOS ESTIMULOS URBANOS EN LOS CIUDADANOS. PARA LOGRAR ESTE OBJETIVO SE PROPONEN CUATRO NIVELES DE MEDICION: BARRIO, CASO DE ESTUDIO, ENSAYOS EXTERIORES Y CIUDADANOS. LA INFORMACION SERA RECOPILADA Y ANALIZADA UTILIZANDO DIFERENTES TECNICAS: SENSORES Y EQUIPOS DE MONITORIZACION (TEMPERATURA DEL AIRE, HUMEDAD RELATIVA, RADIACION SOLAR, VELOCIDAD DEL AIRE, TEMPERATURA DEL GLOBO, RUIDO, ILUMINANCIA Y CALIDAD DEL AIRE); UN DRON (FOTOGRAFIAS Y TERMOGRAFIAS); ELECTROENCEFALOGRAFIA (EEG) Y SEGUIMIENTO OCULAR (PARA DETECCION DE EMOCIONES) Y ENCUESTAS (PARA EVALUACION DEL CONFORT Y PARA PROMOVER LA PARTICIPACION Y CONCIENCIA CIUDADANA). LOS RESULTADOS DE LA MONITORIZACION PROPORCIONARAN UN DIAGNOSTICO INTEGRAL DE LA CALIDAD AMBIENTAL EXTERIOR, PROPORCIONANDO INFORMACION PARA LA SELECCION DEL ESTUDIO DE CASO (T 1.3). LOS RESULTADOS DE LOS DATOS OBTENIDOS POR CON EL DRON PROPORCIONARAN INFORMACION PARA CONSTRUIR EL MAPA DE MATERIALES URBANOS (T 1.2) Y PARA EL ESTUDIO DE ESTIMULOS DEL ENTORNO VIRTUAL (T 3.3). LOS RESULTADOS DE LA MONITORIZACION DE LOS CASOS DE ESTUDIO (CAMPAÑA EXPERIMENTAL DE PARAMETROS FISICOS CLAVE) SE UTILIZARAN PARA LA VALIDACION DE LAS SIMULACIONES (T 4.2) Y LA MONITORIZACION DE LOS ENSAYOS EXTERIORES GENERARA DATOS PARA CARACTERIZAR LOS MATERIALES URBANOS INNOVADORES (TAREA 2.3). LA MONITORIZACION DE ESTIMULOS CONSISTIRE EN UNA INVESTIGACION PARTICIPATIVA REALIZADA A TRAVES DE METODOLOGIAS CUANTITATIVAS Y CUALITATIVAS: MONITORIZACION CUANTITATIVA DE LA RESPUESTA DE LOS CIUDADANOS A LOS MATERIALES MEDIANTE  ELECTROENCEFALOGRAFIA (EEG) Y SEGUIMIENTO OCULAR; Y LA INVESTIGACION CUALITATIVA SE REALIZARA MEDIANTE ENTREVISTAS Y ENCUESTAS. EL OBJETIVO ES BUSCAR EL APORTE DE LOS CIUDADANOS EN SU (NUESTRO) PAPEL COMO CO-DISEÑADORES URBANOS. EL CO-BENEFICIO DE ESTE ENFOQUE CUALITATIVO SERA FOMENTAR LA PARTICIPACION CIUDADANA. EL ANALISIS DE ESTOS DATOS CONSIDERARA LA PERSPECTIVA DE GENERO Y LA INCLUSION SOCIAL. LOS RESULTADOS DE LA RESPUESTA CIUDADANA JUNTO CON UNA EVALUACION SISTEMATICA DE LA INVESTIGACION EXISTENTE EN CUANTO A LA RESPUESTA HUMANA A LA MATERIALIDAD Y EL COLOR SE UTILIZARAN PARA GENERAR UNA PROPUESTA DE INDICADOR/ES PARA LA SELECCION DE MATERIALES."
AEI:PID2020-117619RB-I00;AEI;Proyectos de I+D+I (Generación de Conocimiento y Retos Investigación);2020;PID2020-117619RB-I00;CROWDSOURCING EN HISTORIA. NUEVOS RETOS METODOLOGICOS PARTICIPATIVOS E INCLUSIVOS EN LA INVESTIGACION HISTORICA EN ESPAÑA;Estudios del pasado: historia y arqueología · Historia;UNIVERSIDAD DE GRANADA;Q1818002F;Andalucía;fuente;GRANADA;;;;39500,49;0,00;;resumen;https://www.aei.gob.es/ayudas-concedidas/buscador-ayudas-concedidas?code=PID2020-117619RB-I00;"CROWDHISTORY TIENE POR OBJETIVO PRINCIPAL EL DE ANALIZAR Y PROBAR LAS PRACTICAS PARTICIPATIVAS, DESDE LA CIENCIA CIUDADANA, UTILIZADAS EN PROYECTOS DE I+D+I ESPAÑOLES, O CON PARTICIPACION ESPAÑOLA (PROYECTOS EUROPEOS), DESDE LA PERSPECTIVA DE LAS HUMANIDADES DIGITALES Y LA HISTORIA PUBLICA. TIENE EN CUENTA AQUELLOS PROYECTOS DE INVESTIGACION YA SEA DENTRO QUE FUERA DEL AMBITO ACADEMICO, CON EL OBJETIVO FINAL DE NORMALIZAR DICHOS PROCESOS PARTICIPATIVOS A TRAVES DE GUIAS DE BUENAS PRACTICAS EN PARTICIPACION Y COMPROMISO PUBLICO. EL ESTADO ACTUAL DE LA INVESTIGACION PLANTEADA ADOLECE DE INVESTIGACIONES CIENTIFICAS QUE REFLEXIONEN METODOLOGICA Y CONCEPTUALMENTE ACERCA DE LA PARTICIPACION PUBLICA EN LA INVESTIGACION HISTORICA EN ESPAÑA. ESTA LINEA DE INVESTIGACION METODOLOGICA, PRACTICAMENTE NUEVA EN EL AMBITO DE LAS HUMANIDADES EN ESPAÑA, CUENTA, SIN EMBARGO, CON PROYECTOS DE INVESTIGACION QUE ACTUALMENTE ESTAN EN MARCHA O YA SE HAN EJECUTADO, QUE OFRECEN UN CAMPO DE CULTIVO IDONEO CON DATOS RELEVANTES PARA ANALIZAR EL TEMA PROPUESTO. NO UNICAMENTE SE ADOLECE DE ESTUDIOS PREVIOS SINO, ADEMAS Y MUY IMPORTANTE, DE UNA ESTANDARIZACION DE ESA METODOLOGIA PARTICIPATIVA CUYOS RESULTADOS AYUDEN AL INVESTIGADOR A IMPLEMENTAR METODOLOGICAMENTE ESA NUEVA HERRAMIENTA CIENTIFICA, HACIENDO, A SU VEZ, MAS COMPETITIVA LA COMUNIDAD DE INVESTIGADORES ESPAÑOLES EN HISTORIA EN LA ARENA DE LA FINANCIACION INTERNACIONAL. ESTE ASPECTO PARTICIPATIVO CIUDADANO ES UNA DE LAS CARACTERISTICAS FUNDAMENTALES YA SEA DE LA HISTORIA PUBLICA COMO DE LAS HUMANIDADES DIGITALES, MOTIVO POR EL CUAL CROWDHISTORY UTILIZARA EL ENFOQUE DE DICHAS DISCIPLINAS PARA ANALIZAR LOS DATOS OBTENIDOS. 
EL PROYECTO SE EJECUTA EN BASE A UN MARCO METODOLOGICO AMPLIO QUE PREVE UNA FASE DE EXPLOTACION DE LOS RESULTADOS PRELIMINARES, A TRAVES DEL TESTEO DE PARAMETROS PARTICIPATIVOS, DETECTADOS Y ANALIZADOS EN FASES PREVIAS, MEDIANTE LA REALIZACION DE TRES CASOS PILOTO EJECUTADOS A NIVEL DIGITAL (REALIZACION DE UN TRANSCRIBATHON), FISICO (REALIZACION DE UN LABORATORIO CIUDADANO) E HIBRIDO (REALIZACION DE UN COLLECTION DAY). 
CROWDHISTORY SE DESARROLLA EN LA CATEGORIA DE RETOS DE INVESTIGACION, ADECUANDOSE PLENAMENTE AL RETO 6: CIENCIAS SOCIALES Y HUMANIDADES Y CIENCIA CON Y PARA LA SOCIEDAD, EN TANTO QUE INVOLUCRA A LA PROPIA SOCIEDAD CON LA INVESTIGACION CIENTIFICA PROPUESTA, ACELERANDO EL COMPROMISO Y LA CONFIANZA DE NUESTRA SOCIEDAD EN LAS ACTIVIDADES CIENTIFICAS FINANCIADAS Y EN EL PROPIO VALOR DE LA INVESTIGACION."
AEI:PID2020-118444GA-I00;AEI;Proyectos de I+D+I (Generación de Conocimiento y Retos Investigación);2020;PID2020-118444GA-I00;EL FRIO QUE NO LLEGA: COMPRENDIENDO EL RANGO DE EXPANSION DE LA PROCESIONARIA DEL PINO EN UN CONTEXTO DE CALENTAMIENTO GLOBAL;Ciencias y tecnologías medioambientales · Biodiversidad;UNIVERSIDAD DE VALLADOLID;Q4718001C;Castilla y León;fuente;SORIA;;;;153525,23;0,00;;resumen;https://www.aei.gob.es/ayudas-concedidas/buscador-ayudas-concedidas?code=PID2020-118444GA-I00;"LA DISTRIBUCION GEOGRAFICA Y LA DINAMICA POBLACIONAL DE LOS INSECTOS DEFOLIADORES RESPONDEN A LA VARIABILIDAD CLIMATICA. EN UN CONTEXTO DE AUMENTO DE TEMPERATURAS LOS INSECTOS DEFOLIADORES ESTAN INCREMENTANDO GLOBALMENTE SU INCIDENCIA. NO SE PUEDE PASAR POR ALTO LA RELEVANCIA ECONOMICA Y ECOLOGICA DE ESTE AUMENTO. LOS INSECTOS DEFOLIADORES PUEDEN REDUCIR SIGNIFICATIVAMENTE EL CRECIMIENTO DE MILLONES DE ARBOLES EN UN SOLO EPISODIO, LO QUE LIMITA LA CAPACIDAD DE LOS BOSQUES COMO SUMIDEROS DE CARBONO. ENTENDER LOS PATRONES ESPACIALES Y TEMPORALES DE LAS DEFOLIACIONES DE INSECTOS, Y LA RESPUESTA DE LOS ARBOLES A ESTA PERTURBACION, ES NECESARIO PARA PRONOSTICAR SU INCIDENCIA FUTURA Y DESARROLLAR PRACTICAS ADECUADAS DE GESTION FORESTAL. LA PROCESIONARIA DEL PINO (THAUMATOPOEA PITYOCAMPA) ES UNA DE LAS PRINCIPALES PLAGAS FORESTALES DE LA REGION CIRCUNMEDITERRANEA. LAS CONDICIONES CLIMATICAS DURANTE SU FASE LARVARIA, EN PARTICULAR LAS TEMPERATURAS INVERNALES, JUEGAN UN PAPEL IMPORTANTE EN SU DINAMICA POBLACIONAL. EN ESTE SENTIDO, EL AUMENTO PREVISTO DE LAS TEMPERATURAS MINIMAS INVERNALES AUGURA UNA MAYOR INCIDENCIA Y EXPANSION EN EL FUTURO. LOS FACTORES ANTROPICOS, EN PARTICULAR, LAS PRACTICAS DE GESTION FORESTAL QUE PROMUEVEN PLANTACIONES MASIVAS MONOESPECIFICAS DE ESPECIES ALTAMENTE SUSCEPTIBLES, PODRIAN AGRAVAR LA INCIDENCIA DE LA PROCESIONARIA. ADEMAS DE SU IMPACTO EN LA PRODUCCION DE MADERA, LA PROCESIONARIA TAMBIEN TIENE REPERCUSIONES EN LA SALUD PUBLICA. POR LO TANTO, ES PRIMORDIAL CONOCER COMPLETAMENTE LOS FACTORES CLIMATICOS Y PAISAJISTICOS QUE DESENCADENAN SU INCIDENCIA. NUESTRA ACTUAL LIMITACION PARA ABORDAR ESTA PROBLEMATICA ES LA FALTA DE ESTUDIOS SOBRE SU ECOLOGIA DESDE UNA PERSPECTIVA ESPACIO-TEMPORAL AMPLIA.
     EL PROYECTO PROWARM PLANTEA TRES OBJETIVOS PRINCIPALES CON UN FUERTE CARACTER INTERDISCIPLINARIO: 1) EVALUAR LA RECURRENCIA DE LOS BROTES DE LA PROCESIONARIA EN LOS ULTIMOS 100 AÑOS USANDO LA INFORMACION CONTENIDA EN LOS ANILLOS DE LOS ARBOLES (REDUCCIONES DE CRECIMIENTO, DENSIDAD DE LA MADERA, ANATOMIA Y RATIOS ISOTOPICOS). UTILIZAREMOS ESTA INFORMACION PARA EVALUAR LAS VARIABLES CLIMATICAS QUE CONTROLAN SU ABUNDANCIA TANTO A ESCALA LOCAL COMO EN EL MEDITERRANEO OCCIDENTAL Y CENTRAL; 2) RECONSTRUIR LA INCIDENCIA ESPACIAL DE LA PROCESIONARIA COMBINANDO LA INFORMACION EXISTENTE DE LOS PROGRAMAS DE MONITORIZACION FORESTAL CON DATOS DE SENSORES REMOTOS, GOOGLE STREET VIEW, INFORMACION DE CIENCIA CIUDADANA E INTELIGENCIA ARTIFICIAL. ESTE OBJETIVO PERMITIRA DETERMINAR LOS FACTORES ESTRUCTURALES, ESPACIALES Y TEMPORALES QUE DETERMINAN SU INCIDENCIA EN LA PENINSULA IBERICA; 3) COMPRENDER LOS CAMBIOS FISIOLOGICOS DEL HUESPED EN RESPUESTA A LAS DEFOLIACIONES DE PROCESIONARIA. INVESTIGAREMOS COMO RESPONDE EL ARBOL A LAS DEFOLIACIONES PROGRESIVAS Y RECURRENTES. CONSIDERAREMOS LOS EFECTOS EN LA ADQUISICION DE CARBONO (ACTIVIDAD FOTOSINTETICA, NIVELES DE CARBOHIDRATOS), EL CRECIMIENTO (CRECIMIENTO INTRANUAL, ANATOMIA DE LA MADERA) Y EL INTERCAMBIO DE GASES (EFICIENCIA EN EL USO DEL AGUA). ESTE PROYECTO CONTRIBUIRA A MEJORAR NUESTRO CONOCIMIENTO DE LAS INTERACCIONES PROCESIONARIA-CLIMA-HUESPED Y A DESARROLLAR PRACTICAS DE MANEJO ADAPTATIVO."
AEI:PID2020-119682RB-I00;AEI;Proyectos de I+D+I (Generación de Conocimiento y Retos Investigación);2020;PID2020-119682RB-I00;INTERNET OF PEOPLE: TOWARDS SUSTAINABLE BEHAVIOUR-CHANGE BY FOSTERING MACHINE AND HUMAN COLLABORATION THROUGH HYBRID INTELLIGENCE AND SENTIENT THINGS;Tecnologías de la información y de las comunicaciones · Ciencias de la computación y tecnología informática;UNIVERSIDAD DE LA IGLESIA DE DEUSTO;R4868004E;País Vasco;fuente;VIZCAYA;;;;120739,82;0,00;;resumen;https://www.aei.gob.es/ayudas-concedidas/buscador-ayudas-concedidas?code=PID2020-119682RB-I00;"LA INTERNET DE LAS PERSONAS (IOP) ES UN NUEVO PARADIGMA QUE REPRESENTA EL MAPEO DE LOS INDIVIDUOS SOCIALES Y SUS INTERACCIONES CON LOS DISPOSITIVOS COTIDIANOS Y LOS OBJETOS INTELIGENTES A LA INTERNET. SE CENTRA EN LA RECOPILACION DE DATOS, LA MODELIZACION, EL ANALISIS Y LA INTELIGENCIA UBICUA. NUESTRA HIPOTESIS ES QUE ENTORNOS SOSTENIBLES MAS INTELIGENTES SOLO SON POSIBLES SI EXISTE UNA COLABORACION MEJOR Y MAS INTELIGENTE ENTRE LOS DISPOSITIVOS AUMENTADOS Y LAS PERSONAS, ESTABLECIENDO UN PUENTE ENTRE LA INTELIGENCIA DE LAS MAQUINAS Y LA INTELIGENCIA HUMANA, EN EL QUE LAS PRINCIPALES TECNOLOGIAS EMERGENTES, A SABER, LA INTERNET DE LAS COSAS Y LA INTELIGENCIA ARTIFICIAL, SE APLICAN DESDE UN PUNTO DE VISTA CENTRADO EN EL SER HUMANO Y DIRIGIDO POR EL, ES DECIR, SIGUIENDO EL PARADIGMA DE LA IOP. PARA NOSOTROS, UNA COLABORACION MEJOR Y MAS INTELIGENTE ES SINONIMO DE: A) INFORMACION Y SERVICIOS PERSONALIZADOS E INTERACCION BIDIRECCIONAL A MEDIDA, B) ADAPTACION AL CONTEXTO Y C) ADOPCION POSITIVA DE LAS TECNOLOGIAS EMERGENTES MEDIANTE LA INCLUSION DEL USUARIO FINAL EN LA EVALUACION DE LA DECISION (ES DECIR, EL HUMANO EN EL BUCLE). LA APLICACION DE ESTE ENFOQUE DE INTELIGENCIA HIBRIDA EN UN ESCENARIO DE CASO REAL BUSCA INDUCIR A LOS CIUDADANOS A AUMENTAR SU CONCIENCIA SOBRE LA SOSTENIBILIDAD, EL CAMBIO CLIMATICO Y, POR LO TANTO, AYUDAR A LA DISMINUCION DE SUS EMISIONES DE CO2 MEDIANTE INTERVENCIONES DE CAMBIO DE COMPORTAMIENTO BASADAS EN LA CIENCIA CIUDADANA. EN ESE PROCESO, LA RECOPILACION DE DATOS, LA CURACION DE CONTENIDOS, LA FORMACION DE MODELOS DE COMPUTACION Y LA VALIDACION DE HIPOTESIS SON LOS PRINCIPALES INGREDIENTES. EN ESENCIA, EL LEMA DE ESTE PROYECTO ES QUE LAS PERSONAS NO DEBEN SER TRATADAS COMO MEROS USUARIOS DE TECNOLOGIAS Y SERVICIOS EN RED DISEÑADOS CON FINES DE OPTIMIZACION (POR EJEMPLO, LA AUTOMATIZACION PARA LA EFICIENCIA ENERGETICA), SINO QUE SU COMPORTAMIENTO DEBE CONVERTIRSE EN UNA DE LAS PALANCAS CLAVE PARA DISEÑAR TECNOLOGIAS QUE LAS CONVIERTAN EN VERDADEROS ""CIUDADANOS INTELIGENTES"" QUE PARTICIPEN EN LA ESFERA DIGITAL MAS ALLA DE SER PROBADORES, PROVEEDORES DE DATOS O CONSUMIDORES. ESTA LABOR DE INVESTIGACION ES UNA CONTINUACION DE UN PROYECTO FINANCIADO ANTERIORMENTE (TIN2017-90042-R) EN EL QUE EL PRINCIPAL OBJETIVO ERA CREAR OBJETOS SENSIBLES (SENTIENT THINGS) QUE AYUDARAN A LAS PERSONAS A LOGRAR ACCIONES COTIDIANAS SOSTENIBLES O RELACIONADAS CON LA SALUD MEDIANTE IMPULSOS E INTERACCIONES BASADAS EN LA PERSUASION."
AEI:PTQ2020-011264;AEI;Torres Quevedo;2020;PTQ2020-011264;Generación de una nueva agenda de productos y servicios para la empresa a partir de la creación de un kit de herramientas metodológicas basadas en técnicas de Design Thinking y Ciencia Ciudadana;Ciencias sociales · Comunicación;SCIENCE FOR CHANGE, S.L.;B67362392;Cataluña;fuente;BARCELONA;;;;96761,70;0,00;;titulo;https://www.aei.gob.es/ayudas-concedidas/buscador-ayudas-concedidas?code=PTQ2020-011264;
AEI:PTR2020-001216;AEI;Plataformas Tecnológicas y de Innovación;2020;PTR2020-001216;Estrategia y Plan de actuación de la Plataforma Tecnológica Española de Seguridad Industrial ante los Retos de la Sociedad (2021-2022);Producción industrial, ingeniería civil e ingenierías para la sociedad · Ingeniería eléctrica, electrónica y automática;PLATAFORMA TECNOLOGICA ESPAÑOLA DE SEGURIDAD INDUSTRIAL;G01453455;País Vasco;fuente;ALAVA;;;;93208,00;0,00;;palabras-clave;https://www.aei.gob.es/ayudas-concedidas/buscador-ayudas-concedidas?code=PTR2020-001216;
FB:18535;FB;Programa Pleamar;2020;18535;RE-MAR II: Custodia ambiental para la reducción de residuos en el Espacio Marino Protegido de las Rías Baixas.;Ecosistemas marinos;Asociación Amicos;;;sin-ccaa;;;2020;;0,00;0,00;;resumen;https://fundacion-biodiversidad.es/programa_pleamar/re-mar-ii-custodia-ambiental-para-la-reduccion-de-residuos-en-el-espacio-marino-protegido-de/;"Descripción
RE-MAR II, proyecto de un año de duración, está impulsado por la Asociación AMICOS en colaboración con varias cofradías de pescadores de las Rías Baixas (Noia, Rianxo, Ribeira, etc) y el PNMTIAG.
Este proyecto pretende reducir los residuos marinos a través de la recogida, gestión y prevención de su generación con la colaboración del sector pesquero, utilizando la ciencia ciudadana como herramienta de custodia ambiental en el Espacio Marino Protegido de las Rías Baixas.
RE-MAR II realizará acciones en territorio de Red Natura 2000 marina gallega, el Espacio Marino de las Rías Baixas de Galicia, sensibilizando sobre los valores a conservar y colaborando en su conservación a través de las acciones de eliminación de basuras y de prevención de su generación. Al mismo tiempo, de modo transversal, el proyecto se conforma con un fuerte eje de integración social, al ser protagonistas y conductores de muchas de las acciones, personas con discapacidad.
Ver el proyecto
Objetivos: RE-MAR II tiene como objetivo general reducir los residuos marinos a través de la recogida, gestión y prevención de su generación con la colaboración del sector pesquero, utilizando la ciencia ciudadana como herramienta de custodia ambiental en el Espacio Marino Protegido de las Rías Baixas.
Objetivos específicos del proyecto:
1)Aumentar la participación ciudadana y, en especial, la participación de personas con discapacidad intelectual, en la conservación de las especies más vulnerables y en la prevención y recogida de residuos, a través de una reorientación de los modelos de sensibilización.
2)Impulsar y consolidar una red de colaboración entre los distintos agentes medioambientales locales y autonómicos, y las asociaciones, empresas, cofradías y clubs náuticos, para la prevención, reducción y gestión de residuos.
3)Divulgar, visibilizar y fomentar la utilización canales, herramientas e instrumentos que faciliten un mayor conocimiento sobre los residuos marinos, la prevención, los impactos, las especies más amenazadas y los espacios protegidos."
FB:18559;FB;Convocatorias de ayudas;2020;18559;Actuaciones para reducir la amenaza que supone la destrucción de nidos y la pérdida de lugares de nidificación para especies silvestres que habitan en los medios urbanos;Causas de pérdida de biodiversidad;Sociedad Española de Ornitologí­a (SEO/BirdLife);;Madrid;manual;;;2020;;0,00;0,00;;resumen;https://fundacion-biodiversidad.es/proyectos_ficha/actuaciones-para-reducir-la-amenaza-que-supone-la-destruccion-de-nidos-y-la-perdida-de/;"Se ha producido un spot publicitario que han visto más de 16,5 millones de personas en televisión y ha alcanzado casi 72.000 reproducciones en redes sociales.
1.219 personas se han registrado como colaboradores del programa de ciencia ciudadana y han registrado 852 censos de 25 especies de aves en 38 provincias.
Se ha elaborado y difundido un informe, que han descargado más de mil personas, que aúna por primera vez desde el punto de vista jurídico el análisis del marco normativo europeo y estatal en materia de protección de especies de aves silvestres que habitan en el medio urbano.
Se han atendido 79 consultas sobre la forma de actuar en casos de destrucción de nidos y se han emprendido 36 acciones, entre ellas 23 denuncias a los agentes de la autoridad o a las administraciones competentes
Objetivos: Divulgación y comunicación del proyecto.
Programa de ciencia ciudadana.
Mejora del conocimiento y atención a consultas."
FB:22475;FB;Convocatorias de ayudas;2020;22475;Elaboración y desarrollo de un programa de seguimiento de la biodiversidad marina en áreas marinas protegidas de Murcia y Almería basado en ciencia ciudadana;Ecosistemas marinos;Universidad de Murcia;;Murcia;cruce;;;2020;;0,00;0,00;;titulo;https://fundacion-biodiversidad.es/proyectos_ficha/elaboracion-y-desarrollo-de-un-programa-de-seguimiento-de-la-biodiversidad-marina-en-areas-marinas-protegidas-de-murcia-y-almeria-basado-en-ciencia-ciudadana/;"El proyecto ha desarrollado un programa de seguimiento de los cambios en la biodiversidad marina en áreas protegidas de la Red Natura 2000 y en reservas marinas de interés pesquero en el sureste ibérico, mediante metodologías participativas y de ciencia ciudadana.
En la investigación se han obtenido hasta 14 observaciones de alta relevancia para la comunidad científica.
La Universidad de Murcia ha destacado que la iniciativa ha resultado un canal de comunicación efectivo entre los sectores que trabajan en el medio marino y los científicos.
Se han realizado distintas labores de sensibilización, para dar a conocer la biodiversidad y las áreas marinas protegidas a adultos y niños, incluyendo la realización de un itinerario terrestre y tres itinerarios con snorkel y la edición de diferentes materiales divulgativos.
Objetivos: El objetivo principal del proyecto ha sido establecer y desarrollar un programa de seguimiento de los cambios en la biodiversidad marina en áreas marinas protegidas de la Red Natura 2000 y en reservas marinas de interés pesquero en el sureste ibérico (concretamente, en las provincias de Murcia y Almería), mediante metodologías participativas y de ciencia ciudadana.
Los objetivos específicos han sido los siguientes:
Establecer un diseño participativo (en colaboración con los sectores implicados, como el buceo y la pesca) de un programa de seguimiento de la biodiversidad marina basado en ciencia ciudadana, con el fin de implementar y consolidar el diagnóstico científico del estado de conservación, distribución y efectivos poblacionales de especies vulnerables al cambio climático o no directamente vinculadas al mismo en el entorno de las reservas marinas y zonas de la Red Natura 2000 del sureste español: reserva de Cabo de Palos e Islas Hormigas, reserva de Cabo Tiñoso y el Parque Natural del Cabo de Gata-Níjar.
Promover la información, concienciación y participación de la sociedad para la conservación de la biodiversidad marina, fomentando la valorización de la población sobre el patrimonio natural y cultural de la zona a nivel local y en el contexto del mar Mediterráneo. También se busca promover la sensibilización de la sociedad ante los impactos antrópicos, fomentando la protección y el uso responsable de los espacios protegidos.
Facilitar el acceso de los investigadores y administraciones públicas a los nuevos conocimientos y recursos aportados, para mejorar la transferencia del conocimiento y reforzar la cooperación de los gestores en el marco del Plan Nacional de Adaptación al Cambio Climático (PNACC).
Facilitar el acceso al público general, a los sectores del buceo, pesquero y náutico y a empresas interesadas a los nuevos conocimientos y recursos aportados en materia de adaptación al cambio climático, biodiversidad marina y minimización de impactos, para promover el uso sostenible del medio marino.
Fomentar el desarrollo económico compatible con la conservación de la biodiversidad marina, promoviendo el uso sostenible del turismo en la naturaleza mediante diversificación vinculada a la adaptación al cambio climático de las PyMES colaboradoras del proyecto y asociaciones, y concienciando sobre la importancia de la minimización de impactos de su actividad.
Aumentar la visibilidad y puesta en valor de los resultados del seguimiento de la biodiversidad marina en la zona de estudio, transfiriendo los mismos en redes ya existentes y con un enfoque de ciencia ciudadana a lo largo del Mediterráneo."
FB:24575;FB;Convocatorias de ayudas;2020;24575;Efectos del cambio climático en el hábitat Arrecifes (1170) en la región levantino–balear;Causas de pérdida de biodiversidad;Instituto de Ecología Litoral;;Comunidad Valenciana;manual;;;2020;;0,00;0,00;Fundación Biodiversidad;resumen;https://fundacion-biodiversidad.es/proyectos_ficha/efectos-del-cambio-climatico-en-el-habitat-arrecifes-1170-en-la-region-levantino-balear/;"El proyecto ha contribuido a la adaptación frente al cambio climático del hábitat marino prioritario Arrecifes (1170) mediante el seguimiento de sus principales especies en 4 espacios marinos Red Natura 2000.
Se han realizado 4 campañas de seguimiento de 599 colonias de Oculina patagonica y Cladocora caespitosa y 348 mediciones de densidades de vermétidos, contando con un total de 49 voluntarios.
17 estudiantes del IES Clot de l’Illot (Alicante) han participado en las acciones formativas y de ciencia ciudadana.
El conocimiento generado permitirá contar con información de utilidad para que los responsables de las áreas marinas estudiadas puedan diseñar medidas de adaptación.
Objetivos: El objetivo general del proyecto ha sido contribuir a la adaptación frente al cambio climático del hábitat marino prioritario Arrecifes (1170) en la región levantino-balear.
Los objetivos específicos han sido los siguientes:
Valorar la afección del cambio climático en especies vulnerables: vulnerabilidad y análisis de riesgos.
Dar a conocer las particularidades del hábitat Arrecifes frente el cambio climático.
Formar voluntarios para el seguimiento de dicho hábitat.
Potenciar el uso de interfaces ciencia-gestor."
FB:29894;FB;Convocatorias de ayudas;2020;29894;Red4C: Ciencia Ciudadana y Cambio Climático;Causas de pérdida de biodiversidad;Asociación Red Cambera;;Cantabria;manual;;;2020;;0,00;0,00;Fundación Biodiversidad;titulo;https://fundacion-biodiversidad.es/proyectos_ficha/red4c-ciencia-ciudadana-y-cambio-climatico/;"El proyecto Red4C: Ciencia Ciudadana y Cambio Climático ha conseguido crear un tejido destinado a abordar la mitigación y adaptación al cambio climático mediante la participación ciudadana.
En el marco de la iniciativa, se ha constituido una red de más de 30 entidades que han trabajado en conjunto compartiendo su experiencia sobre cambio climático y ciencia ciudadana.
Se ha elaborado la Guía Red4C: ciencia ciudadana para el seguimiento del cambio climático en los ecosistemas, dirigida a todas las personas, colectivos o entidades que deseen realizar la observación del cambio climático en un ecosistema mediante ciencia ciudadana.
Tomando como base el marco teórico generado en la guía, se ha realizado una implementación piloto en los ríos de Cantabria que ha permitido generar una metodología y materiales para el seguimiento del cambio climático en ecosistemas fluviales mediante ciencia ciudadana.
Objetivos: El objetivo general del proyecto ha sido crear una red de trabajo de ámbito nacional formada por entidades y organizaciones destinada a abordar la mitigación y adaptación al cambio climático de los sistemas biológicos mediante ciencia ciudadana.
Los objetivos específicos han sido los siguientes:
Conocer las fuentes de información de la población española sobre el cambio climático.
Conocer las creencias de la población española acerca del cambio climático, la relevancia otorgada al mismo y el potencial de amenaza percibido, así como, las actitudes y comportamientos de dicha población frente al cambio climático.
Conocer la percepción de la población española sobre las políticas y medidas de respuesta existentes en el campo de la adaptación al cambio climático.
Crear un grupo de trabajo de ámbito nacional relativo a la implementación de ciencia ciudadana en el contexto del cambio climático.
Crear una guía para el seguimiento y evaluación del cambio climático en los sistemas biológicos mediante ciencia ciudadana.
Desarrollar una metodología y materiales para la evaluación de los impactos, la vulnerabilidad y el grado de adaptación de los sistemas fluviales al cambio climático mediante ciencia ciudadana y validarla mediante una implementación piloto."
FB:48748;FB;Convocatorias de ayudas;2020;48748;Una nueva alga invasora en el Mediterráneo: invasibilidad, detección y erradicación del alga tropical Halimeda incrassata (INVHALI);Ecosistemas marinos;Universidad de las Islas Baleares;;Illes Balears;cruce;;;2020;;0,00;0,00;;resumen;https://fundacion-biodiversidad.es/proyectos_ficha/una-nueva-alga-invasora-en-el-mediterraneo-invasibilidad-deteccion-y-erradicacion-del-alga-tropical-halimeda-incrassata-invhali/;"El proyecto ha estudiado la Halimeda incrassata, un alga tropical de nueva detección presente en las costas de las Islas Baleares que podría generar un gran impacto ecológico en los ecosistemas nativos.
En el proyecto se ha observado que las especies nativas de herbívoros (peces, erizos de mar, etc.) no son capaces de contribuir de manera sustancial a limitar dicha especie.
La combinación de técnicas para su erradicación como el choque hipersalino (concentración de sal superior a la del agua del mar) o la pérdida de luz podrían ser útil, siempre y cuando haya detección temprana de esta especie en una nueva zona.
Mediante el uso de vehículos autónomos marinos se han obtenido imágenes geolocalizadas de zonas invadidas por Halimeda incrassata, y mediante inteligencia artificial se han generado de forma automatizada mapas precisos.
Además, con la ayuda de la ciencia ciudadana, se han detectado nuevas zonas de invasión de esta especie.
La iniciativa contribuye a los objetivos del proyecto LIFE INTEMARES.
Objetivos: El objetivo principal del proyecto ha sido estudiar, detectar y erradicar la especie invasora Halimeda incrassata mediante el uso de un submarino y un catamarán teledirigidos."
FECYT:2020-15610;FECYT;Fomento de la cultura científica 2020;2020;2020/15610;AQUACOLAB: LABORATORIOS COLABORATIVOS Y CIENCIA CIUDADANA PARA LA VIGILANCIA DE LA CALIDAD DE LOS SISTEMAS DE AGUA DULCE;LÍNEA DE ACTUACIÓN 3. CIENCIA CIUDADANA;UNIVERSIDAD DE BURGOS;;Castilla y León;fuente;;;;;23000,00;50497,53;;categoria;https://www.convocatoria.fecyt.es/publico/Resolucion/__Recursos/Resolucion_definitiva_convocatoria_CCI_2020.pdf;
FECYT:2020-15623;FECYT;Fomento de la cultura científica 2020;2020;2020/15623;BIODIVERSIDAD URBANA EN LOS CENTROS EDUCATIVOS DE ESPAÑA;LÍNEA DE ACTUACIÓN 3. CIENCIA CIUDADANA;UNIVERSIDAD DE ALMERÍA;;Andalucía;fuente;;;;;30000,00;103117,50;;categoria;https://www.convocatoria.fecyt.es/publico/Resolucion/__Recursos/Resolucion_definitiva_convocatoria_CCI_2020.pdf;
FECYT:2020-15680;FECYT;Fomento de la cultura científica 2020;2020;2020/15680;CREACIÓN DE UNA PLATAFORMA DIGITAL DE REFERENCIA PARA DIVULGACIÓN Y PARTICIPACIÓN CIUDADANA EN EL MONITOREO DE MARIPOSAS MIGRATORIAS;LÍNEA DE ACTUACIÓN 3. CIENCIA CIUDADANA;AGENCIA ESTATAL CONSEJO SUPERIOR DE INVESTIGACIONES CIENTIFICAS;;Madrid;fuente;;;;;24000,00;55000,00;;categoria;https://www.convocatoria.fecyt.es/publico/Resolucion/__Recursos/Resolucion_definitiva_convocatoria_CCI_2020.pdf;
FECYT:2020-15710;FECYT;Fomento de la cultura científica 2020;2020;2020/15710;ADAPTNATION: MELANOGASTER CATCH THE FLY!;LÍNEA DE ACTUACIÓN 3. CIENCIA CIUDADANA;AGENCIA ESTATAL CONSEJO SUPERIOR DE INVESTIGACIONES CIENTIFICAS;;Madrid;fuente;;;;;25000,00;65394,00;;categoria;https://www.convocatoria.fecyt.es/publico/Resolucion/__Recursos/Resolucion_definitiva_convocatoria_CCI_2020.pdf;
FECYT:2020-15743;FECYT;Fomento de la cultura científica 2020;2020;2020/15743;EMBAJADORES DE LA BIODIVERSIDAD II;LÍNEA DE ACTUACIÓN 3. CIENCIA CIUDADANA;CENTRO DE INVESTIGACIÓN Y TECNOLOGÍA AGROALIMENTARIA DE ARAGÓN (CITA);;Aragón;fuente;;;;;13300,00;32650,00;;categoria;https://www.convocatoria.fecyt.es/publico/Resolucion/__Recursos/Resolucion_definitiva_convocatoria_CCI_2020.pdf;
FECYT:2020-15745;FECYT;Fomento de la cultura científica 2020;2020;2020/15745;GEOVACUI-2: CIENCIA CIUDADANA E INICIATIVAS DE COOPERACIÓN CONTRA LA DESPOBLACIÓN EN ÁREAS RURALES;LÍNEA DE ACTUACIÓN 3. CIENCIA CIUDADANA;UNIVERSIDAD COMPLUTENSE DE MADRID;;Madrid;fuente;;;;;15000,00;37935,00;;categoria;https://www.convocatoria.fecyt.es/publico/Resolucion/__Recursos/Resolucion_definitiva_convocatoria_CCI_2020.pdf;
FECYT:2020-15766;FECYT;Fomento de la cultura científica 2020;2020;2020/15766;PICADURAS DE CONOCIMIENTO;LÍNEA DE ACTUACIÓN 3. CIENCIA CIUDADANA;UNIVERSIDAD DE ZARAGOZA;;Aragón;fuente;;;;;11400,00;19900,00;;categoria;https://www.convocatoria.fecyt.es/publico/Resolucion/__Recursos/Resolucion_definitiva_convocatoria_CCI_2020.pdf;
FECYT:2020-15815;FECYT;Fomento de la cultura científica 2020;2020;2020/15815;FAGOS CONTRA SUPERBACTERIAS;LÍNEA DE ACTUACIÓN 3. CIENCIA CIUDADANA;UNIVERSIDAD DE CANTABRIA;;Cantabria;fuente;;;;;15500,00;27500,00;;categoria;https://www.convocatoria.fecyt.es/publico/Resolucion/__Recursos/Resolucion_definitiva_convocatoria_CCI_2020.pdf;
FECYT:2020-15835;FECYT;Fomento de la cultura científica 2020;2020;2020/15835;CENTINELAS DE LA COSTA;LÍNEA DE ACTUACIÓN 3. CIENCIA CIUDADANA;UNIVERSIDADE DE VIGO;;Galicia;fuente;;;;;35000,00;63835,00;;categoria;https://www.convocatoria.fecyt.es/publico/Resolucion/__Recursos/Resolucion_definitiva_convocatoria_CCI_2020.pdf;
FECYT:2020-15860;FECYT;Fomento de la cultura científica 2020;2020;2020/15860;POSIDONIA ACTIVA 2: LA IMPORTANCIA DE LA CIENCIA CIUDADANA EN ZONAS NO PROTEGIDAS;LÍNEA DE ACTUACIÓN 3. CIENCIA CIUDADANA;ANEL.LIDES, S.L.;;Cataluña;fuente;;;;;10000,00;21160,00;;categoria;https://www.convocatoria.fecyt.es/publico/Resolucion/__Recursos/Resolucion_definitiva_convocatoria_CCI_2020.pdf;
FECYT:2020-15956;FECYT;Fomento de la cultura científica 2020;2020;2020/15956;CIENCIA CIUDADANA PARA CENTROS DE ENSEÑANZA: BASURAS MARINAS EN EL LITORAL MURCIANO;LÍNEA DE ACTUACIÓN 3. CIENCIA CIUDADANA;UNIVERSIDAD POLITÉCNICA DE CARTAGENA;;Murcia;fuente;;;;;15000,00;50900,00;;categoria;https://www.convocatoria.fecyt.es/publico/Resolucion/__Recursos/Resolucion_definitiva_convocatoria_CCI_2020.pdf;
FECYT:2020-15998;FECYT;Fomento de la cultura científica 2020;2020;2020/15998;#MEETINGBEARS: CONOCIENDO, DIVULGANDO Y ESTUDIANDO CON OSOS;LÍNEA DE ACTUACIÓN 3. CIENCIA CIUDADANA;FUNDACION OSO DE ASTURIAS;;Asturias;fuente;;;;;15600,00;48858,60;;categoria;https://www.convocatoria.fecyt.es/publico/Resolucion/__Recursos/Resolucion_definitiva_convocatoria_CCI_2020.pdf;
FECYT:2020-16040;FECYT;Fomento de la cultura científica 2020;2020;2020/16040;CARETTA A LA VISTA: INNOVACIÓN EN LA DIVULGACIÓN DEL CONOCIMIENTO CIENTÍFICO, LA EDUCACIÓN DE LAS CIENCIAS Y LA CIENCIA CIUDADANA PARA LA INVESTIGACIÓN Y CONSERVACIÓN DE TORTUGAS MARINAS;LÍNEA DE ACTUACIÓN 1. CULTURA CIENTÍFICA, TECNOLÓGICA Y DE LA INNOVACIÓN · Modalidad 1.1 Fomento de la cultura científica, tecnológica y de la innovación;FUNDACIÓ UNIVERSITÀRIA BALMES;;Cataluña;fuente;;;;;3000,00;19197,63;;titulo;https://www.convocatoria.fecyt.es/publico/Resolucion/__Recursos/Resolucion_definitiva_convocatoria_CCI_2020.pdf;
FECYT:2020-16055;FECYT;Fomento de la cultura científica 2020;2020;2020/16055;CUIDAFONTS (CUIDAFUENTES);LÍNEA DE ACTUACIÓN 3. CIENCIA CIUDADANA;CENTRE PER A LA SOSTENIBILITAT TERRITORIAL (CST);;Cataluña;fuente;;;;;10000,00;22134,00;;categoria;https://www.convocatoria.fecyt.es/publico/Resolucion/__Recursos/Resolucion_definitiva_convocatoria_CCI_2020.pdf;
FECYT:2020-16076;FECYT;Fomento de la cultura científica 2020;2020;2020/16076;PARTICIPACIÓN CIUDADANA Y ARQUEOLOGÍA EN MEDIO RURAL;LÍNEA DE ACTUACIÓN 3. CIENCIA CIUDADANA;UNIVERSITAT AUTÒNOMA DE BARCELONA;;Cataluña;fuente;;;;;7000,00;11820,00;;categoria;https://www.convocatoria.fecyt.es/publico/Resolucion/__Recursos/Resolucion_definitiva_convocatoria_CCI_2020.pdf;
FECYT:2020-16175;FECYT;Fomento de la cultura científica 2020;2020;2020/16175;MOSQUITO ALERT PARA JÓVENES: FOMENTANDO VOCACIONES CIENTÍFICAS A PARTIR DE LA CIENCIA CIUDADANA;LÍNEA DE ACTUACIÓN 2. EDUCACIÓN Y VOCACIONES CIENTÍFICAS;ASSOCIACIÓ MEDIAMBIENTAL XATRAC;;Cataluña;fuente;;;;;9940,00;37710,00;;titulo;https://www.convocatoria.fecyt.es/publico/Resolucion/__Recursos/Resolucion_definitiva_convocatoria_CCI_2020.pdf;
FECYT:2020-16181;FECYT;Fomento de la cultura científica 2020;2020;2020/16181;FENOTWIN - EL GEMELO DIGITAL DE FENOLOGÍA;LÍNEA DE ACTUACIÓN 3. CIENCIA CIUDADANA;CENTRO DE INVESTIGACIÓN ECOLÓGICA Y APLICACIONES FORESTALES;;Cataluña;fuente;;;;;30000,00;74920,00;;categoria;https://www.convocatoria.fecyt.es/publico/Resolucion/__Recursos/Resolucion_definitiva_convocatoria_CCI_2020.pdf;
FECYT:2020-16367;FECYT;Fomento de la cultura científica 2020;2020;2020/16367;CARPETANIA RUSTICA: DIGITALIZACIÓN CROWDSOURCED DEL REGISTRO ARQUEOLÓGICO DE LOS ASENTAMIENTOS RURALES ROMANOS EN MADRID;LÍNEA DE ACTUACIÓN 3. CIENCIA CIUDADANA;UNIVERSIDAD CARLOS III DE MADRID;;Madrid;fuente;;;;;5000,00;21213,50;;categoria;https://www.convocatoria.fecyt.es/publico/Resolucion/__Recursos/Resolucion_definitiva_convocatoria_CCI_2020.pdf;
FECYT:2020-16371;FECYT;Fomento de la cultura científica 2020;2020;2020/16371;ODOURCOLLECT: CIENCIA CIUDADANA EN ESCENARIOS DE APRENDIZAJE INTERGENERACIONALES Y TRANSCULTURALES;LÍNEA DE ACTUACIÓN 3. CIENCIA CIUDADANA;SCIENCE FOR CHANGE;;Cataluña;fuente;;;;;18000,00;39591,88;;categoria;https://www.convocatoria.fecyt.es/publico/Resolucion/__Recursos/Resolucion_definitiva_convocatoria_CCI_2020.pdf;
FECYT:2020-16373;FECYT;Fomento de la cultura científica 2020;2020;2020/16373;INTERFUNGI.NET: RED DE OBSERVADORES INTERGENERACIONALES DEL REINO FUNGI.;LÍNEA DE ACTUACIÓN 3. CIENCIA CIUDADANA;CENTRO DE INVESTIGACIÓN Y TECNOLOGÍA AGROALIMENTARIA DE ARAGÓN (CITA);;Aragón;fuente;;;;;26000,00;54000,00;;categoria;https://www.convocatoria.fecyt.es/publico/Resolucion/__Recursos/Resolucion_definitiva_convocatoria_CCI_2020.pdf;
FECYT:2020-16451;FECYT;Fomento de la cultura científica 2020;2020;2020/16451;LITERATURA Y SOCIEDAD: ARCHIVOS, ENTIDADES, PUBLICACIONES;LÍNEA DE ACTUACIÓN 3. CIENCIA CIUDADANA;UNIVERSITAT DE GIRONA;;Cataluña;fuente;;;;;22000,00;37888,32;;categoria;https://www.convocatoria.fecyt.es/publico/Resolucion/__Recursos/Resolucion_definitiva_convocatoria_CCI_2020.pdf;
FECYT:2020-16485;FECYT;Fomento de la cultura científica 2020;2020;2020/16485;CIENCIA CIUDADANA: CREACIÓN DE UN BANCO DE DATOS DE EXPRESIONES DE DOLOR POR PERSONAS CON PARÁLISIS CEREBRAL.;LÍNEA DE ACTUACIÓN 3. CIENCIA CIUDADANA;UNIVERSITAT DE LES ILLES BALEARS;;Illes Balears;fuente;;;;;9200,00;23346,00;;categoria;https://www.convocatoria.fecyt.es/publico/Resolucion/__Recursos/Resolucion_definitiva_convocatoria_CCI_2020.pdf;
AEI:DIN2019-010874;AEI;Doctorados Industriales;2019;DIN2019-010874;Análisis genético de especies acuáticas protegidas;Ciencias y tecnologías medioambientales · Biodiversidad;ECOHYDROS, S.L.;B39564380;Cantabria;fuente;CANTABRIA;;;;69974,40;0,00;;palabras-clave;https://www.aei.gob.es/ayudas-concedidas/buscador-ayudas-concedidas?code=DIN2019-010874;
AEI:EIN2019-103189;AEI;Europa Investigación;2019;EIN2019-103189;BIOTECNOLOGIA, TECNOLOGIA Y CIENCIA CIUDADANA PARA SACAR LOS MICROPLASTICOS DE LAS AGUAS EUROPEAS.;Ciencias y tecnologías medioambientales · Ciencias y tecnologías marinas;UNIVERSIDAD DE OVIEDO;Q3318001I;Asturias;fuente;ASTURIAS;;;;11200,00;0,00;;titulo;https://www.aei.gob.es/ayudas-concedidas/buscador-ayudas-concedidas?code=EIN2019-103189;"OBJETIVO DE LA ACTUACION. LA ACTUACION PROPUESTA ES DISEÑAR, CREAR EL CONSORCIO Y SOLICITAR A LA COMISION EUROPEA UNA ACCION MARIE SKLODOWSKA-CURIE ITN PARA FORMACION INTERNACIONAL DE DOCE EARLY STAGE RESEARCHERS (DOCTORANDOS). EL TEMA SERA EL DESARROLLO DE BIOTECNOLOGIAS Y TECNOLOGIAS EFICIENTES Y AMBIENTALMENTE SOSTENIBLES, INCLUYENDO ESTRATEGIAS DE CIENCIA CIUDADANA, PARA LA PREVENCION Y ELIMINACION DE MICROPLASTICOS DEL MEDIO ACUATICO: EN AGUA DULCE Y EN EL MAR. LAS TESIS DOCTORALES DE LOS/LAS ESR SERAN PARTE INTEGRAL DE LOS OBJETIVOS DE LA ITN, Y VERSARAN SOBRE SEIS ASPECTOS: 1) INCIDENCIA REAL DE LOS MICROPLASTICOS EN MEDIO ACUATICO EN EUROPA; 2) EFECTOS EPIGENETICOS Y GENOMICOS DE LA EXPOSICION A MICROPLASTICOS EN ORGANISMOS ACUATICOS; 3) DESARROLLO DE TECNOLOGIAS PARA LA CONCENTRACION Y EXTRACCION DE MICROPLASTICOS DEL MEDIO ACUATICO; 4) ORGANISMOS Y PROCESOS DE BIORREMEDIACION; 5) PROCESOS TECNOLOGICOS DE RECICLAJE Y TRANSFORMACION DE MICROPLASTICOS PARA OTROS USOS; 6) INNOVACION EN ESTRATEGIAS DE CIENCIA CIUDADANA PARA INVESTIGAR Y CONCIENCIAR SOBRE EL MICROPLASTICO."
AEI:FJC2019-041371-I;AEI;Juan de la Cierva Formación;2019;FJC2019-041371-I;Linguistic landscapes of protest;Mente, lenguaje y pensamiento · Lingüística y lenguas;UNIVERSIDAD AUTONOMA DE MADRID;Q2818013A;Madrid;fuente;MADRID;;;;50000,00;0,00;;palabras-clave;https://www.aei.gob.es/ayudas-concedidas/buscador-ayudas-concedidas?code=FJC2019-041371-I;
AEI:PID2019-104052RB-C21;AEI;Proyectos de I+D+I (Generación de Conocimiento y Retos Investigación);2019;PID2019-104052RB-C21;DIAGNOSTICO DE LA OS EN LA UNIVERSIDAD ESPAÑOLA E INSTRUMENTOS PARA SU TRANSFORMACION Y MEJORA;Ciencias sociales · Comunicación;UNIVERSIDAD CARLOS III DE MADRID;Q2818029G;Madrid;fuente;MADRID;;;;67518,00;0,00;;resumen;https://www.aei.gob.es/ayudas-concedidas/buscador-ayudas-concedidas?code=PID2019-104052RB-C21;"EL SUBPROYECTO 1 TRATARA DE ESTABLECER UN DIAGNOSTICO ANALITICAMENTE ROBUSTO DEL ESTADO Y CONFIGURACION DE LA OPEN SCIENCE (OS) EN EL SISTEMA UNIVERSITARIO ESPAÑOL. SE PARTE DE LA NECESIDAD DE UNA COMPRENSION AMPLIA DEL ALCANCE DE OS -DE SUS LIMITES Y OPORTUNIDADES PARA UNA PRODUCCION SOSTENIBLE DEL CONOCIMIENTO- PARA IDENTIFICAR LOS ELEMENTOS FACILITADORES Y BARRERAS PARA SU DESARROLLO EN EL SISTEMA UNIVERSITARIO ESPAÑOL. A PARTIR DEL DIAGNOSTICO INICIAL, SE PRETENDE OFRECER INSTRUMENTOS PARA EL REFUERZO Y MEJORA DE LA IMPLEMENTACION DE LA OS EN LAS UNIVERSIDADES ESPAÑOLAS.
PARA ELLO, SE PROPONEN UNA SERIE DE OBJETIVOS (O) ESPECIFICOS QUE ABARCAN UN AMPLIO ABANICO DE TAREAS. SE PARTIRA DE UNA REVISION BIBLIOGRAFICA EXHAUSTIVA PARA IDENTIFICAR, RECUPERAR Y ANALIZAR EL CONTENIDO DE LAS POLITICAS, ESTRATEGIAS, NORMATIVAS, REGULACIONES QUE EXISTEN (TANTO A NIVEL NACIONAL COMO INTERNACIONAL) SOBRE OS EN EL AMBITO DE LA EDUCACION SUPERIOR (O1). POR OTRO LADO, SE REALIZARA UN ESTUDIO CIENCIOMETRICO QUE PERMITIRA DETECTAR LA ACTIVIDAD INVESTIGADORA DE LAS UNIVERSIDADES ESPAÑOLAS SOBRE OS (EN TERMINOS DE PROYECTOS Y PUBLICACIONES) (O2). SIMULTANEAMENTE SE LLEVARA A CABO UN ESTUDIO DE CAMPO EN PROFUNDIDAD, PARA CONOCER LA PERCEPCION (CONOCIMIENTOS, ACTITUDES, VALORES) DE DIFERENTES ACTORES SOCIALES CON RESPECTO AL DESARROLLO DE LA OS EN LAS UNIVERSIDADES ESPAÑOLAS (O3). SE PROPONE TAMBIEN, LA ELABORACION DE UN MARCO TEORICO Y CONCEPTUAL PARA EL DESARROLLO DE NUEVAS METRICAS PARA LA MEDICION DE LAS ACTIVIDADES OS EN ESTAS INSTITUCIONES DE EDUCACION SUPERIOR (O4). EN ESTA LINEA, SE DISEÑARA UNA BATERIA DE INDICADORES PARA OPERACIONALIZAR LA MEDICION DE LAS ACTIVIDADES OS, TANTO A NIVEL MESO (INSTITUCIONAL) COMO MICRO (INVESTIGADORES) (O5) Y SE APLICARA A UNA MUESTRA DE INSTITUCIONES E INVESTIGADORES (O6). POR ULTIMO, SE PROPONDRAN ACCIONES PARA LA IMPLEMENTACION DE DIVERSAS ACTIVIDADES DE OS EN LAS UNIVERSIDADES ESPAÑOLAS HACIENDO HINCAPIE EN LA COLABORACION CON DIFERENTES AGENTES SOCIALES Y PONIENDO EN MARCHA INICIATIVAS DE CIENCIA CIUDADANA PARA LA CONSOLIDACION DE UNIDADES DE SCIENCE-SHOP EN LAS INSTITUCIONES PARTICIPANTES.
LOS INTEGRANTES DEL SUBPROYECTO 1 CUENTAN CON AMPLIA EXPERIENCIA EN ACTIVIDADES RELACIONADAS CON LA MEDICION DE LA ACTIVIDAD INVESTIGADORA, LA GOBERNANZA UNIVERSITARIA Y LA IMPLEMENTACION DE ACTIVIDADES DE INVESTIGACION PARTICIPATIVA. ES POR ESTO QUE, A PARTIR DE LA EXPERIENCIA PREVIA, SE PONDRAN EN COMUN METODOLOGIAS CUANTITATIVAS Y CUALITATIVAS PARA UN ANALISIS HOLISTICO DEL TEMA PLANTEADO.
SE TRATA DE UN PROYECTO CON UN ALTO GRADO DE INNOVACION, NO SOLO POR LA MULTIDISCIPLINARIEDAD QUE IMPLICA Y LA DIVERSIDAD DE ABORDAJES PROPUESTOS, SINO POR EL IMPACTO ESPERADO. EN CONSONANCIA CON LA FILOSOFIA DEL PROYECTO, LA DOCUMENTACION Y LOS RESULTADOS PRODUCIDOS SERAN PUESTOS EN ACCESO ABIERTO Y SE CREARA UNA PLATAFORMA ESPECIFICA (HUB) PARA LA DIFUSION Y CONTACTO CON DIVERSOS ACTORES SOCIALES. LA IMPLEMENTACION DE INICIATIVAS DE CIENCIA CIUDADANA PERMITIRA TAMBIEN DESARROLLAR ACCIONES CONJUNTAS ENTRE LA UNIVERSIDAD Y DIFERENTES STAKEHOLDERS, PARA LOGRAR RESOLVER PROBLEMAS LOCALES CONCRETOS. POR OTRO LADO, LA PROPUESTA DE GENERACION DE NUEVAS METRICAS SERA UN INSUMO CENTRAL PARA GESTORES, EVALUADORES Y ACADEMICOS Y PRETENDE MODIFICAR LOS HABITOS DE DIFUSION, PRODUCCION Y EVALUACION DE LA ACTIVIDAD DE LAS UNIVERSIDADES CONTRIBUYENDO A SU TRANSFORMACION HACIA UN MODELO MAS PARTICIPATIVO, ABIERTO, COLABORATIVO Y SOSTENIBLE."
AEI:PID2019-105320RB-I00;AEI;Proyectos de I+D+I (Generación de Conocimiento y Retos Investigación);2019;PID2019-105320RB-I00;ESTUDIO SOBRE LA ENSEÑANZA DE LAS CIENCIAS EN EDUCACION INFANTIL Y PRIMARIA. PROPUESTAS DE MEJORA;Ciencias de la educación · Ciencias de la educación;UNIVERSITAT DE VALÈNCIA;Q4618001D;Comunidad Valenciana;fuente;VALENCIA;;;;47190,00;0,00;;resumen;https://www.aei.gob.es/ayudas-concedidas/buscador-ayudas-concedidas?code=PID2019-105320RB-I00;"LA ESTRATEGIA ESPAÑOLA DE CIENCIA Y TECNOLOGIA RESALTA LA IMPORTANCIA DE LOS COMPORTAMIENTOS Y PERCEPCIONES SOCIALES DE LA CIENCIA Y LA TECNOLOGIA, EN LA MEDIDA EN QUE ESTOS PUEDEN PROPICIAR O INHIBIR EL PROCESO DE INNOVACION. POR OTRA PARTE, EL RETO 6, PLANTEA CIENCIA CON Y PARA LA SOCIEDAD Y EL APARTADO XI DEL RETO 5 PROPONE EL FOMENTO DE CIENCIA CIUDADANA Y CAMBIO CLIMATICO. 
DADO QUE EN LAS ETAPAS DE INFANTIL Y PRIMARIA SE INICIA LA ENSEÑANZA DE LAS CIENCIAS, NUESTRA INVESTIGACION ABORDA LA ENSEÑANZA DE LAS CIENCIAS EN LOS CENTROS DE EDUCACION INFANTIL Y PRIMARIA (CEIPS), ANALIZANDO LOS MEDIOS Y RECURSOS DISPONIBLES PARA SU ENSEÑANZA, ASI COMO LA FORMACION DE LOS MAESTROS Y MAESTRAS EN ACTIVO EN CIENCIAS Y SU DIDACTICA, LAS ESTRATEGIAS O METODOLOGIAS QUE UTILIZAN PARA ENSEÑAR CIENCIAS Y SI INCLUYEN LA EMERGENCIA CLIMATICA Y LA EDUCACION PARA LA SOSTENIBILIDAD. 
ESTE ANALISIS PERMITIRA DIAGNOSTICAR LAS NECESIDADES FORMATIVAS TANTO DEL PROFESORADO EN FORMACION COMO EN ACTIVO EN CUANTO A LA ENSEÑANZA DE CIENCIAS, LAS DIFICULTADES QUE ENCUENTRAN Y SI SU FORMACION INICIAL Y PERMANENTE LAS TIENE EN CUENTA. LOS RESULTADOS PERMITIRAN REALIZAR PROPUESTAS DE MEJORA AL TIEMPO QUE POTENCIEN LA RETROALIMENTACION ENTRE LA PRACTICA DOCENTE Y LA FORMACION DE PROFESORADO. 
PARA ELLO SE PLANTEAN LOS SIGUIENTES OBJETIVOS DE INVESTIGACION:
1.	REVISAR LA FORMACION EN CIENCIAS Y SU DIDACTICA EN LOS PLANES DE ESTUDIO DE MAESTROS Y MAESTRAS DE INFANTIL Y PRIMARIA DE DIFERENTES UNIVERSIDADES ESPAÑOLAS E INTERNACIONALES.
2.	REGISTRAR LOS RECURSOS Y MEDIOS DE LOS CEIPS.  
3.	AVERIGUAR LA ESPECIALIDAD DE ACCESO DE LOS MAESTROS Y MAESTRAS A LA FUNCION DOCENTE Y LA QUE EJERCEN EN LA ACTUALIDAD.
4.	ELABORAR UN LISTADO DE FRECUENCIAS DE USO DE LAS ESTRATEGIAS, METODOLOGIAS, ORGANIZACION DE ESPACIOS (LABORATORIO, RINCONES, AULAS FLEXIBLES...), Y TIC.
5.	ANALIZAR EL TIPO DE MATERIALES Y LAS FORMAS DE EVALUACION QUE EMPLEAN EN LAS CLASES DE CIENCIAS.
6.	AVERIGUAR SI EN SU DOCENCIA TIENEN EN CUENTA LA EMERGENCIA CLIMATICA Y LA EDUCACION PARA LA SOSTENIBILIDAD.
7.	DETECTAR LAS CREENCIAS Y CONVICCIONES ERRONEAS SOBRE LA NATURALEZA DE LA CIENCIA, INCLUYENDO NEUROMITOS.
8.	REGISTRAR AQUELLOS ASPECTOS QUE HAN SIDO MAS UTILES EN LA FORMACION INICIAL Y PERMANENTE DESDE LA PERCEPCION DEL PROFESORADO, ASI COMO SUS CARENCIAS.
9.	REVELAR LAS NECESIDADES FORMATIVAS EN BASE A LAS CARENCIAS DETECTADAS.
10.	REALIZAR PROPUESTAS DE ENSEÑANZA DE LAS CIENCIAS Y DE FORMACION DEL PROFESORADO DE EI Y EP.
PARA CONSEGUIRLOS CONTAMOS CON LA EXPERIENCIA DE PROYECTOS ANTERIORES, EDU2011-24285 Y EDU2015-69701-P (FORMAPROFE1 Y 2 RESPECTIVAMENTE), ALGUNOS DE CUYOS INSTRUMENTOS DE OBSERVACION Y EVALUACION PRETENDEMOS ADAPTAR Y UTILIZAR. 
EN RESUMEN, ESTE PROYECTO ABORDA UNA TEMATICA CON UNA GRAN NECESIDAD DE INVESTIGACION. POR UNA PARTE, ABORDA EL DIAGNOSTICO DE LA SITUACION DE LA ENSEÑANZA DE LAS CIENCIAS EN LOS CEIPS Y CON LOS DOCENTES EN ACTIVO. POR OTRA, PROMUEVE LA TRANSFERENCIA DE LOS RESULTADOS DE INVESTIGACION A LA FORMACION INICIAL Y PERMANENTE DE LOS MAESTROS Y MAESTRAS Y A LA SOCIEDAD, PARA OPTIMIZAR Y FAVORECER EL NECESARIO PROCESO DE DISEMINACION DE CONOCIMIENTOS QUE DEBE TRADUCIRSE EN UN CAMBIO DE LAS PRACTICAS DOCENTES, ENCAMINADO A FOMENTAR EL INTERES DEL ALUMNADO POR LA CIENCIA Y EL APRENDIZAJE DE LA MISMA, ASI COMO A INCORPORAR LA SOSTENIBILIDAD EN LOS DIFERENTES NIVELES EDUCATIVOS BAJO LA PREMISA DE QUE EL ALUMNADO FORMA PARTE DE LA CIUDADANIA ACTIVA ACTUAL."
AEI:PID2019-106811GB-C33;AEI;Proyectos de I+D+I (Generación de Conocimiento y Retos Investigación);2019;PID2019-106811GB-C33;FISICA ESTADISTICA PARA CIUDADES: MODELOS ESTOCASTICOS Y EXPERIMENTOS PUBLICOS;Ciencias físicas · Física y sus aplicaciones;UNIVERSIDAD DE BARCELONA;Q0818001J;Cataluña;fuente;BARCELONA;;;;77440,00;0,00;;resumen;https://www.aei.gob.es/ayudas-concedidas/buscador-ayudas-concedidas?code=PID2019-106811GB-C33;"AL MENOS DESDE LA REVOLUCION CIENTIFICA, LOS MODELOS MATEMATICOS INTERPRETABLES HAN SIDO INSTRUMENTALES PARA AVANZAR EN NUESTRO CONOCIMIENTO DEL MUNDO. LA ERA DEL BIG DATA PROMETIA FACILITAR EL DESCUBRIMIENTO DE MODELOS INTERPRETABLES DE SISTEMAS NATURALES Y SOCIO-ECONOMICOS QUE ANTERIORMENTE NO SE PODIAN ANALIZAR DE MANERA CUANTITATIVA. AUN ASI, NO HEMOS PRESENCIADO LA ESPERADA EXPLOSION DE MODELOS MATEMATICOS INTERPRETABLES. EN PARTE, ESTO ES PORQUE MODELOS DE APRENDIZAJE AUTOMATICO (MACHINE LEARNING) ESTAN DE FACTO TOMANDO SU LUGAR. SIN EMBARGO, MUCHOS MODELOS DE APRENDIZAJE AUTOMATICO NO SON INTERPRETABLES, POR LO QUE UN USO DESCONTROLADO DE ELLOS PUEDE TENER CONSECUENCIAS INDESEADAS CUANDO NUESTRAS DECISIONES DEPENDEN DE LOS RESULTADOS DE ESTOS MODELOS.

LA APROXIMACION DE LA FISICA ESTADISTICA, QUE SE BASAN EN USAR MODELOS INTERPRETABLES A NIVEL MICROSCOPICO PARA ENTENDER EL COMPORTAMIENTO MACROSCOPICO, NOS BRINDA UNA POSICION UNICA PARA ESTABLECER LOS FUNDAMENTOS DE ALGORITMOS ALTERNATIVOS PARA LA SELECCION Y VALIDACION DE MODELOS INTERPRETABLES QUE APRENDERAN DE LOS DATOS PERO QUE SERAN FUNDAMENTALMENTE DISTINTOS DE LOS ALGORITMOS DE MACHINE LEARNING QUE CONOCEMOS.

LOS SISTEMAS SOCIO-ECONOMICOS, Y EN PARTICULAR LAS CIUDADES, PRESENTAN UN CONTEXTO ESPECIFICO EN QUE LA NECESIDAD DE MEJORES MODELOS INTERPRETABLES ES CRITICA: ENTENDER LOS MICRO-MOTIVOS DETRAS DEL COMPORTAMIENTO HUMANO ES UN PASO NECESARIO PARA EXPLICAR SU COMPORTAMIENTO MACROSCOPICO SOCIAL Y PARA SER UTILES EN EL PROCESO DE TOMA DE DECISIONES. PESE A LAS CONTRIBUCIONES DE LA FISICA ESTADISTICA A LOS FENOMENOS URBANOS, MUCHAS DE LAS HERRAMIENTAS USADAS NO VAN MAS ALLA DE LA METAFORA DEL BOTTOM-UP. TENIENDO EN CUENTA EL CRECIMIENTO ESPERADO DE LAS CIUDADES A ESCALA MUNDIAL EN LA PROXIMA DECADA Y LA ABUNDANCIA DE DATOS URBANOS, HAY UNA NECESIDAD IMPERIOSA DE PODER OBTENER MODELOS INTERPRETABLES Y VALIDABLES EN UN CONTEXTO URBANO A PARTIR DE DATOS.

STATPHYS4CITIES ENFOCARA ESTOS RETOS EN UN ESFUERZO COORDINADO QUE CONTRIBUIRA EN EL AVANCE DE LA INVESTIGACION DE PROBLEMAS URBANOS DESDE UN PUNTO DE VISTA DE LA FISICA ESTADISTICA Y QUE COMBINARA MODELOS Y METODOS DE TEORIA DE REDES, PROCESOS ESTOCASTICOS Y FENOMENOS CRITICOS CON UN ENFOQUE DATA-DRIVEN. ESPECIFICAMENTE, STATPHYS4CITIES TIENE DOS OBJETIVOS GENERALES:

1.	DESARROLLAR HERRAMIENTAS DE SELECCION Y VALIDACION DE MODELOS INTERPRETABLES. ESTAS HERRAMIENTAS DEBEN PODER INFORMAR EL PROCESO DE OBTENCION DE NUEVOS DATOS PARA RESPONDER PREGUNTAS CONCRETAS. 
2.	OBTENER UNA MEJOR COMPRENSION DE LA MOVILIDAD, EL BIENESTAR Y DESIGUALDADES EN LAS CIUDADES VIA EL ANALISIS/MODELADO/INTERPRETACION DE DATOS EXISTENTES Y DE LA ADQUISICION DE NUEVOS DATOS SOBRE ESTOS TEMAS.

EN PARTICULAR, ESTE SUBPROYECTO SE CENTRARA EN DOS ASPECTOS. UB EXPLORARA LOS PROCESOS ESTOCASTICOS Y LOS FORMALISMOS DE CAMINOS ALEATORIAS EN TIEMPO CONTINUO PARA PLANTEAR NUEVAS FORMULACIONES MATEMATICAS EN TEMAS RELACIONADOS CON LA MOVILIDAD, EL BIENESTAR Y LAS DESIGUALDADES. UB DESARROLLARA EXPERIMENTOS PUBLICOS, INCLUSIVOS Y PARTICIPATIVOS SOBRE MOVILIDAD Y BIENESTAR DE LOS CIUDADANOS. BAJO LA FORMA DE CIENCIA CIUDADANA, LOS EXPERIMENTOS PUBLICOS REFINARAN PREGUNTAS DE INVESTIGACION PLANTEADAS CON LA PARTICIPACION DE UN GRUPO DE CIUDADANOS PREOCUPADOS SOBRE EL TEMA. EL ENFOQUE QUIERE MEJORAR UN CONOCIMIENTO SOCIALMENTE SOLIDO LISTO PARA USARSE POR PARTE DE LOS RESPONSABLES DE POLITICAS PUBLICAS."
AEI:PID2019-106834RB-I00;AEI;Proyectos de I+D+I (Generación de Conocimiento y Retos Investigación);2019;PID2019-106834RB-I00;PROTOTIPO CLOUD DE EVALUACION  DE RIESGOS A TRAVES DE LA INTEGRACION ESPACIAL DE GEODATOS (GRID MULTIESCALARES) Y CLIENTES WEB (DASHBOARD) PARA SU GESTION Y MEDIDAS DE ADAPTA;Ciencias sociales · Geografía;UNIVERSIDAD DE SEVILLA;Q4118001I;Andalucía;fuente;SEVILLA;;;;72600,00;0,00;;resumen;https://www.aei.gob.es/ayudas-concedidas/buscador-ayudas-concedidas?code=PID2019-106834RB-I00;"ESTE PROYECTO SUPONE LA LOGICA CONTINUACION Y COMPLEMENTO DE LOS ANTERIORES (CSO2014-51994-P Y CSO2010-15807) CENTRANDOSE EN LA TRANSFERENCIA DE DATOS, METODOLOGIAS Y RESULTADOS A LA SOCIEDAD EN UN ENTORNO TECNOLOGICO INNOVADOR QUE OFRECE MAYOR TRANSVERSALIDAD (APLICABLE A CUALQUIER RIESGO NATURAL) Y MEJORA EL DESARROLLO DE HERRAMIENTAS WEB PARA LA GESTION DE DICHOS RIESGOS Y LA ADOPCION DE MEDIDAS DE ADAPTACION. 

EL OBJETIVO GENERAL CONSISTE EN DESARROLLAR UN CONJUNTO DE METODOLOGIAS APOYADAS EN EL USO DE REJILLAS/TESELAS MULTIESCALARES (CUADRADOS, HEXAGONOS), QUE SOLVENTEN LA NECESARIA INTEGRACION ESPACIAL DE LOS DATOS MULTITEMATICOS REQUERIDOS (SOCIO-DEMOGRAFICOS/FISICO-NATURALES, RASTER/VECTOR, ESCALAS DE DETALLE/GLOBALES). SE PROPONE UN NUEVO ENTORNO CIENTIFICO-TECNOLOGICO DE EJECUCION (CLOUD COMPUTING Y OPEN DATA) Y UN CONJUNTO DE HERRAMIENTAS WEB (DASHBOARD) QUE FACILITEN A LA SOCIEDAD LA GESTION DE RIESGOS Y  LA ADOPCION DE MEDIDAS DE ADAPTACION.  LOS OBJETIVOS ESPECIFICOS CUBREN TRES ASPECTOS:

A.DISEÑAR UNA METODOLOGIA INNOVADORA EN LA INVESTIGACION DE LA GESTION DE RIESGOS QUE OPTIMICE LA INTEGRACION ESPACIAL DE LAS PRINCIPALES VARIABLES ANTROPICAS (POBLACION, CATASTRO, INFRAESTRUCTURAS, TURISMO) QUE REQUIERE EL CALCULO DE LA VULNERABILIDAD, RECURRIENDO A LOS DATOS MAS DETALLADOS PROCEDENTES DE REGISTROS OFICIALES PARA GARANTIZAR SU ACTUALIZACION Y CALCULOS FUTUROS. LOS DATOS ORIGINALES SE NORMALIZARAN ADAPTANDOLOS UN MODELO DE DATOS PARA SU INTEGRACION EN UN GESTOR DE BASES DE DATOS ESPACIALES. SE PROPONDRAN DIFERENTES METODOLOGIAS PARA LA ADSCRIPCION DE LOS DATOS NORMALIZADOS A REJILLAS/TESELAS MULTIESCALARES/MULTIEDIMENSIONALES Y SE INTEGRARAN  IGUALMENTE LAS VARIABLES DISPONIBLES  DE PELIGROSIDAD Y EXPOSICION. DE TODO ESTE PROCESO SE DERIVA, FINALMENTE, EL DISEÑO DE UNA BASE DE DATOS HOMOGENEA ESPACIALMENTE, NORMALIZADA, FLEXIBLE, MULTIESCALAR Y MULTIDIMENSIONAL, QUE SUSTENTE LA REALIZACION DE LOS CALCULOS CORRESPONDIENTES A LA EVALUACION FINAL DEL RIESGO .  
B.DESARROLLAR UNA ARQUITECTURA DE MICROSERVICIOS EN UN ENTORNO DE CLOUD COMPUTING Y OPEN DATA, QUE OPTIMICE EL PROCESO DE ADSCRIPCION A LAS REJILLAS MULTIESCALARES DE GRANDES VOLUMENES DE DATOS, PARTIENDO DEL MODELO DE DATOS DISEÑADO SEGUN EL OBJETIVO ANTERIOR. DADA LA MAGNITUD DE ESTOS VOLUMENES DE INFORMACION, SU NIVEL DE DETALLE, VARIEDAD Y GRADO DE ACTUALIZACION, ESTA OPCION TECNOLOGICA CONSTITUYE UN REQUISITO ESENCIAL PARA LA EJECUCION EFICAZ DEL PROYECTO. ESTE ENTORNO TECNOLOGICO, PARA EL QUE LAS REJILLAS/TESELAS REPRESENTAN UNA ESTRUCTURA IDONEA, FACILITARA LOS PROCESOS DE ACTUALIZACION DE LOS DATOS DE FORMA RAPIDA Y AUTOMATICA (ESENCIAL EN LA GESTION DE RIESGOS NATURALES Y MEDIDAS DE ANTICIPACION EN LA ADAPTACION), ASI COMO LA REUTILIZACION DE LOS RECURSOS DESARROLLADOS (DATOS Y SERVICIOS WEB) POR TERCEROS A TRAVES DE APIS Y SERVICIOS INTEROPERABLES OGC. 
C.DESDE LA EXPERIENCIA PRECEDENTE EN EL DESARROLLO DE GEOVISORES WEB, EVOLUCIONAR HACIA UN CATALOGO DE COMPONENTES EN LOS CLIENTES (GEOVISORES, GRAFICOS CIENTIFICOS, CALCULADORAS DE INDICADORES...) CON LOS QUE DESARROLLAR CUADROS DE MANDO (CONSTRUCTOR DE DASHBOARD) COMO HERRAMIENTAS WEB PARA LA GESTION DE RIESGOS. ESTOS CLIENTES PODRIAN REUTILIZARSE TANTO POR LA ADMINISTRACION (GESTION), COMO POR CIENTIFICOS (PROYECTOS EN ENTORNOS CLOUD) Y CIUDADANOS (CITIZEN SCIENCE) PARA DESARROLLAR ESTRATEGIAS DE ADAPTACION ANTE LOS RIESGOS NATURALES, INTIMAMENTE VINCULADOS AL CAMBIO CLIMATICO Y GLOBAL."
AEI:PID2019-108589RA-I00;AEI;Proyectos de I+D+I (Generación de Conocimiento y Retos Investigación);2019;PID2019-108589RA-I00;VARIABILIDAD DE LA SEQUIA EN LA PENINSULA IBERICA EN LOS ULTIMOS 500 AÑOS, UNA APROXIMACION METODOLOGICA;Ciencias y tecnologías medioambientales · Clima y atmósfera;UNIVERSIDAD DE ZARAGOZA;Q5018001G;Aragón;fuente;ZARAGOZA;;;;108900,00;0,00;;palabras-clave;https://www.aei.gob.es/ayudas-concedidas/buscador-ayudas-concedidas?code=PID2019-108589RA-I00;"LA SEQUIA PRESENTA UNA ELEVADA RECURRENCIA EN ESPAÑA DEBIDO A SUS CARACTERISTICAS CLIMATICAS, SIENDO EL PRINCIPAL RIESGO NATURAL EN TERMINOS DE IMPACTO ECONOMICO Y AMBIENTAL. POR DESGRACIA LA SEQUIA ES UN FENOMENO COMPLEJO, DIFICIL DE CUANTIFICAR Y ANALIZAR DEBIDO A SUS CARACTERISTICAS DIFERENCIALES CON OTROS RIESGOS COMO SU LENTO DESARROLLO, LA DIFICIL IDENTIFICACION DE SUS IMPACTOS O SU AMPLIA DISTRIBUCION ESPACIAL POR CITAR ALGUNO DE ELLOS. EL ESTUDIO DE LAS SEQUIAS EN ESPAÑA SE HA DESARROLLADO MAYORMENTE A PARTIR DE LOS DATOS DE ESTACIONES METEOROLOGICAS QUE CUBREN, EN EL MEJOR DE LOS CASOS, LOS ULTIMOS 100 AÑOS. SIN EMBARGO, ESTE MARCO TEMPORAL ES MUY CORTO PARA ESTUDIAR UN FENOMENO TAN COMPLEJO. AUMENTAR EL MARCO TEMPORAL EN EL ESTUDIO DE LAS SEQUIAS ES FUNDAMENTAL PARA CONOCER SU VARIABILIDAD DE BAJA FRECUENCIA, PONER EN CONTEXTO LAS TENDENCIAS OBSERVADAS EN LA ACTUALIDAD, CALCULAR PERIODOS DE RETORNO, EVALUAR LOS MECANISMOS ATMOSFERICOS QUE LAS CONTROLAN, ANALIZAR LA RELACION ENTRE LOS INDICES DE SEQUIA Y LOS IMPACTOS EN LOS DISTINTOS SECTORES O EVALUAR LA CAPACIDAD DE LOS MODELOS CLIMATICOS PARA DETECTAR SU VARIABILIDAD. POR TODO ELLO, DRO500 TIENE COMO OBJETIVO PRINCIPAL CARACTERIZAR LAS SEQUIAS OCURRIDAS EN LA PENINSULA IBERICA CON UNA PERSPECTIVA TEMPORAL AMPLIA A TRAVES DEL DESARROLLO DE NUEVAS METODOLOGIAS QUE PERMITAN ANALIZAR CONJUNTAMENTE DATOS INSTRUMENTALES, PREINSTRUMENTALES Y PROXIES DOCUMENTALES. ESTO PERMITIRA ANALIZAR LOS MECANISMOS ATMOSFERICOS QUE LA CONTROLAN Y SUS IMPACTOS A LARGO PLAZO, ASI COMO LA CAPACIDAD DE LOS MODELOS PARA SIMULAR SU VARIABILIDAD. PARA DESARROLLAR ESTE OBJETIVO GENERAL SE PLANTEAN 6 OBJETIVOS ESPECIFICOS: I) RESCATAR NUEVOS DATOS PARA EL ESTUDIO DE LAS SEQUIAS EN LOS ULTIMOS 500 AÑOS; II) ARMONIZAR, COMBINAR Y HOMOGENIZAR LAS SERIES TEMPORALES RESCATADAS; III) DESARROLLAR SERIES HOMOGENEAS DE INDICES DE SEQUIA PARA LOS ULTIMOS 500 AÑOS; IV) ANALIZAR LA VARIABILIDAD DE LAS SEQUIAS Y LOS MECANISMOS ATMOSFERICOS QUE LAS CONTROLAN CON UNA PERSPECTIVA TEMPORAL LARGA; V) DESARROLLAR LA PRIMERA BASE DE DATOS DE IMPACTOS DE SEQUIA PARA LOS ULTIMOS 350 AÑOS Y ANALIZAR SU RELACION CON LOS INDICES DE SEQUIA GENERADOS; VI) VALIDAR MODELOS CLIMATICOS EN PERIODO PREINSTRUMENTAL. EL PROYECTO ES ALTAMENTE INNOVADOR YA QUE PROPONE NUEVAS METODOLOGIAS PARA EL ESTUDIO DE LAS SEQUIAS A PARTIR DE FUENTES DOCUMENTALES COMO SON: I) EL DESARROLLO Y EVALUACION DE UN INDICE DE SEQUIAS BASADO EN LA FRECUENCIA DE PRECIPITACION; II) EL DESARROLLO DE UNA METODOLOGIA QUE PERMITA TRANSFORMAR LA INFORMACION DE PROXIES DOCUMENTALES DE LOS ULTIMOS 500 AÑOS EN SERIES HOMOGENEAS DE INDICES DE SEQUIA COMPARABLES CON LOS INDICES USADOS EN EL PERIODO INSTRUMENTAL; III) EL DESARROLLO DE UNA HERRAMIENTA QUE PERMITA LA CONSULTA MASIVA Y LA EXTRACCION DE INFORMACION DE PRENSA HISTORICA CON OBJETIVOS CLIMATICOS. LOS RESULTADOS DE DRO500 PERMITIRAN COMPRENDER MEJOR EL FENOMENO DE LAS SEQUIAS EN ESPAÑA, LO QUE PERMITIRA MEJORAR LOS SISTEMAS DE GESTION DE ESTE RIESGO ASI COMO PRECISAR SU POSIBLE EVOLUCION FUTURA."
AEI:PTA2019-016665-I;AEI;Personal Técnico de Apoyo;2019;PTA2019-016665-I;Técnico de muestreo marino. mantenimiento de equipos de muestreo y gestión de colecciones;Ciencias y tecnologías medioambientales · Ciencias y tecnologías marinas;UNIVERSIDAD DE CADIZ;Q1132001G;Andalucía;fuente;CADIZ;;;;42000,00;0,00;;palabras-clave;https://www.aei.gob.es/ayudas-concedidas/buscador-ayudas-concedidas?code=PTA2019-016665-I;
FB:18456;FB;Programa Pleamar;2019;18456;RE-MAR I – Custodia ambiental para la reducción de residuos en el espacio marino protegido de las Rías Baixas;Ecosistemas marinos;Asociación Amicos;;;sin-ccaa;;;2019;;0,00;0,00;;resumen;https://fundacion-biodiversidad.es/programa_pleamar/re-mar-i-custodia-ambiental-para-la-reduccion-de-residuos-en-el-espacio-marino-protegido-de/;"Descripción
RE-MAR I usará la ciencia ciudadana para reforzar la colaboración entre los sectores pesqueros y más estrechamente ligados al mar, la población local y visitantes del entorno. Igualmente, el proyecto sentará las bases de un modelo de desarrollo endógeno inclusivo, basado en la conservación del entorno litoral y marino.
Aplicando una perspectiva de ecología social, que vincule el estado de la salud del medio marino y los hábitats litorales con la calidad de vida de la población, RE-MAR I buscará maximizar su impacto sobre el medio marino de competencia estatal, en concreto en el perteneciente al Parque Marítimo-Terreste de las Illas Atlánticas.
El proyecto incorporará un enfoque de innovación social para la recogida de residuos marinos, en colaboración con el sector pesquero en la Ría de Arousa (Galicia). Desarrollaremos una aplicación móvil para la geolocalización y descripción de basuras marinas y para la identificación de puntos de contaminación y seguimiento de poblaciones de dos aves amenazadas que tienen entre sus hábitats el Espacio Marino Protegido de las Rías Baixas: el cormorán moñudo y zarapito real. A través de la app se organizarán retos de recogidas de basuras, en colaboración con el sector pesquero y entidades de buceo locales. Esta aplicación funcionará como herramienta de educación ambiental, seguimiento del estado de conservación de los entornos litorales y como sistema de reputación; al permitir comparar la información compartida entre usuarios de manera sencilla y visual.
Asimismo, para favorecer el comportamiento pro-ambiental y la mejora del conocimiento entre la población local y el sector pesquero sobre el estado de conservación del Espacio Marino Protegido de las Rías Baixas, se creará el Premio AMICOS Buque Azul y AMICOS Agente medioambiental costero,  otorgados a aquellas tripulaciones de barco que más hayan colaborado en la reducción de la generación de residuos y a su correcta gestión en puerto y a aquellas personas o colectivos que mejores resultados hayan tenido en los retos de recogida de residuos, respectivamente.
Se impartirá formación dirigida a pescadores, agentes portuarios y ciudadanía en normativa ambiental que afecta al sector pesquero, y se realizarán auditorías piloto y voluntarias con las embarcaciones con amarre en los puertos de la Ría de Arousa, para analizar de qué manera los barcos de bajura o recreativos más pequeños y con menores requisitos de notificación sobre los residuos que generan, cumplirían con las recomendaciones a nivel europeo en materia de Green Ships.
El proyecto incluye tres formaciones distintas dirigidas a favorecer la sostenibilidad, innovación, colaboración ciudadana y la inclusión en materia de custodia ambiental de espacios marinos protegidos. Además, se creará un sello participativo de garantía Buque Azul, que definirán las condiciones de reconocimiento de las capturas y embarcaciones con el sello. Se dará difusión al sello entre comercios y se favorecerá el reconocimiento de estos productos para su consumo. Por último, se organizarán talleres de prevención de generación de residuos y contaminación química marina con un enfoque pedagógico activo, basados en la experimentación y en colaboración con centros educativos de la zona.
Durante la vida del proyecto se retirarán, como mínimo, 300 kilos de residuos plásticos marinos y se formará técnicamente a 45 personas. Además, se impartirán talleres de sensibilización en seis centros educativos de la zona.
Ver el proyecto
Objetivos: General:
Reducción de residuos marinos a través de la recogida, tratamiento y prevención de su generación, que toma como objetivo general. Así, se promoverá la sostenibilidad de las pesquerías desde el punto de vista del medio ambiente, la eficiencia del uso de los recursos, la innovación y el uso del conocimiento para la mejora de la competitividad, contribuyendo a la consecución del Objetivo 1 del Programa Operativo del FEMP.
Específicos:
1. Contribuir a la sensibilización medioambiental a nivel local, en especial en materia de residuos marinos.
2. Mejorar la gestión de los residuos generados y recogidos por el sector pesquero de bajura y embarcaciones recreativas de tamaño pequeño.
3. Prevenir la generación de residuos a través de intervenciones en núcleos de población costeros.
4. Ayudar a la conservación de las poblaciones de Cormorán Moñudo y Zarapito Real mediante el mapeado de la situación de estas especies vulnerables.
5. Implicar a la ciudadanía, y en especial a personas con discapacidad funcional e intelectual en la conservación de especies en peligro de extinción, prevención, recogida y eliminación de residuos.
6. Establecer sinergias entre diferentes actores sociales para la recogida de residuos marinos y la eliminación de vertidos y focos de contaminación."
FB:19001;FB;Convocatorias de ayudas;2019;19001;Restauración de ecosistemas y participación ciudadana: recuperación de espacios costeros gaditanos;Ecosistemas terrestres;Ecoherencia SCA;;;sin-ccaa;;;2019;;0,00;0,00;;resumen;https://fundacion-biodiversidad.es/proyectos_ficha/restauracion-de-ecosistemas-y-participacion-ciudadana-recuperacion-de-espacios-costeros/;"• El proyecto ha servido para mejorar los hábitats de las especies de interés comunitario del litoral gaditano mediante herramientas de restauración, participación y ciencia ciudadana, voluntariado y sensibilización ambiental en espacios de la Red Natura 2000 en el Parque Natural Bahía de Cádiz.
• Los hábitats donde se ha desarrollado el proyecto se encuentran en estado de conservación regresivo, vulnerables ante el cambio climático y la presión antrópica, donde anidan aves de interés comunitario, catalogadas como vulnerables.
• Las labores de restauración han contribuido a intensificar la flora autóctona, a través de la plantación de 475 plantas autóctonas dunares, la eliminación de 2.100 kilogramos de especies de planta invasora y la retirada de 390 kilogramos de residuos del Parque Natural Bahía de Cádiz en 5 hectáreas.
• Se ha conseguido la participación de 366 voluntarios totales en todas sus acciones, sensibilizando sobre la importancia de los servicios ecosistémicos del hábitat dunar y de marisma.
•    El proyecto ha servido para mejorar los hábitats de las especies de interés comunitario del litoral gaditano mediante herramientas de restauración, participación y ciencia ciudadana, voluntariado y sensibilización ambiental en espacios de la Red Natura 2000 en el Parque Natural Bahía de Cádiz.
•    Los hábitats donde se ha desarrollado el proyecto se encuentran en estado de conservación regresivo, vulnerables ante el cambio climático y la presión antrópica, donde anidan aves de interés comunitario, catalogadas como vulnerables.
•    Las labores de restauración han contribuido a intensificar la flora autóctona, a través de la plantación de 475 plantas autóctonas dunares. También se ha fomentado la restauración de estas zonas, a través de la eliminación de 2.100 kilogramos de especies de planta invasora y la retirada de 390 kilogramos de residuos del Parque Natural Bahía de Cádiz en 5 hectáreas.
•    Se ha conseguido la participación de 366 voluntarios totales en todas sus acciones, sensibilizando sobre la importancia de los servicios ecosistémicos del hábitat dunar y de marisma.
Objetivos: El objetivo general del proyecto es mejorar los hábitats de las especies de interés comunitario del litoral gaditano mediante herramientas de restauración, participación y ciencia ciudadana, voluntariado y sensibilización ambiental en espacios de la Red Natura 2000 en el Parque Natural Bahía de Cádiz.
Los objetivos específicos son:
Contribuir a la restauración, a la mejora y mantenimiento del ecosistema natural de las zonas de actuación.
Proteger y mejorar el hábitat del chorlitejo patinegro (Charadrius alexandrinus) y del charrancito común (Sternula albifrons), especies catalogadas vulnerables.
Sensibilizar a la población sobre la situación ambiental del litoral gaditano y la necesidad de mejorar el hábitat de las especies de interés comunitario, destacando la importancia de la Red Natura 2000 en las zonas de actuación.
Fomentar la implicación ciudadana con metodologías participativas y ciencia ciudadana para el desarrollo y seguimiento de las actuaciones."
AEI:PGC2018-098186-B-I00;AEI;Proyectos de I+D (Excelencia / Generación de Conocimiento);2018;PGC2018-098186-B-I00;COMPLEJIDAD BIOLOGICA Y SOCIAL;Ciencias físicas · Física y sus aplicaciones;UNIVERSIDAD CARLOS III DE MADRID;Q2818029G;Madrid;fuente;MADRID;;;;123783,00;0,00;;resumen;https://www.aei.gob.es/ayudas-concedidas/buscador-ayudas-concedidas?code=PGC2018-098186-B-I00;"LOS SISTEMAS COMPLEJOS MAS ALLA DE LOS TRADICIONALES DE LA FISICA PUEDEN DESCRIBIRSE EN TERMINOS DE CONCEPTOS FISICOS (POR EJEMPLO, UNIVERSALIDAD, ESCALAMIENTO, TRANSICIONES DE FASE, ENTROPIA, PASEOS ALEATORIOS, PERCOLACION, DIFUSION, FORMACION DE PATRONES, REDES, ETC.), Y PUEDEN SER ANALIZADOS CUANTITATIVAMENTE CON HERRAMIENTAS DE ISICA ESTADISTICA MODERNA Y DE DINAMICA NO LINEAL, COMBINANDO ADECUADAMENTE TEORIA Y EXPERIMENTOS. EL OBJETIVO DE ESTE PROYECTO ES APLICAR ESTAS TECNICAS A LOS SISTEMAS SOCIALES Y BIOLOGICOS.

EN CIENCIAS SOCIALES, TRABAJAREMOS SOBRE LA DINAMICA DE LA ESTRUCTURA SOCIAL. EXAMINAREMOS LA ORGANIZACION EN CAPAS (DUNBAR) DE LAS REDES DE RELACIONES PERSONALES Y COMO ESTAS DESEMPEÑAN EL PAPEL DE ATOMOS SOCIALES EN LA FORMACION DE LA SOCIEDAD. ESTUDIAREMOS LA APARICION DE ESTRUCTURAS JERARQUICAS EN GRUPOS IGUALITARIOS, IDENTIFICANDO CONDICIONES PARA SU APARICION Y ROBUSTEZ CON EL FIN DE EXPLICAR EL ORIGEN DE LA CIVILIZACION MODERNA. ANALIZAREMOS PROPUESTAS PARA INTRODUCIR UN ESQUEMA ARANCELARIO CONOCIDO COMO ""CLUB DEL CLIMA"" COMO POSIBLES CONTRIBUCIONES A LA MITIGACION DEL CAMBIO CLIMATICO. TRATAREMOS DE ENTENDER MEJOR EL COMPORTAMIENTO HUMANO EN GRANDES GRUPOS Y COMO LA INFORMACION PUEDE SER USADA PARA PROMOVER DECISIONES SOCIALMENTE EFICIENTES. POR ULTIMO, SI SE NOS CONCEDE LA SOLICITUD DE UN INVESTIGADOR POSTDOCTORAL, CREAREMOS UN LABORATORIO DE CIENCIA CIUDADANA QUE NOS PERMITIRA INDAGAR EN LA RELACION ENTRE MOVILIDAD FISICA Y COMPORTAMIENTO SOCIAL, COMO SE FORMAN LAS REDES DE RELACIONES PERSONALES O COMO LOS DATOS DE LOS SMARTPHONES PUEDEN SER UTILIZADOS PARA DETECTAR CAMBIOS DE COMPORTAMIENTO. 

EN BIOLOGIA, UNO DE NUESTROS PRINCIPALES OBJETIVOS ES PROFUNDIZAR EN LA DINAMICA EVOLUTIVA. ABORDAREMOS TRES ASPECTOS PRINCIPALES: EN PRIMER LUGAR, LA CONEXION ENTRE LA ARQUITECTURA DEL GENOMA Y LA DINAMICA MACROSCOPICA, PARA ELABORAR UN MODELO ABSTRACTO QUE RECOJA TODOS LOS RASGOS UNIVERSALES DE LOS MAPAS COMUNES DEL GENOTIPO-FENOTIPO; EN SEGUNDO LUGAR, INVESTIGAREMOS LOS PRINCIPIOS MECANICISTAS QUE SUBYACEN A LA CONSTRUCCION DE REDES BIPARTITAS GENETICO-GENOMICAS Y SISTEMAS SIMILARES (SOBRE TODO EL MICROBIOMA); Y, EN TERCER LUGAR, ABORDAREMOS EL PROBLEMA INVERSO DE DETERMINAR EL PAISAJE ADAPTATIVO A PARTIR DE LOS DATOS DE LA SECUENCIACION DE ALTO RENDIMIENTO. ESTE ULTIMO PROBLEMA PODRIA SER UN AVANCE IMPORTANTE EN LA DETERMINACION DE PAISAJES ADAPTATIVOS, QUE ACTUALMENTE SOLO PUEDEN SER TRAZADOS CON EL METODO DE CRECIMIENTO DE POBLACIONES CLONALES PARA CADA MUTANTE. EL SEGUNDO OBJETIVO PRINCIPAL EN APLICACIONES BIOLOGICAS ES MODELAR LA EVOLUCION DE LAS DIFERENTES POBLACIONES CELULARES, PISTAS DE SEÑALIZACION Y OTROS FACTORES (COMO NUTRIENTES Y AGENTES TERAPEUTICOS) TENIENDO EN CUENTA DIFERENTES ESCALAS DE TIEMPO. LA ADAPTACION DE ESTRATEGIAS TERAPEUTICAS OPTIMAS QUE MINIMICEN LA PROBABILIDAD DE SUPERVIVENCIA PARA REDUCIR EL RIESGO DE RECAIDA ES UN PROBLEMA CLAVE EN LA ACTUALIDAD.   

NUESTROS RESULTADOS IMPACTARAN EN LAS COMUNIDADES CIENTIFICAS CORRESPONDIENTES, INCLUYENDO OTROS CAMPOS DE APLICACION DE LOS SISTEMAS COMPLEJOS. EN CUANTO A LOS IMPACTOS SOCIOECONOMICOS, NUESTRO TRABAJO SERA RELEVANTE PARA EL CUIDADO DE LA SALUD MENTAL, LA MITIGACION DEL CAMBIO CLIMATICO, LA PREVENCION DE BULLYING EN LAS ESCUELAS Y LAS TERAPIAS PARA DIFERENTES ENFERMEDADES COMO EL CANCER Y OTRAS QUE AFECTAN AL MICROBIOMA. SE HAN PREVISTO CONTACTOS CON EMPRESAS PARA EXPLOTAR ESTOS RESULTADOS (EB2, SALUD MENTAL; BRAVEUP, BULLYING)."
AEI:PGC2018-099285-B-C21;AEI;Proyectos de I+D (Excelencia / Generación de Conocimiento);2018;PGC2018-099285-B-C21;VARIABILIDAD ESPACIAL DEL NIVEL DEL MAR EN EL MEDITERRANEO OCCIDENTAL;Ciencias y tecnologías medioambientales · Ciencias y tecnologías marinas;UNIVERSIDAD DE LAS ISLAS BALEARES;Q0718001A;Illes Balears;fuente;BALEARES;;;;125840,00;0,00;;palabras-clave;https://www.aei.gob.es/ayudas-concedidas/buscador-ayudas-concedidas?code=PGC2018-099285-B-C21;EL MISMO QUE EL DEL PROYECTO COORDINADO.
AEI:PGC2018-099285-B-C22;AEI;Proyectos de I+D (Excelencia / Generación de Conocimiento);2018;PGC2018-099285-B-C22;VARIABILIDAD ESPACIAL DEL NIVEL DEL MAR EN EL MEDITERRANEO OCCIDENTAL;Ciencias y tecnologías medioambientales · Ciencias y tecnologías marinas;INSTITUTO ESPAÑOL DE OCEANOGRAFIA (IEO) - (CSIC);Q2823001I;Illes Balears;fuente;BALEARES;;;;27830,00;0,00;;resumen;https://www.aei.gob.es/ayudas-concedidas/buscador-ayudas-concedidas?code=PGC2018-099285-B-C22;"EL ESTUDIO DE LAS VARIACIONES DEL NIVEL DEL MAR ES DE GRAN RELEVANCIA DEBIDO A SU POTENCIAL IMPACTO SOCIOECONOMICO EN LA ZONA COSTERA. VARIACIONES EXTREMAS DE ALTA FRECUENCIA PUEDEN CAUSAR GRANDES DAÑOS EN INFRAESTRUCTURAS E INCLUSO PONER VIDAS EN RIESGO. LAS VARIACIONES LENTAS TIENEN UN IMPACTO GRADUAL SOBRE LA COSTA, AUMENTANDO LAS ZONAS DE INUNDACION Y AMENAZANDO ECOSISTEMAS Y RECURSOS HIDRICOS. AUNQUE SE HAN DEDICADO YA MUCHOS ESFUERZOS AL ESTUDIO DE LA VARIABILIDAD DEL NIVEL DEL MAR Y SE CONOCEN, POR DECIRLO DE ALGUNA MANERA, LOS GRANDES NUMEROS, SIGUE HABIENDO CUESTIONES ABIERTAS DE GRAN RELEVANCIA, ESPECIALMENTE A NIVEL REGIONAL. 

ESTE PROYECTO TIENE COMO OBJETIVO PRINCIPAL ANALIZAR LAS VARIACIONES ESPACIALES DEL NIVEL DEL MAR A DISTINTAS FRECUENCIAS USANDO EL MEDITERRANEO OCCIDENTAL COMO ZONA DE ESTUDIO. PARA ELLO EL PROYECTO SE DIVIDE EN TRES TAREAS PRINCIPALES. EN LA PRIMERA SE HARA UN DESARROLLO TECNOLOGICO BASADO EN INSTRUMENTOS DE BAJO COSTE QUE PERMITIRA ESTABLECER UNA RED DE MAREOGRAFOS CON UNA DENSIDAD ESPACIAL EXTRAORDINARIAMENTE ALTA. ESTA RED SE COMPLEMENTARA CON LAS REDES DE MONITOREO OFICIALES, CON DATOS DE ALTIMETRIA COSTERA Y CON UNA SERIE DE SIMULACIONES NUMERICAS. EN LA SEGUNDA TAREA SE ABORDARAN DIVERSOS ASPECTOS CIENTIFICOS. CONCRETAMENTE, LA RED DE MEDIDA DE ALTA RESOLUCION PERMITIRA CARACTERIZAR CON MUCHO MAS DETALLE QUE HASTA AHORA TANTO EL FORZAMIENTO  ATMOSFERICO QUE INDUCE LOS METEOTSUNAMIS COMO SU PROPAGACION, LO CUAL PODRIA MEJORAR LOS SISTEMAS DE ALERTA EXISTENTES. TAMBIEN SE ANALIZARA EL ROL DE LAS ONDAS DE PLATAFORMA EN LOS EVENTOS EXTREMOS Y SE PROPONDRAN MEJORAS PARA UNA CORRECTA MODELIZACION DE LOS MISMOS. SE TRATARA ASI MISMO LA RELACION ENTRE EL NIVEL DEL MAR EN MAR ABIERTO Y EN LA ZONA COSTERA, Y LOS AVANCES QUE SE HAGAN SE TRADUCIRAN EN UNA PROPUESTA DE MEJORA DE LOS PRODUCTOS DE ALTIMETRIA COSTERA. FINALMENTE, SE ESTUDIARA LA VARIABILIDAD DEL NIVEL DEL MAR DE BAJA FRECUENCIA LIGADA A LA CIRCULACION BAROCLINA EN MAR ABIERTO, CON EL OBJETIVO DE ESTABLECER UNA VALIDACION INDIRECTA DE LAS SIMULACIONES NUMERICAS A PARTIR DE OBSERVACIONES COSTERAS (MUCHO MAS ASEQUIBLES QUE EN MAR ABIERTO). LA TERCERA TAREA CONSISTIRA EN DOS ACCIONES DE CIENCIA CIUDADANA, UNA CON CENTROS DE EDUCACION SECUNDARIA Y OTRA CON LA RED DE METEOROLOGOS AFICIONADOS; AMBOS COLECTIVOS RECOPILARAN DATOS QUE SERAN USADOS EN NUESTROS ESTUDIOS, APARTE DE PARTICIPAR EN DIVERSAS ACCIONES DE DIVULGACION CIENTIFICA. 

SE ESPERA QUE LOS RESULTADOS DE ESTE PROYECTO TENGAN UN IMPACTO RELEVANTE EN LA COMUNIDAD CIENTIFICA Y TAMBIEN A NIVEL SOCIO-ECONOMICO. LOS AVANCES EN LA COMPRENSION DE LOS METEOTSUNAMIS Y LAS ONDAS DE PLATAFORMA SON DE GRAN IMPORTANCIA EN REGIONES MICROMAREALES, PUESTO QUE NORMALMENTE SON IGNORADOS Y PUEDEN CONTRIBUIR DE MANERA IMPORTANTE A LOS EVENTOS EXTREMOS. TAMBIEN, EL DESARROLLO DE CONOCIMIENTO SOBRE LA RELACION ENTRE MAR ABIERTO Y LA ZONA COSTERA PERMITIRA MEJORAR LOS PRODUCTOS DE ALTIMETRIA COSTERA. POR ULTIMO, UNA MEJOR DISCRIMINACION ENTRE MODELOS PERMITIRA OBTENER PREDICCIONES OPERACIONALES Y PROYECCIONES CLIMATICAS MAS ROBUSTAS.  EL PROYECTO TAMBIEN TENDRA UN IMPACTO SOCIAL. EL DESARROLLO TECNOLOGICO EN LA OBSERVACION DE NIVEL DEL MAR ENCAJA EN VARIAS DE LAS LINEAS PRIORITARIAS A NIVEL DE EUROPA, ESPAÑA Y COMUNIDAD AUTONOMA. TAMBIEN, SE ESPERA QUE LAS ACTIVIDADES DE CIENCIA CIUDADANA TENGAN GRAN INCIDENCIA, ESPECIALMENTE EN UNA COMUNIDAD CON UNA RATIO MUY BAJA DE ESTUDIANTES UNIVERSITARIOS."
AEI:RTI2018-094360-B-I00;AEI;Proyectos I+D+i  Retos de investigación;2018;RTI2018-094360-B-I00;CIENCIA ABIERTA EN ESPAÑA: UNA APROXIMACION GLOBAL PARA EVALUAR SU GRADO DE IMPLEMENTACION;Ciencias sociales · Comunicación;UNIVERSIDAD DE BARCELONA;Q0818001J;Cataluña;fuente;BARCELONA;;;;45375,00;0,00;;resumen;https://www.aei.gob.es/ayudas-concedidas/buscador-ayudas-concedidas?code=RTI2018-094360-B-I00;"LA CIENCIA ABIERTA (OPEN SCIENCE) ES UNA MANERA DE CONCEBIR LA INVESTIGACION CIENTIFICA QUE SE BASA EN EL TRABAJO COLABORATIVO, EN LA APERTURA Y TRANSPARENCIA DE TODAS LAS FASES DE LA INVESTIGACION (RECOGIDA DE DATOS, REVISION POR EXPERTOS, DIFUSION, EVALUACION, ETC.) Y TAMBIEN EN LA APROXIMACION DE LA CIENCIA A LA SOCIEDAD.

BAJO EL TERMINO DE CIENCIA ABIERTA SE INCLUYEN DIVERSOS COMPONENTES COMO LOS DATOS ABIERTOS DE INVESTIGACION, EL ACCESO ABIERTO A LAS PUBLICACIONES, LA REVISION POR PARES ABIERTA, LA CIENCIA CIUDADANA O LOS NUEVOS MODELOS DE EVALUACION, ENTRE OTROS. LA CIENCIA ABIERTA SUPONE UNA TRANSFORMACION RADICAL DE LA MANERA DE LLEVAR A CABO LA INVESTIGACION CIENTIFICA Y DE COMO TRANSFORMAR SU SISTEMA DE EVALUACION, EN SINTESIS, TODO UN CAMBIO DE PARADIGMA RESPECTO DEL ACTUAL SISTEMA.

QUIEN HA IMPULSADO ESTE NUEVO MODELO Y LO HA SITUADO EN LA AGENDA TEMATICA MUNDIAL HA SIDO, SIN DUDA, LA COMISION EUROPEA CON EL DOCUMENTO DIGITAL SCIENCE IN HORIZON 2020 (2013) Y OTROS MAS QUE LE HAN SEGUIDO Y QUE SE COMENTAN MAS ADELANTE, EN ESPECIAL LAS RECIENTES RECOMENDACIONES DE LA COMISION EUROPEA (CE, 2018). EN ESPAÑA, EL MINISTRO PEDRO DUQUE TAMBIEN CITO EL IMPULSO A LA CIENCIA ABIERTA COMO UNO DE LOS OBJETIVOS DE SU MANDATO EN SU COMPARECENCIA DE 12 JULIO DE 2018 EN EL CONGRESO DE LOS DIPUTADOS. 

LOS PRINCIPALES BENEFICIOS DE LA CIENCIA ABIERTA SON SU TRANSPARENCIA (TODAS LAS FASES SE PUEDEN MONITORIZAR), UNA MAYOR EFECTIVIDAD (LA RAPIDA TRANSFERENCIA DE CONOCIMIENTO EVITA DUPLICIDADES Y AUMENTA LA RAPIDEZ DE LA INVESTIGACION), LA REPRODUCIBILIDAD (EVITANDO EL FRAUDE) Y UNA MAYOR PRODUCTIVIDAD, ENTRE OTROS. ADEMAS SE MEJORARA LA CONFIANZA, LA CREDIBILIDAD Y EL IMPACTO SOCIAL DE LA INVESTIGACION.

EL OBJETIVO GENERAL DE LA PROPUESTA ES EVALUAR LA SITUACION ACTUAL DE LA INVESTIGACION ESPAÑOLA RESPECTO DEL MODELO DE LA CIENCIA ABIERTA, DESTACAR EJEMPLOS DE BUENAS PRACTICAS Y, FINALMENTE, PROPONER RECOMENDACIONES QUE FAVOREZCAN LA IMPLANTACION, DESARROLLO Y CONSOLIDACION DEL MODELO DE CIENCIA ABIERTA EN ESPAÑA

PARA ELLO SE VA REALIZAR UNA ENCUESTA GENERAL SOBRE LAS IMPLICACIONES DE LA CIENCIA ABIERTA EN RELACION A LA ACTIVIDAD INVESTIGADORA (OPORTUNIDADES, AMENAZAS, ETC.) ENFOCADO HACIA CINCO COLECTIVOS (INVESTIGADORES, GESTORES DE PROYECTOS, VICERRECTORES, EDITORES Y BIBLIOTECARIOS) QUE SERA SEGUIDA POR EL DEBATE DE LOS RESULTADOS EN GRUPOS DE DISCUSION SEPARADOS. EN SEGUNDO LUGAR, SE SELECCIONARAN CASOS DE BUENAS PRACTICAS EN LOS DIVERSOS AMBITOS DE LA CIENCIA ABIERTA Y SE DOCUMENTARAN DE MANERA DETALLADA MEDIANTE ENTREVISTAS EN PROFUNDIDAD. FINALMENTE, CON TODA ESTA INFORMACION SE PREPARARAN UNAS RECOMENDACIONES EN CINCO DE LOS AMBITOS INDICADOS EN EL DOCUMENTO DE LA COMISION EUROPEA (2018) (ACCESO ABIERTO, DATOS DE INVESTIGACION, PRESERVACION, COMPETENCIAS Y NUEVOS MODELOS DE EVALUACION) A LOS QUE SE AÑADE OTRO REFERIDO A LA LEGISLACION.

NUESTRO GRUPO LLEVA MAS DE DIEZ AÑOS EVALUANDO LA EVOLUCION DEL ACCESO ABIERTO Y DE LOS DATOS DE INVESTIGACION EN ESPAÑA (TRES PROYECTOS DEL PLAN ESTATAL APROBADOS DESDE 2008 Y LA COORDINACION DE UNA RED TEMATICA) CON LO CUAL DISPONE DE UN CONOCIMIENTO PROFUNDO Y DETALLADO DE LA SITUACION QUE SERAN DE MUCHA UTILIDAD EN ESTA NUEVA PROPUESTA YA QUE EL ACCESO ABIERTO HA SIDO EL ELEMENTO CATALIZADOR DEL MOVIMIENTO HACIA LA CIENCIA ABIERTA.

POR TODO LO EXPLICADO, ADEMAS, LA PROPUESTA ENCAJA PLENAMENTE CON EL SEXTO RETO DE LA CONVOCATORIA CIENCIA CON Y PARA LA SOCIEDAD."
AEI:RTI2018-094607-B-I00;AEI;Proyectos I+D+i  Retos de investigación;2018;RTI2018-094607-B-I00;REC-LIT: RECICLAJES CULTURALES: TRANSLITERATURAS EN LA ERA POSTDIGITAL;Cultura: filología, literatura y arte · Literatura, filología, lenguas y culturas antiguas y estudios culturales;UNIVERSIDAD COMPLUTENSE DE MADRID;Q2818014I;Madrid;fuente;MADRID;;;;42350,00;0,00;;resumen;https://www.aei.gob.es/ayudas-concedidas/buscador-ayudas-concedidas?code=RTI2018-094607-B-I00;"REC-LIT ES UN PROYECTO INTERDISCIPLINAR DE INVESTIGACION TEORICA Y APLICADA PARA LA ERA POST-DIGITAL, POST-GLOBAL Y POST-DATA. SE CENTRA EN LAS ESTRATEGIAS Y MODELOS DE RECICLAJE DE LOS TEXTOS LITERARIOS EN EL HIPERMEDIA, ASI COMO EN LAS POSIBILIDADES DE REAPROPIACION DE LO TEXTUAL-LITERARIO CUANDO YA ESTUDIANTES Y USUARIOS TODOS HAN TOMADO COMO MARCO DE REFERENCIA CULTURAL LOS PRODUCTOS DEL HIPERMEDIA.
A PESAR DE QUE, GRACIAS A LA DIGITALIZACION MASIVA, EL PATRIMONIO CULTURAL Y LITERARIO PARECE MAS ACCESIBLE QUE NUNCA, EL DESAFIO ESTA HOY EN (1) COMPRENDER LAS NUEVAS CONTINUIDADES ENTRE LO ANALOGICO Y LO DIGITAL, Y LAS MODIFICACIONES DE LOS RELATOS COLECTIVOS E IDENTITARIOS QUE SON SU CONSECUENCIA, (2) PROPICIAR UN RECICLAJE CONTEXTUALIZADO DE LO LITERARIO GRACIAS A FORMAS Y HERRAMIENTAS DIGITALES DE REAPROPIACION ACCESIBLES A LA MAYORIA.
POR ELLO, REC-LIT SE DA POR OBJETIVOS: (I) IDENTIFICAR ESTRATEGIAS DE RECICLAJE CULTURAL DE LO LITERARIO, MARCAS POSTDIGITALES EN LA LITERATURA Y TENDENCIAS POSTDIGITALES, POSTGLOBALES Y POSTDATA; (II) FORMULAR MODELOS DE HERMENEUTICA LITERARIA A MEDIO CAMINO Y COMO PUENTE ENTRE METODOS CUALITATIVOS Y CUANTITATIVOS, ENTRE EL DATO Y EL RELATO, A MANERA DE MID-READING Y SOCIAL-READING; (III) IMPLEMENTAR Y PONER A PRUEBA MODELOS Y UTILIDADES DE RECUPERACION DEL PATRIMONIO LITERARIO EN EL ARCHIVO DIGITAL, TANTO DE TIPO INTERPRETATIVO COMO PRODUCTIVO-CREATIVO, ADECUADOS A LOS RETOS DE LA ERA POSTDIGITAL. 
EN REC-LIT SE APLICARAN Y VALIDARAN LOS MODELOS Y MECANISMOS MEDIANTE EXPERIMENTOS REALES CON DISTINTOS GRUPOS (ESCOLARES, ESTUDIANTES UNIVERSITARIOS Y MAYORES) DE FORMA QUE LA INNOVACION CIENTIFICA Y LAS FORMAS DE REAPROPIACION SIGNIFICATIVA DEL PATRIMONIO SE ACERQUEN A TODOS EN FORMA DE ""CIENCIA CIUDADANA""."
AEI:RTI2018-095594-B-I00;AEI;Proyectos I+D+i  Retos de investigación;2018;RTI2018-095594-B-I00;MONITORIZACION DE ESTRUCTURAS GEOLOGICAS SUPERFICIALES MEDIANTE EL ANALISIS DEL RUIDO SISMICO AMBIENTE;Ciencias y tecnologías medioambientales · Ciencias de la Tierra y del agua;AGENCIA ESTATAL CONSEJO SUPERIOR DE INVESTIGACIONES CIENTIFICAS (CSIC);Q2818002D;Cataluña;fuente;BARCELONA;;;;157300,00;0,00;;resumen;https://www.aei.gob.es/ayudas-concedidas/buscador-ayudas-concedidas?code=RTI2018-095594-B-I00;"ESTA PROPUESTA SE CENTRA EN LA CARACTERIZACION DE LA ESTRUCTURA Y EVENTUALES VARIACIONES TEMPORALES DE LOS NIVELES MAS SUPERFICIALES DE LA CORTEZA BASANDOSE EN EL ANALISIS DE LAS VIBRACIONES SISMICAS DE FONDO O ""RUIDO AMBIENTE"". SE APROVECHARA LA DISPONIBILIDAD DE LA NUEVA RED DE SENSORES PARA LOGRAR UNA RESOLUCION HASTA AHORA IMPOSIBLE EN ESTE TIPO DE TAREAS. SE DOCUMENTARA LA APLICABILIDAD DE LOS METODOS DE RUIDO AMBIENTE EN ZONAS CON DISTINTOS NIVELES DE ACTIVIDAD ANTROPICA, DADO QUE ESTOS NIVELES PODRIAN CONDICIONAR SU UTILIDAD. COMO EJEMPLO DE ZONAS CON POCA ACTIVIDAD DE ESTE TIPO, HEMOS SELECCIONADO LA CUENCA NEOGENA DE LA CERDANYA, SITUADA EN LOS PIRINEOS ORIENTALES. EN EL OTRO EXTREMO, TRABAJAREMOS EN MINAS ACTIVAS Y EN LA CIUDAD DE BARCELONA. UN ASPECTO IMPORTANTE DE LA PROPUESTA HACE REFERENCIA A LA DIVULGACION CIENTIFICA, YA QUE BUSCAMOS INVOLUCRAR A CENTROS EDUCATIVOS DE LA CIUDAD DE BARCELONA EN EL PROYECTO. LOS CENTROS OFRECERIAN SUS INSTALACIONES PARA INSTALAR LOS INSTRUMENTOS Y SUS ESTUDIANTES RECIBIRIAN LA FORMACION PARA EN EL USO DE LAS ESTACIONES SISMICAS, CON EL OBJETIVO DE CAPTAR SU INTERES HACIA LA SISMOLOGIA Y LAS CIENCIAS DE LA TIERRA.

LA PROPUESTA TIENE COMO OBJETIVO CONTRIBUIR AL DESAFIO SOCIAL # 5 DEL 'PLAN ESTATAL DE INVESTIGACION CIENTIFICA Y TECNICA Y DE INNOVACION 2017-2020', 'CAMBIO CLIMATICO Y USO DE RECURSOS NATURALES Y MATERIAS PRIMAS' MEDIANTE LA MEJORA DE LA CAPACIDAD PARA OBTENER UN BUEN CONTROL DE LA ESTRUCTURA DEL SUBSUELO Y DE SUS VARIACIONES TEMPORALES. ESTA INFORMACION ES CRUCIAL PARA MITIGAR LOS RIESGOS GEOLOGICOS, DE FORMA ESPECIAL EN CUENCAS SEDIMENTARIAS O EN AREAS DENSAMENTE POBLADAS. EL RUIDO DE FONDO SISMICO TAMBIEN SE PUEDE UTILIZAR PARA MONITORIZAR ALGUNOS PROCESOS NATURALES RELACIONADOS CON EL CLIMA, COMO LOS CAMBIOS DEL NIVEL FREATICO, LAS DESCARGAS DE LOS RIOS O LAS FUENTES DE VIBRACION ANTROPOGENICA. ESTOS OBJETIVOS SE AJUSTAN A LAS PRIORIDADES II Y VI DEL RETO. LA PROPUESTA INCLUYE TAMBIEN UNA ACCION ESPECIFICA PARA PROMOVER LA ""CIENCIA CIUDADANA"" EN ENTORNOS URBANOS, UN OBJETIVO EXPLICITAMENTE INCLUIDO COMO PRIORIDAD XI EN EL MISMO INFORME.

EL OBJETIVO FINAL DE LA PROPUESTA ES, EN PRIMER LUGAR, EXPLORAR LA APLICABILIDAD DE LOS METODOS DE RUIDO AMBIENTAL UTIZANDO REDES DENSAS DE ADQUISICION EN DIFERENTES ENTORNOS, ASI COMO SOBRE SU POTENCIAL PARA ESTUDIAS VARIACIONES TEMPORALES DE LA ESTRUCTURA. EN SEGUNDO LUGAR, MEJORAR LA CARACTERIZACION GEOFISICA DE LA CORTEZA SUPERIOR, CONECTANDO LOS RESULTADOS DEL SUBSUELO CON LOS OBTENIDOS A ESCALA CORTICAL, CONTROLAR LAS VARIACIONES DEL NIVEL FREATICO Y IDENTIFICAR LAS DIFERENTES FUENTES DE RUIDO SISMICO EN ENTORNOS URBANOS.

NOS BENEFICIAREMOS DE LA INFRAESTRUCTURA SISMICA DEL ICTJA, LO QUE GARANTIZARA LA VIABILIDAD DE LA ADQUISICION DE NUEVOS DATOS A UN COSTO MODERADO. LA CUENCA DE CERDANYA CONCENTRARA LOS PRINCIPALES ESFUERZOS EN LA ADQUISICION DE NUEVOS DATOS, CON EL DESPLIEGUE DE MAS DE 150 NODOS SISMICOS DURANTE UONS 3 MESES Y ALGUNAS DECENAS DE ESTACIONES DE BANDA ANCHA QUE ADQUIRIRAN DATOS DURANTE UN PERIODO DE UN AÑO. EN CUANTO A LAS ZONAS ALTERADAS, EXPLORAREMOS LA UTILIDAD DE LOS METODOS SISMICOS PARA MONITOREAR LA VARIABILIDAD ESTRUCTURAL DEL SUBSUELO EN MINAS ACTIVAS UTILIZANDO DATOS ADQUIRIDOS PREVIAMENTE Y DESPLEGAREMOS ALGUNAS DECENAS DE ESTACIONES SISMICAS DENTRO DE LA CIUDAD DE BARCELONA PARA VERIFICAR SI ES POSIBLE OBTENER IMAGENES RESULTADOS SIMILARES A LOS OBTENIDOS EN SITIOS CON MENOR NIVEL DE ACTIVIDAD HUMANA."
AEI:RTI2018-095645-B-C21;AEI;Proyectos I+D+i  Retos de investigación;2018;RTI2018-095645-B-C21;RECONOCIMIENTO MASIVO E INTERACTIVO DE LOS ARCHIVOS NATURALES Y DIGITALES DE NUESTROS ANTEPASADOS;Tecnologías de la información y de las comunicaciones · Tecnologías de las comunicaciones;CENTRO DE VISION POR COMPUTADOR;Q5856375J;Cataluña;fuente;BARCELONA;;;;126566,00;0,00;;resumen;https://www.aei.gob.es/ayudas-concedidas/buscador-ayudas-concedidas?code=RTI2018-095645-B-C21;HAY GRAN INTERES EN EL ANALISIS Y RECONOCIMIENTO DE DOCUMENTOS HISTORICOS, PARA PRESERVAR COLECCIONES HISTORICAS DE DOCUMENTOS EXISTENTES EN ARCHIVOS Y CONVERTIRLOS EN BIBLIOTECAS DIGITALES. SIN EMBARGO, HAY UNA GRAN BRECHA EN EL PROCESO DE CONVERSION DE DOCUMENTOS EN PAPEL A INFORMACION UTIL. LUEGO DE DIGITALIZAR DOCUMENTOS EN PAPEL, LA CLAVE ES EXTRAER LA INFORMACION DE ESTOS DOCUMENTOS, QUE GENERALMENTE SE LLEVA A CABO UTILIZANDO RECONOCIMIENTO DE MANUSCRITOS Y TECNICAS DE LOCALIZACION DE PALABRAS CLAVE. SIN EMBARGO, LA EXTRACCION DE CONTENIDOS SEMANTICOS ES NECESARIA PARA HACER ESTA INFORMACION REALMENTE UTIL. DOCS4ALL ES UN SUBPROYECTO DEL PROYECTO COORDINADO MIRANDA QUE TIENE COMO OBJETIVO ESTRECHAR LA BRECHA SEMANTICA ENTRE LA TRANSCRIPCION DEL DOCUMENTO Y LA EXTRACCION DEL CONOCIMIENTO SEMANTICO A TRAVES DE LA EXTRACCION, INTERPRETACION Y VINCULACION DE LOS CONTENIDOS SEMANTICOS. LAS SIGUIENTES CUESTIONES DE INVESTIGACION EXPONEN LOS OBJETIVOS DE ESTE PROYECTO. PRIMERO, EN MANUSCRITOS HISTORICOS QUE SUMINISTRAN INFORMACION DE PERSONAS, EVENTOS, LUGARES, ETC. ES NECESARIO IDENTIFICAR LAS ENTIDADES NOMBRADAS, ASOCIANDO LA TRANSCRIPCION A LAS CLASES SEMANTICAS (NOMBRES, FECHAS, CANTIDADES, ). SEGUNDO, A MENUDO EL CONOCIMIENTO ESTA DISPERSADO EN VARIOS DOCUMENTOS HETEROGENEOS Y ES NECESARIO ENCONTRAR RELACIONES ENTRE LOS TERMINOS VISUALES EXTRAIDOS DE LAS IMAGENES. POR EJEMPLO, UN REGISTRO DE MATRIMONIO ESCRITO A MANO PUEDE ESTAR ASOCIADO CON UNA IMAGEN DEL MATRIMONIO. ESTO NOS LLEVA A LA NECESIDAD DE DEFINIR EMBEDDINGS SEMANTICOS CONJUNTOS ENTRE FUENTES HETEROGENEAS DE INFORMACION VISUAL. ESTO PERMITIRA CONSTRUIR MODELOS QUE EXTRAEN RELACIONES SEMANTICAS ENTRE IMAGENES. UN TERCER PROBLEMA ES QUE EN EL RECONOCIMIENTO VISUAL DE OBJETOS, LA ESTRUCTURA NOS DA UNA  SEÑAL IMPORTANTE, A VECES MAS RICA QUE LAS CARACTERISTICAS INDIVIDUALES. ES POR ELLO QUE EXPLORAREMOS REPRESENTACIONES Y METODOS BASADOS EN GRAFOS. EN PARTICULAR, MODELOS DE GEOMETRIC DEEP LEARNING PARA RECONOCER PATRONES ESTRUCTURALES (RELACIONES ENTRE DATOS MAS QUE CARACTERISTICAS INDIVIDUALES). LA CUARTA CONSIDERACION ES QUE LAS ACTUALES TECNICAS DE MACHINE LEARNING REQUIEREN GRAN CANTIDAD DE DATOS PRE-ANOTADOS. EN EL RECONOCIMIENTO DE IMAGENES HISTORICAS ESTE REQUISITO NO SE CUMPLE SIEMPRE DADA LA GRAN CANTIDAD DE TIPOS Y LA DIFICULTAD DE LA ANOTACION MANUAL. ASI, PARA HACER FRENTE LA AUSENCIA DE DATOS DE ENTRENAMIENTO, INVESTIGAREMOS NUEVAS TENDENCIAS EN ZERO-SHOT Y FEW-SHOT LEARNING. ADEMAS, TRABAJAREMOS EN LA GENERACION SINTETICA DE IMAGENES MEDIANTE DIFERENTES ESTRATEGIAS (REGISTRO ENTRE IMAGENES REALES Y SINTETICAS, TRANSFERENCIA DE ESTILO DE FOTOGRAFIAS ANTIGUAS A NUEVAS PARA AUMENTO DE DATOS Y GENERACION DE MANUSCRITO). EN EL SUBPROYECTO DOCS4ALL TAMBIEN DAMOS IMPORTANCIA AL PAPEL DE LOS USUARIOS COMO CO-CREADORES DE CONOCIMIENTO HISTORICO. EN PARTICULAR, IMPLEMENTAREMOS GAMIFICACION PARA VALIDAR ALGORITMOS DE EXTRACCION DE INFORMACION, Y EXPERIENCIAS DE CIENCIA CIUDADANA EN LA INFRAESTRUCTURA DEL LIBRARY LIVING LAB DEL CVC PARA FOMENTAR EL ACCESO Y EL AUMENTO DEL CONOCIMIENTO HISTORICO POR PARTE DE LOS USUARIOS.
AEI:RTI2018-095770-B-I00;AEI;Proyectos I+D+i  Retos de investigación;2018;RTI2018-095770-B-I00;INICIATIVA CIENTIFICA Y SOCIAL PARA INVESTIGAR LAS CONTRAPARTIDAS ENTRE EXPLOTACION Y CONSERVACION DE HABITATS MARINOS SENSIBLES: LOS FONDOS DE CRINOIDEOS Y MAERL;Ciencias y tecnologías medioambientales · Ciencias y tecnologías marinas;AGENCIA ESTATAL CONSEJO SUPERIOR DE INVESTIGACIONES CIENTIFICAS (CSIC);Q2818002D;Cataluña;fuente;BARCELONA;;;;199650,00;0,00;;resumen;https://www.aei.gob.es/ayudas-concedidas/buscador-ayudas-concedidas?code=RTI2018-095770-B-I00;PARA MANTENER UN BUEN ESTADO AMBIENTAL (GES, SIGLAS EN INGLES) DE LOS ECOSISTEMAS MARINOS Y ASEGURAR LA PROVISION DE SUS BIENES Y SERVICIOS (GS), ES NECESARIO ABORDAR URGENTEMENTE EL PROBLEMA DE LA PERTURBACION DE LOS FONDOS MARINOS POR LAS ACTIVIDADES DE PESCA, SIGUIENDO LA NUEVA POLITICA PESQUERA COMUN (CFP) Y SU ENFOQUE ECOSISTEMICO DE LA PESCA (EAF). ESTE ENFOQUE ES ESPECIALMENTE NECESARIO EN FONDOS BENTONICOS EMBLEMATICOS, MUY PRODUCTIVOS Y VULNERABLES EXPLOTADOS QUE SUFREN ALTERACIONES DE DISTRIBUCION Y ABUNDANCIA DE ORGANISMOS Y COMUNIDADES Y SE DESESTRUCTURAN Y FRAGMENTAN SUS HABITATS. CRIMA PROPONE UNA INVESTIGACION TRANSVERSAL, INTEGRADA Y PARTICIPATIVA QUE EVALUE ESTOS EFECTOS Y SU CONSECUENCIA SOBRE LOS GS. ES DECIR, CRIMA PLANTEA LA CUESTION DE UN PROBLEMA NO RESUELTO Y CRITICO: CONSERVACION VS LA EXPLOTACION. EN CONCRETO, SE EVALUARA EL GES DE LOS FONDOS BENTONICOS DE CRINOIDEOS Y MAERL Y LOS ADYACENTES DE FANGO, TODOS EXPUESTOS A LA PESCA Y SE CUANTIFICARA LA PROVISION DE RECURSOS ( GS) DE ESTOS FONDOS. CRIMA REPRESENTA UN AVANCE DE CONOCIMIENTO AL PLANTEAR UNA LINEA DE ACTUACION POCO ABORDADA, ENMARCADA EN EL ESTUDIO DE LA CONDICION SALUDABLE Y PRODUCTIVA DE LOS FONDOS BENTONICOS Y COMO ESTA CONDICION AFECTA A LOS RECURSOS EXPLOTADOS CONSUMIDOS POR LA SOCIEDAD Y SU REPERCUSION EN LA SALUD HUMANA. CRIMA INTEGRARA ASPECTOS DE BIODIVERSIDAD-CONSERVACION-EXPLOTACION-SOCIEDAD ENFOCADOS EN 4 HITOS: I) DISTRIBUCION ESPACIAL-FRAGMENTACION Y EVALUACION INTEGRIDAD VULNERABILIDAD II) EVALUACION SALUD FONDOS-RECURSOS-CIUDADANIA, III) INVESTIGACION EN NUEVOS METODOS DE PESCA PARA ELIMINAR CAPTURAS NO DESEADAS Y MEJORAR LA VULNERABILIDAD DE LOS FONDOS Y IV) PROCESO PARTICIPATIVO DE CIENCIA CIUDADANA. LA FINALIDAD DE CRIMA ES OBTENER RESPUESTAS CLARAS Y REALISTAS Y PROPONER UN MODELO DE MEDIDAS TIPO DE GESTION ECOSISTEMICA UTILES PARA EL MEDITERRANEO Y OTROS MARES Y OCEANOS. EL PROYECTO SE DESARROLLARA EN 2 AREAS DE ESTUDIO DEL MEDITERRANEO NO ESPAÑOL DE GRAN ACTIVIDAD DE PESCA ARTESANAL Y DE ARRASTRE  Y ESTUDIARA 3 CASOS DE ESTUDIO: FONDOS DE CRINOIDEOS, FONDOS DE MAERL Y FONDOS DE FANGO. TAMBIEN SE TIENEN EN CUENTA 2 AREAS MARINAS PROTEGIDAS: AMP DE CAP DE CREUS Y APM DE CABO DE PALOS. CRIMA SE ESTRUCTURA EN 4 OBJETIVOS ESPECIFICOS DISTRIBUIDOS EN 7 WPS Y VARIAS TAREAS. LAS TAREAS SE DESARROLLAN DE FORMA PROGRESIVA Y COMPLEMENTARIA PARA EVALUARAN GES Y GS DE LOS 3 CASOS DE ESTUDIO MEDIANTE INDICADORES MULTI-DISCIPLINARES: DIVERSIDAD, CONDICION, CONECTIVIDAD, PESQUEROS Y SOCIALES. ADEMAS SE PLANTEARA UN PROCESO PARTICIPATIVO CIUDADANO CON LOS PRINCIPALES USUARIOS (PESCADORES, ADMINISTRACION, RESPONSABLES POLITICOS, ETC.) Y PUBLICO EN GENERAL, PARA EVALUAR SU PERCEPCION SOBRE LOS SERVICIOS (GS) QUE PROVIENEN DE LOS FONDOS ESTUDIADOS. SE ORGANIZARAN ACTIVIDADES PARTICIPATIVAS (REUNIONES INFORMATIVAS Y DE TRABAJO) PARA ENTRE TODOS, IDENTIFICAR TAREAS PRIORITARIAS PARA ALCANZAR Y MANTENER UN EQUILIBRIO ENTRE CONSERVACION Y EXPLOTACION. CRIMA CONTRIBUIRA A GENERAR CONOCIMIENTOS CIENTIFICOS PARA LA CFP AL CONFRONTAR SOSTENIBILIDAD PESQUERA Y PROTECCION DE ECOSISTEMAS Y PARA OBJETIVOS DEL H2020 SOBRE UNA GESTION EAF. EL ULTIMO FIN DE CRIMA ES BUSCAR  CONOCIMIENTO ACTUAL, REALISTA Y VALIDADO DEL ESTADO DE CONSERVACION Y VULNERABILIDAD DE ESTOS SISTEMAS (RETO 2), APORTAR MEDIDAS DE GESTION ECOSISTEMICA INTEGRADA Y ALCANZAR EL EQUILIBRIO ENTRE GS Y ESTADO DE CONSERVACION (RETO 5) MEDIANTE (RETO 6) PARTICIPACION CIUDADANA
AEI:RTI2018-095949-B-I00;AEI;Proyectos I+D+i  Retos de investigación;2018;RTI2018-095949-B-I00;CONTAMINACION AMBIENTAL DE LAS ACTIVIDADES DE EXTRACCION PETROLERA Y LA MUNICION DE PLOMO EN TERRITORIOS INDIGENAS DE LOS BOSQUES LLUVIOSOS TROPICALES Y ECOSISTEMAS REMOTOS;Ciencias y tecnologías medioambientales · Biodiversidad;FUNDACIO UNIVERSITARIA BALMES DE VIC;G58020124;Cataluña;fuente;BARCELONA;;;;125840,00;0,00;;resumen;https://www.aei.gob.es/ayudas-concedidas/buscador-ayudas-concedidas?code=RTI2018-095949-B-I00;"A PESAR DE SU DESIGUAL DISTRIBUCION, LA CONTAMINACION QUIMICA ESTA AMPLIAMENTE PRESENTE EN EL PLANETA, DEBIDA EN PARTE A LOS PROCESOS AMBIENTALES RESPONSABLES DEL TRANSPORTE DE LARGO ALCANCE. SE CONSIDERA QUE LAS PRINCIPALES FUENTES Y CONCENTRACIONES DE CONTAMINACION SE ENCUENTRAN EN PAISES INDUSTRIALIZADOS, Y QUE EN REGIONES REMOTAS LA PRESENCIA DE CONTAMINANTES ES INSIGNIFICANTE. ESTA PROPUESTA REVISARA ESTE PARADIGMA EVALUANDO EL IMPACTO DE LAS ACTIVIDADES DE EXTRACCION DE PETROLEO Y LA CONTAMINACION POR MUNICION DE PLOMO EN DIVERSAS REGIONES DEL PLANETA. 

EN 2018, NUESTRO EQUIPO DE INVESTIGACION DEMOSTRO EN EL NORTE DE LA AMAZONIA PERUANA QUE EL USO DE MUNICION DE PLOMO Y LA INGESTA DE SUELOS POR PARTE DE LA FAUNA SILVESTRE ES UNA RUTA IMPORTANTE PARA SU EXPOSICION AL PLOMO Y UN RIESGO PARA LA SALUD DE LOS ANIMALES Y DE LAS PERSONAS QUE DEPENDEN DE ELLA. PARALELAMENTE, TAMBIEN OBSERVAMOS CONCENTRACIONES ELEVADAS DE PLOMO EN FAUNA SILVESTRE AMAZONICA, COMPARABLES A LOS DE PAISES INDUSTRIALIZADOS.

EL 30% DE LAS SELVAS TROPICALES SE SOLAPA CON RESERVAS DE PETROLEO Y GAS NATURAL, Y LA DEMANDA MUNDIAL DE PETROLEO SIGUE EN AUMENTO, CRECIENDO DE 85.3 A 95.0 MILLONES DE BARRILES POR DIA ENTRE 2006 Y 2015. POR OTRO LADO, HOY EN DIA, LA FUENTE MAS IMPORTANTE DE LIBERACION DIRECTA DE PLOMO AL SUELO A NIVEL MUNDIAL ES EL USO DE MUNICIONES DE PLOMO, QUE EN 2003 TENIAN UN CONSUMO GLOBAL DE 120,000 TONELADAS. SIN EMBARGO, LOS RIESGOS PARA LA SALUD Y EL MEDIOAMBIENTE DE LA EXPOSICION AL PLOMO SE HAN CONSIDERADO CIRCUNSCRITOS EN LOS PAISES INDUSTRIALIZADOS Y AUN SE DESCONOCE SU IMPACTO SOBRE LOS ECOSISTEMAS DE AREAS REMOTAS.

ESTE ESTUDIO PRETENDE PROPORCIONAR UNA NUEVA PERSPECTIVA SOBRE LA CONTAMINACION QUIMICA EN AREAS REMOTAS DEL PLANETA, Y ESTABLECER UNA RELACION DE CAUSA-EFECTO DE LAS FUENTES POTENCIALES CON EL AMBIENTE Y LA FAUNA SILVESTRE, PARA ESTABLECER LA RUTA DE EXPOSCION. EL HECHO DE QUE EN EL AREA DE ESTUDIO NO EXISTAN MULTIPLES FUENTES DE CONTAMINACION INDUSTRIALES PERMITIRA QUE TROPOIL&LEAD PUEDA GENERAR RESULTADOS EPIDEMIOLOGICOS Y AMBIENTALES DE RIGUROSO IMPACTO.

ESTE PROYECTO SE DIVIDE EN DOS COMPONENTES (OBJETIVOS GENERALES):
-	EVALUAR SI EL COMPORTAMIENTO DE LA GEOFAGIA DE SUELOS CONTAMINADOS CON PETROLEO ES UN COMPORTAMIENTO GENERALIZADO EN FAUNA DE DIFERENTES ZONAS DONDE SE PRODUCE EXTRACCION DE PETROLEO: SELVA TROPICAL AMAZONICA DE PERU Y BRASIL, TAIGA SIBERIANA, PAMPA ARGENTINA Y BOSQUES MIXTOS DE LOS APENINOS DEL SUR. 
-	EVALUAR EL RIESGO GLOBAL PARA LA SALUD AMBIENTAL ASOCIADO A LA MUNICION DE PLOMO EN LOS BOSQUES HUMEDOS TROPICALES DEL PLANETA, DONDE SOCIEDADES INDIGENAS DEPENDEN DE LA CAZA DE SUBSISTENCIA: AMAZONIA OCCIDENTAL Y CENTRAL, Y AFRICA CENTRAL.

LA PROPUESTA IMPLEMENTARA UNA METODOLOGIA DE COLECTA DE MUESTRAS AMBIENTALES Y BIOLOGICAS DE FAUNA SILVESTRE INTEGRADA EN PROGRAMAS DE MANEJO COMUNAL PARTICIPATIVO CON LA PARTICIPACION DE POBLADORES LOCALES AFECTADOS POR LA EXPOSICION DIRECTA DE AMBOS CONTAMINANTES. EL TRABAJO DE CAMPO SE COMPLEMENTARA CON UNA INVESTIGACION INTERDISCIPLINAR DE VANGUARDIA EN MONITOREO AMBIENTAL QUE COMBINARA CIENTIFICOS EXPERTOS EN BIOLOGIA TROPICAL, BIODIVERSIDAD, MEDICINA VETERINARIA, Y QUIMICA AMBIENTAL, CON LA PARTICIPACION DE LA CIENCIA CIUDADANA."
FB:16952;FB;Convocatorias de ayudas;2018;16952;International Forum on Marine Litter and Circular Economy (MARLICE 2019);Ecosistemas marinos;;;;sin-ccaa;;;2018;2019;0,00;0,00;;resumen;https://fundacion-biodiversidad.es/proyectos_ficha/international-forum-marine/;"La Asociación Española de Basuras Marinas (AEBAM) convocó a representantes de diferentes sectores en el evento “International Forum on Marine Litter and Circular Economy (MARLICE 2019) para determinar líneas de actuación en lo referente a la gestión y control de basuras marinas en espacios protegidos, prestando especial atención a la elaboración e implementación de estrategias y planes de conservación y recuperación de especies de interés comunitario y estatal.
La Asociación Española de Basuras Marinas (AEBAM) resultó beneficiaria en la Convocatoria de Ayudas 2018 con el proyecto “International Forum on Marine Litter and Circular Economy (MARLICE 2019), Eje 4: Concienciación, conservación y ciencia ciudadana”. Su finalidad se orientó en determinar líneas de actuación para la gestión y control de basuras marinas en espacios protegidos; prestando especial atención a la elaboración e implementación de estrategias y planes de conservación y recuperación de especies de interés comunitario y estatal.
Gracias a este proyecto se ha puesto en valor la Ciencia Ciudadana, la conservación y la participación, en un foro internacional de gran repercusión, International Forum on Marine Litter and Circular Economy (MARLICE2019), coordinado por la Asociación Española de Basuras Marinas. Contó con la participación de 250 personas de 30 países, de diferentes sectores con el objetivo común de luchar contra la contaminación marina producida por las basuras marinas.
Como parte del proyecto, se ha llevado a cabo una acción demostrativa en el entorno de la ZEPA “Espacio marino del Tinto y del Odiel”, en la provincia de Huelva. En esta, se han podido contrastar la aplicación de protocolos de seguimiento oficiales de basuras marinas con la colaboración de 80 participantes. Durante la jornada se caracterizaron más de 650 objetos en 400 m de playa, en su mayoría material plástico. Para ello, se utilizaron de forma simultánea 3 metodologías de seguimiento, a través de Ciencia Ciudadana, aplicadas a nivel nacional e internacional: una tarjeta de datos de basuras marinas en playas, del Programa de ciencia ciudadana sobre basuras marinas del Ministerio para la Transición Ecológica, elaborada en el marco de las Estrategias Marinas españolas; una app MARNOBA, por Asociación Vertidos Cero, que aplica una metodología adaptada a esta ficha de datos y el Protocolo adaptado de SurfriderEurope (Ocean Initiatives) de Marine Litter Watch de la Agencia Europea de MedioAmbiente. La comparativa de los resultados obtenidos mediante las tres metodologías puso de manifiesto la armonización existente entre las mismas.
La basura recogida durante la jornada estaba compuesta de objetos de material plástico (78 %), seguidos otros (8 %), donde destacaron objetos textiles, residuos higiénicos –sanitarios (5 %), madera trabajada (4 %), metal (2.5 %), papel y cartón (1.5 %) y vidrio (1 %). Los objetos más frecuentes fueron cabos, cuerdas y cordeles, fragmentos de plástico no identificables, bolsas de plástico y fragmentos, cintas de embalaje, envases de comida, tapones de botellas, redes y nasas, ropa y otros materiales textiles y objetos plásticos de un solo uso, como vasos y pajitas.
Esta cantidad de residuos concluyó que la mayoría son procedentes de fuentes terrestres, por lo que las primeras líneas de actuación estratégica deben comenzar por soluciones enfocadas al medio terrestre y de rivera. Para una actuación conjunta de las entidades y sectores participantes se desarrolló una sesión de formación y generación de redes de contactos, como parte del eje 4 del foro en el acuario de Sevilla."
FB:17017;FB;Convocatorias de ayudas;2018;17017;Centinelas del Mar: ciencia ciudadana para el seguimiento de los efectos del cambio climático sobre la biodiversidad marina;Causas de pérdida de biodiversidad;;;;sin-ccaa;;;2018;2019;0,00;0,00;;titulo;https://fundacion-biodiversidad.es/proyectos_ficha/centinelas-del-mar-ciencia/;"Centinelas del mar ha sido un proyecto dirigido por la Universidad de Murcia para mejorar la concienciación de los efectos del cambio climático sobre la biodiversidad marina, a través de actividades participativas con expertos del sector pesquero artesanal y el buceo.
La Universidad de Murcia ha finalizado el proyecto “Centinelas del Mar: ciencia ciudadana para el seguimiento de los efectos del cambio climático sobre la biodiversidad marina” que ha contado con el apoyo de la Fundación Biodiversidad del Ministerio para la Transición Ecológica a través de su convocatoria de ayudas 2017. El objetivo ha sido implementar medidas de adaptación de los efectos del cambio climático del sector pesquero artesanal y del buceo dependientes de la RN 2000 marina: Reservas Marinas de Interés Pesquero de Cabo de Palos-Islas Hormigas, Cabo Tiñoso y Cabo de Gata-Níjar y en zonas de Red Natura 2000 del sureste español.
Se han llevado a cabo 13 acciones entre las que destaca la elaboración de una guía metodológica para facilitar la identificación y medida de los indicadores de cambio climático propuestos para la zona. En esta guía se ha incluido un protocolo de seguimiento de las especies indicadoras así como propuestas de minimización de los impactos de las actividades. Se han celebrado 5 cursos teórico-prácticos con el sector del buceo y el pesquero artesanal que han servido para incrementar el conocimiento tanto de los participantes como de los investigadores sobre la problemática asociada al cambio climático.
Por otra parte, algunos jóvenes han aumentado su conocimiento sobre la biodiversidad de las áreas marinas protegidas y los efectos del cambio climático. Además, mediante técnicas de buceo científico participaron en el seguimiento de las comunidades marinas.
Como elemento innovador, el proyecto ha elaborado y distribuido a 20 entidades el sello de buenas prácticas “Yo me adapto al Cambio climático, ¿y tú?”."
AEI:CGL2017-90040-R;AEI;Proyectos I+D+i  Retos de investigación;2017;CGL2017-90040-R;VULNERABILIDAD DE LA BIODIVERSIDAD EN MONTAÑAS DEL SUR DE EUROPA FRENTE AL CAMBIO CLIMATICO;Biodiversidad, Ciencias de la Tierra y Cambio Global · Biodiversidad;AGENCIA ESTATAL CONSEJO SUPERIOR DE INVESTIGACIONES CIENTIFICAS (CSIC);Q2818002D;Aragón;fuente;ZARAGOZA;;;;137940,00;0,00;;resumen;https://www.aei.gob.es/ayudas-concedidas/buscador-ayudas-concedidas?code=CGL2017-90040-R;"LAS MONTAÑAS DEL SUR DE EUROPA SE CONSIDERAN SISTEMAS ENORMEMENTE BIODIVERSOS Y SENSIBLES A LOS EFECTOS DEL PRESENTE CAMBIO CLIMATICO (CC), PREDICIENDOSE UNA IMPORTANTE PERDIDA DE SU FLORA EN UN FUTURO NO LEJANO. NUESTRO PROYECTO SE CENTRA EN ESTOS SISTEMAS DE ALTO VALOR POR SER ENCRUCIZADA DE MUY DIVERSOS ELEMENTOS, Y EN LA DINAMICA DEMOGRAFICA DE NUMEROSAS ESPECIES, CON LA ESPERANCA DE PODER OFRECER UNA VISION MENOS SIMPLISTA Y MAS REALISTA DE SU FUTURO. 
EL RECONOCIMIENTO DE LA EXISTENCIA DE REFUGIOS CLIMATICOS SE MUESTRA COMO UN PRIMER PASO - ESCASAMENTE EXPLORADO- PARA VALORAR LA VULNERABILIDAD DE ESTAS MONTAÑAS. EL PRIMER OBJETIVO DEL PROYECTO SERA DETECTAR MACRO- Y MICRO-REFUGIOS CLIMATICOS EN PIRINEOS A PARTIR DE LA ASOCIACION ENTRE LA TOPOGRAFIA (POR EJ. RUGOSIDAD, BASADA EN MDT Y LIDAR) Y DATOS TOPOCLIMATICOS PROVENIENTES DE DISTINTOS TIPOS DE SENSORES REGISTRANDO A MACRO- Y MICROESCALA (MODIS, IBUTTONS, IMAGENES TERMICAS). POSTERIORMENTE, ASOCIAREMOS LOS POTENCIALES REFUGIOS A LA RIQUEZA DE ESPECIES ALMACENADA EN BASES DE DATOS CON MAS DE 2*6 REGISTROS EN PIRINEOS, LAS CARACTERISTICAS BIOLOGICAS DE LAS ESPECIES PRESENTES EN DICHOS AMBIENTES, ASI COMO LA ABUNDANCIA DE ENDEMISMOS, LINAJES MUY ANTIGUOS, ELEMENTOS BOREOALPINOS, O POBLACIONES EN LIMITE DE DISTRIBUCION. SE EXPLORARAN DISTINTOS MODELOS DE VARIABLE COMPLEJIDAD (""LAND FACETS"", Y DISTRIBUCION DE ESPECIES EN ESCENARIOS DE CC), MIENTRAS PARALELAMENTE SE TRATA DE DE VALORAR EL PAPEL DE ""HABITATS-REFUGIO"" DONDE EL EFECTO DEL CC PUEDE SER MAYOR PORQUE LA PROBABILIDAD DE CAMBIOS POR COMPETENCIA INTERESPECIFICA ES PRACTICAMENTE NULA. 
EL SEGUNDO OBJETIVO ESTA EN RELACION CON EL HECHO DE QUE EN EUROPA LAS ESPECIES ""RARAS"" PARECEN CONCENTRARSE EN AMBIENTES ""CLIMATICAMENTE RAROS"" DENTRO DE LA MATRIZ CLIMATICA GENERAL, Y CON QUE SE LES SUPONE MAS VULNERABLES AL CC POR SU ESCASEZ. EXPLORAREMOS EN PRIMER LUGAR LOS DISTINTOS TIPOS DE RAREZA SEGUN LA PROPUESTA DE RABINOWITZ (1981; AREA DE DISTRIBUCION, ESPECIFICIDAD ECOLOGICA Y ABUNDANCIA LOCAL), Y SU FRECUENCIA EN LOS DISTINTOS HABITATS Y A LO LARGO DEL GRADIENTE ALTITUDINAL DE PIRINEOS, SISTEMA IBERICO Y SIERRA NEVADA, ASI COMO SI EXISTE CONSISTENCIA EN LOS TIPOS DE RAREZA ENTRE ESTAS MONTAÑAS. SE ANALIZARA SI LAS ESPECIES RARAS PRESENTAN CARACTERISTICAS BIOLOGICAS QUE LES CONFIERAN RESISTENCIA A PERSISTIR TRAS CONTROLAR POR SU COMPONENTE FILOGENETICO. Y SE TESTARA LA HIPOTESIS DE ""CLUSTERING"" MAPEANDOLAS EN EL ARBOL FILOGENETICO, PARA VER SI EXISTE UN COMPONENTE EVOLUTIVO GENERADO POR FACTORES ABIOTICOS COMO ES ESTRESS CLIMATICO, QUE AUMENTE LA POSIBILIDAD DE PERDIDAS POR RAZONES DE CC. 
FINALMENTE, NUESTRO TERCER OBJETIVO CONSTITUYE UN ENORME RETO AL ABORDAR LA DINAMICA DE CIENTOS DE POBLACIONES PERTENECIENTES A ESPECIES AMENAZADAS, RARAS, E INDICADORAS DE HABITATS O DE CC. PRETENDEMOS MANTENER (PIRINEOS), IMPULSAR (SISTEMA IBERICO) E INICIAR (SIERRA NEVADA) UNA RED DE SEGUIMIENTO DEMOGRAFCO DE LA BIODIVERSIDAD MEDIANTE UN PROGRAMA DE CIENCIA CIUDADANA, CON EL FIN DE DETERMINAR LAS TENDENCIAS Y FLUCTUACIONES A LARGO PLAZO DE UNA VARIADA GAMA DE FORMAS DE VIDA. ESTA INFORMACION NOS PERMITIRA VALORAR SU VULNERABILIDAD REAL, Y ASOCIAR SU DINAMICA CON DATOS DE CLIMA, AL TIEMPO QUE ANALIZAR DE FORMA COMPARATIVA QUE FACTORES BIOLOGICOS, BIOGEOGRAFICOS, ECOLOGICOS, O DEMOGRAFICOS INFLUYEN MAS EN LA DINAMICA NATURAL DE LAS DISTINTAS ESPECIES Y SUS RESPUESTAS A VALORES CLIMATICOS EXTREMOS"
AEI:PCIN-2017-077;AEI;Proyectos Programación Conjunta Internacional;2017;PCIN-2017-077;SITUACIONES DE EMERGENCIA NUCLEAR - MEJORA DE LA DOSIMETRIA, VIGILANCIA MEDICA Y DE SALUD) - PARTICIPACION DE LOS INTERESADOS EN GENERAR CIENCIA;Ciencias y Tecnologías Medioambientales · Tecnologías medioambienta;UNIVERSIDAD AUTONOMA DE BARCELONA;Q0818002H;Cataluña;fuente;BARCELONA;;;;56553,00;0,00;;resumen;https://www.aei.gob.es/ayudas-concedidas/buscador-ayudas-concedidas?code=PCIN-2017-077;"SHAMISEN-SINGS, ESTA BASADO EN LAS RECOMENDACIONES DEL PROYECTO SHAMISEN FINANCIADO POR EC-OPERRA, Y TIENE COMO OBJETIVO MEJORAR LA PARTICIPACION CIUDADANA EN LA PREPARACION Y RECUPERACION ANTE UN ACCIDENTE DE RADIOLOGICO DE GRAN ENVERGADURA MEDIANTE NUEVAS HERRAMIENTAS, COMO APPS QUE PERMITAN UNA MEJOR RECOLECCION DE DATOS SOBRE MEDICIONES DE RADIACION E INDICADORES DE SALUD Y BIENESTAR. LOS OBJETIVOS ESPECIFICOS SON:
1. INTERACTUAR CON LAS PARTES INTERESADAS PARA EVALUAR SUS NECESIDADES Y SU INTERES EN CONTRIBUIR A LA EVALUACION DE LA DOSIS Y LA SALUD Y EVALUAR COMO LAS NUEVAS TECNOLOGIAS PODRIAN SATISFACER MEJOR ESTAS NECESIDADES. SE DEBEN DE CONSIDERAR LAS LECCIONES APRENDIDAS TRAS EL ACCIDENTE DE FUKUSHIMA RELACIONADAS CON EL LEVANTAMIENTO DE ORDENES DE EVACUACION Y ATENCION MEDICA PARA LA POBLACION VULNERABLE;
2. REVISAR LAS APP EXISTENTES PARA MEDICION DE DOSIS DE RADIACION IONIZANTE UTILIZABLES POR LOS CIUDADANOS Y ESTABLECER ESTANDARES MINIMOS DE CALIDAD;
3. REVISAR LAS APPS Y SISTEMAS EXISTENTES PARA MONITOREAR LA SALUD Y DESARROLLAR UN PROTOCOLO BASICO PARA UN ESTUDIO BASADO EN LA COOPERACION CIUDADANA SOBRE LAS CONSECUENCIAS SANITARIAS, SOCIALES Y PSICOLOGICAS DE UN ACCIDENTE DE RADIOLOGICO;
4. DESARROLLAR LAS HERRAMIENTAS EXISTENTES PARA DESARROLLAR EL CONCEPTO Y/O DIRECTRICES PARA UNA O MAS APPS QUE PODRIAN SER USADAS PARA:
 MONITORIZAR LA RADIACION PARA FORTALECER Y HACER PARTICIPE A LA POBLACION AFECTADA, PARA CONTRIBUIR A LA EVALUACION DE LA RADIACION Y SUS CONSECUENCIAS.
 PARA POSIBLES ESTUDIOS CIENTIFICOS REALIZADOS SOBRE LA POBLACION AFECTADA, REGISTRAR LA INFORMACION SOBRE EL COMPORTAMIENTO Y LA SALUD BAJO UN APROPIADO CONTROL ETICO Y EL CONSENTIMIENTO INFORMADO.
 PROPORCIONAR UN CANAL DE INFORMACION PRACTICA, APOYO PROFESIONAL Y DIALOGO.
5. EVALUAR CON LOS CIUDADANOS (NO EXPERTOS EN RADIOPROTECCION)LOS DESAFIOS E IMPLICACIONES ETICAS DE LAS APP Y LAS ACTIVIDADES CIENTIFICAS, A TRAVES DE TALLERES CONJUNTOS QUE BUSQUEN EL CONSENSO.
SHAMISEN-SINGS REUNE A UN EXPERIMENTADO CONSORCIO MULTIDISCIPLINARIO Y MULTINACIONAL PARA RESPONDER A OBJETIVOS IMPORTANTES DE LA PRESENTE CONVOCATORIA DE EC-OPERRA: MEJORAR LAS CONTRAMEDIDAS PARA LA PREPARACION ANTE EMERGENCIAS NUCLEARES, Y PROPORCIONAR LOS CONOCIMIENTOS NECESARIOS A LAS TODAS PARTES INTERESADAS (AFECTADAS)SOBRE RADIOPROTECCION. ESTO INCLUYE UNA EVALUACION CRITICA SOBRE LOS BENEFICIOS Y DESAFIOS PARA UNA CIENCIA CIUDADANA, INCLUYENDO EL PUNTO DE VISTA CIENTIFICO-TECNICO Y EL DE PERSONAS AJENAS. AL ADOPTAR UN ENFOQUE ETICO PRACTICO, FOMENTANDO LA CO-REFLEXION ENTRE CIENCIAS TRADICIONALES Y CIENCIAS SOCIALES, SE REFORZARA LA INTEGRACION DE LAS CIENCIAS SOCIALES EN LA RADIOPROTECCION. TAMBIEN PROPORCIONARA UN CANAL INDEPENDIENTE PARA LA RECOPILACION Y GESTION DE DATOS PARA USO DE LAS AUTORIDADES PARA LA TOMA DE DECISIONES, LA EVALUACION DE LAS DOSIS DE EXPOSICION, LA EVALUACION DE LA SALUD/CONDICION SOCIAL Y LA VIGILANCIA DE LA SALUD EN GENERAL, Y EL APOYO A LA IMPLEMENTACION DE SISTEMAS DE APLICACION DE TELEFONIA BSS."
AEI:PTA2017-14236-I;AEI;Personal Técnico de Apoyo;2017;PTA2017-14236-I;Personal Técnico de Apoyo (PTA);;AGENCIA ESTATAL CONSEJO SUPERIOR DE INVESTIGACIONES CIENTIFICAS (CSIC);Q2818002D;Andalucía;fuente;GRANADA;;;;39000,00;0,00;;palabras-clave;https://www.aei.gob.es/ayudas-concedidas/buscador-ayudas-concedidas?code=PTA2017-14236-I;
FB:16696;FB;Convocatorias de ayudas;2017;16696;Estudio de los Pirineos como bioregión para cooperar en la adaptación al cambio climático;Causas de pérdida de biodiversidad;;;;sin-ccaa;;;2017;2018;0,00;0,00;;resumen;https://fundacion-biodiversidad.es/proyectos_ficha/estudio-de-los-pirineos-como/;"El Consorcio Comunidad De Trabajo De Los Pirineos (CTP), con el apoyo de la Fundación Biodiversidad, ha desarrollado el proyecto “OPCC2 (Desarrollo y ejecución en cooperación de la estrategia del Observatorio Pirenaico de Cambio Climático)”.
OPCC2 es un proyecto de cooperación territorial en materia de cambio climático en la bioregión pirenaica, que consiste en realizar un seguimiento y comprender el fenómeno del cambio climático en los Pirineos para ayudar al territorio a adaptarse a sus impactos.
El proyecto OPCC2, ha permitido dar continuidad a la estrategia del Observatorio Pirenaico del Cambio Climático, que tiene como objetivo principal mejorar las bases de conocimientos sobre los impactos observados y previstos del cambio climático, así como sobre la vulnerabilidad a los desafíos climáticos de los principales sectores biofísicos y socioeconómicos en los Pirineos. Gracias al OPCC2 se ha desarrollado un portal de información con un Geoportal integrado, un Informe sobre Cambio Climático en los Pirineos (en el que han participado más de 80 expertos), tres talleres sectoriales participativos de adaptación en diferentes territorios de la cordillera, un coloquio internacional sobre cambio climático en zonas de montaña (con más de 200 asistentes) y se ha puesto en marcha un portal de ciencia ciudadana destinado a recoger observaciones relativas al impacto del cambio climático en la flora de alta montaña y en los principales ibones y turberas de los Pirineos."
FB:16759;FB;Convocatorias de ayudas;2017;16759;Todos por la mar, tortugas oceanógrafas;Ecosistemas marinos;Asociación Cultural Proyecto Alnitak;;;sin-ccaa;;;2017;2018;0,00;0,00;Fundación Biodiversidad;resumen;https://fundacion-biodiversidad.es/proyectos_ficha/todos-por-la-mar-tortugas-oceanografas/;"Este proyecto de la Asociación Cultural Alnitak tiene como objetivo cerrar la brecha entre la conservación marina y el público, fomentando una implicación activa de la ciudadanía a distintos niveles. La iniciativa cuenta con el apoyo de la Fundación Biodiversidad del Ministerio de Agricultura y Pesca, Alimentación y Medio Ambiente a través de su convocatoria de ayudas.
Entre los objetivos específicos del proyecto ‘Todos por la mar, tortugas oceanógrafas’ está el de informar y sensibilizar a la ciudadanía y a los sectores implicados en las políticas y estrategias de conservación de la biodiversidad marina, y más específicamente sobre el proyecto INTEMARES.
Otro de los fines es facilitar el uso de la aplicación MARNOBA (que permite que los residuos plásticos marinos queden clasificados y registrados) como oportunidad de contribuir en las políticas y estrategias de conservación de la biodiversidad marina, y en concreto en relación a INTEMARES.
También se busca fomentar la participación activa en expediciones científicas, especialmente en el marco del proyecto INTEMARES, como oportunidad de contribuir a las políticas y estrategias de conservación de la biodiversidad marina.
Por último, pretende promover en el sector educación y en las generaciones futuras la idea de que todos podemos ser agentes de cambio en relación a la conservación marina.
El proyecto contempla diversas acciones de divulgación, una exposición, expediciones científicas de ciencia ciudadana y reuniones formativas con pescadores, navegantes y buceadores para explicarles la aplicación MARNOBA, entre otras."
AEI:CGL2016-79209-R;AEI;Proyectos I+D+i  Retos de investigación;2016;CGL2016-79209-R;ESTRATEGIAS CIENTIFICAS Y EDUCATIVAS PARA UNA ACTIVIDAD PORTUARIA SOSTENIBLE ANTE INVASIONES BIOLOGICAS.;Biodiversidad, Ciencias de la Tierra y Cambio Global · Biodiversidad;UNIVERSIDAD DE OVIEDO;Q3318001I;Asturias;fuente;ASTURIAS;;;;143990,00;0,00;;resumen;https://www.aei.gob.es/ayudas-concedidas/buscador-ayudas-concedidas?code=CGL2016-79209-R;LAS INVASIONES BIOLOGICAS MARINAS SON HOY UNO DE MAYORES PELIGROS PARA LA BIODIVERSIDAD A NIVEL MUNDIAL, Y LA BIODIVERSIDAD ES LA BASE DE LA ECONOMIA SOSTENIBLE AZUL (MARINA). LOS PUERTOS SON LAS PRINCIPALES PUERTAS DE ENTRADA DE BIOTA EXOTICA, A TRAVES DE ESPECIES INCRUSTANTES Y DE AGUA DE LASTRE. COMO LA ERRADICACION ES MAS DIFICIL EN ETAPAS TARDIAS DE INVASION QUE EN ETAPAS TEMPRANAS, SE NECESITAN NUEVAS ESTRATEGIAS PARA LA PREVENCION EFICAZ Y LA DETECCION TEMPRANA DE ORGANISMOS DAÑINOS. NO SOLO LOS AGENTES IMPLICADOS EN LOS PUERTOS DEBERIAN PARTICIPAR EN ELLAS, SINO LA SOCIEDAD EN SU CONJUNTO, PUES LA ECONOMIA AZUL ES UNA PRIORIDAD PARA EUROPA. LOS OBJETIVOS DE ESTE PROYECTO SON: 1) CREAR UN MAPA GIS DE RIESGOS DE INVASION BIOLOGICA TOMANDO COMO CASO DE ESTUDIO EL PUERTO DE GIJON (ASTURIAS), BASADO EN TRAFICO MARITIMO (RUTAS Y PUERTOS ANTERIORES DE ATRACO DE LOS BARCOS QUE ENTREN EN DICHO PUERTO), Y VALIDAR EL MAPA BASANDOSE EN MUESTREO DE BIOTA + ADN BARCODING Y EN METABARCODING. 2) EVALUAR LAS ESTRATEGIAS DE METABARCODING VERSUS MARCADORES ESPECIFICOS EN ADN AMBIENTAL PARA EN INVENTARIO DE BIOTA DENTRO DE LOS PUERTOS. 3) EVALUAR LOS RIESGOS DERIVADOS DEL AGUA DE LASTRE, EN FUNCION DEL PUERTO DE ORIGEN DE LOS BARCOS Y LA RUTA SEGUIDA. BASADO EN MUESTREOS DE LOS BARCOS ATRACADOS EN ASTURIAS, Y VALIDADOS MEDIANTE MUESTREOS DE BIOTA DEL AGUA DE LASTRE DEL ROMPEHIELOS POLARSTERN EN LA EXPEDICION TRANSECUATORIAL PS102. 4) CREAR UN MAPA SOCIAL DE INTERESES, CONOCIMIENTO Y VALORES SOBRE BIODIVERSIDAD MARINA Y BIOSEGURIDAD DE LOS CIUDADANOS GIJONESES, BASADO EN UN ENFOQUE MIXTO DE GIS Y CIENCIA CIUDADANA. 5) DESARROLLAR UNA ESTRATEGIA PARA INTRODUCIR EL CONCEPTO DE GESTION PORTUARIA AZUL (SOSTENIBLE) EN ENTORNOS EDUCATIVOS.
AEI:CTM2016-77106-R;AEI;Proyectos I+D+i  Retos de investigación;2016;CTM2016-77106-R;ENTRADAS, DISTRIBUCION Y ALMACENAMIENTO DE RESIDUOS PLASTICOS EN EL MAR MEDITERRANEO;Ciencias y Tecnologías Medioambientales · Ciencias y Tecnologías Marinas;UNIVERSIDAD DE CADIZ;Q1132001G;Andalucía;fuente;CADIZ;;;;169400,00;0,00;;palabras-clave;https://www.aei.gob.es/ayudas-concedidas/buscador-ayudas-concedidas?code=CTM2016-77106-R;"ES UN HECHO CONOCIDO QUE LOS RESIDUOS PLASTICOS SE EXTIENDEN POR LA SUPERFICIE DE TODOS LOS OCEANOS, EN PLAYAS DE TODO EL MUNDO Y EN FONDOS MARINOS DESDE LOS TROPICOS A LOS POLOS; TAMBIEN CONOCEMOS EJEMPLOS DE INGESTION DE PLASTICO POR PARTE DE MUCHOS ORGANISMOS MARINOS. SIN EMBARGO, DESCONOCEMOS COMO CIRCULA Y SE ACUMULA EL PLASTICO EN MARES Y OCEANOS. A EXCEPCION DE LOS RESIDUOS FLOTANTES PEQUEÑOS, IGNORAMOS CUAL ES LA CARGA DE PLASTICO PARA LOS DISTINTOS RESERVORIOS MARINOS, COMO SE TRANSFIEREN ESTOS RESIDUOS ENTRE RESERVORIOS, O SIMPLEMENTE QUE CONCENTRACIONES DE PLASTICO SON MODERADAS O EXTREMAS PARA CADA ECOSISTEMA. EL OBJETIVO DEL PROYECTO MIDAS ES REALIZAR UN BALANCE DE MASAS INTEGRAL PARA LA BASURA PLASTICA EN TODA LA CUENCA MEDITERRANEA, CONSIDERANDO LAS ENTRADAS TERRESTRES Y MARITIMAS Y TODOS LOS RESERVORIOS DE PLASTICO (COSTAS, AGUAS SUPERFICIALES COSTERAS Y OFFSHORE, FONDOS SOMEROS Y PROFUNDOS, COLUMNA DE AGUA Y BIOTA). EL MEDITERRANEO ES UNA REGION IDONEA PARA ACOMETER ESTE OBJETIVO YA QUE (I) ES UN SISTEMA SEMI-CERRADO (CON INTERCAMBIOS LIMITADOS AL ESTRECHO DE GIBRALTAR) (II) ES UNA DE LAS MAYORES REGIONES DE ACUMULACION DE RESIDUOS PLASTICOS DEL PLANETA, (III) ES UN PUNTO CALIENTE (HOT-SPOT) DE DIVERSIDAD MARINA A NIVEL GLOBAL, Y (IV) UNA DE LAS REGIONES DEL MUNDO CON MAYOR CONCENTRACION DE ESTUDIOS Y ACTUACIONES DE LIMPIEZA SOBRE LA CONTAMINACION MARINA. MIDAS SE APOYA EN LOS NUMEROSOS PROYECTOS DE INVESTIGACION Y CAMPAÑAS DE LIMPIEZA EN CURSO O COMPLETADAS EN EL MEDITERRANEO POR PARTE DE LOS DIFERENTES COLABORADORES DEL PROYECTO, INCLUYENDO UNIVERSIDADES E INSTITUTOS DE INVESTIGACION EN DIVERSOS PAISES DEL MEDITERRANEO (ESPAÑA, ITALIA, FRANCIA, ISRAEL, MALTA, GRECIA Y MARRUECOS), ONGS AMBIENTALES (SURFRIDER FOUNDATION, LET¿S DO IT, PROJECT AWARE-DIVE AGAINST DEBRIS), COFRADIAS DE PESCADORES, CLUBES DE BUCEO O CENTROS ESCOLARES. SE PONDRA ENFASIS EN LA ESTANDARIZACION TRANS-ECOSISTEMICA DE DATOS Y PROTOCOLOS DE MUESTREO ASI COMO EN COMPLETAR LAS CARENCIAS DE LA INFORMACION DISPONIBLE CON OBJETO DE REUNIR DATOS SUFICIENTES PARA ELABORAR LA PRIMERA EVALUACION INTEGRAL Y A GRAN ESCALA DE LA CONTAMINACION MARINA POR PLASTICOS. LOS RESULTADOS DETERMINARAN DONDE Y A QUE RITMO SE ACUMULAN LOS RESIDUOS PLASTICOS EN EL MAR. ADEMAS DE LA ESTRECHA RELACION CON LA SOCIEDAD, PARTICIPES DIRECTOS DEL PROYECTO, EL PLAN DE DIFUSION DE RESULTADOS INVOLUCRA A ORGANOS ADMINISTRATIVOS Y CONSULTIVOS ASI COMO AL SECTOR EMPRESARIAL DEL PLASTICO. ASI, ADMINISTRACIONES PUBLICAS ENCARGADAS DE LA GESTION DEL LITORAL COMO LA CONSEJERIA DE MEDIO AMBIENTE DE LA JUNTA DE ANDALUCIA O EL MINISTERIO DE AGRICULTURA, ALIMENTACION Y MEDIO AMBIENTE HAN MOSTRADO SU INTERES EN EL PROYECTO. LAS GRANDES EMPRESAS RELACIONADAS CON EL RECICLADO Y PRODUCCION DEL PLASTICO EN ESPAÑA COMO ECOEMBES Y PLASTIC EUROPE TAMBIEN HAN MANIFESTADO OFICIALMENTE SU APOYO Y SU INTERES EN EL SEGUIMIENTO DE RESULTADOS DEL PROYECTO. POR TANTO, ESPERAMOS QUE MIDAS CONTRIBUYA DE FORMA IMPORTANTE A LA GESTION (SEGUIMIENTO, MITIGACION Y PREVENCION) DE LA CONTAMINACION MARINA POR PLASTICOS."
AEI:EDU2016-78163-R;AEI;Proyectos I+D+i  Retos de investigación;2016;EDU2016-78163-R;EDUCOMUNICACION WEB 2.0 DEL PATRIMONIO;Ciencias de la Educación · Ciencias de la Educación;UNIVERSIDAD DE ZARAGOZA;Q5018001G;Aragón;fuente;ZARAGOZA;;;;45496,00;0,00;;resumen;https://www.aei.gob.es/ayudas-concedidas/buscador-ayudas-concedidas?code=EDU2016-78163-R;"LA FINALIDAD DEL PROYECTO ES ANALIZAR EL PROCESO DE COMUNICACION PATRIMONIAL EN ESPACIOS WEB 2.0 Y EN EL CASO DE LOS PROCESOS EDUCATIVOS, TANTO EN ENSEÑANZA FORMAL COMO NO FORMAL Y DESCRIBIR EN QUE CONTEXTOS SE CONSIGUE ROMPER LAS BARREAS ENTRE LA COMUNIDAD VIRTUAL Y LA FISICA Y DESARROLLAR PROYECTOS SOSTENIBLES QUE CONTRIBUYAN A LA TRASFORMACION SOCIAL. ESOS CASOS DE EDUCOMUNICACION WEB 2.0 SE CONVERTIRAN EN REFERENTES DE LOS QUE SE PUEDEN DERIVAR UN CONJUNTO DE BUENAS PRACTICAS QUE GUIE LA ACTUACION DE OTROS COMMUNITY MANAGERS Y RESPONSABLES DE DEAC.

EL PRESENTE PROYECTO SE FUNDAMENTA TEMATICA Y METODOLOGICAMENTE EN EL INMEDIATAMENTE ANTERIOR ""EVALUACION CUALITATIVA DE LA ACCION CULTURAL EN YACIMIENTOS ROMANOS CON LA WEB 2.0 (CIVITAS). 

LOS OBJETIVOS CONCRETOS DEL PROYECTO SON: 
1. DOCUMENTAR Y DESCRIBIR PROCESOS SIGNIFICATIVOS DE EDUCOMUNICACION WEB 2.0. 
2. ANALIZAR LA RELACION ENTRE EDUCOMUNICACION WEB 2.0 Y PROCESOS DE TRANSFORMACION SOCIAL (COMO LOS PROCESOS DE PATRIMONIALIZACION, DE CREACION DE IDENTIDADES, DE COLABORACION E IMPLICACION EN CAMBIOS SOCIALES, DE IMPULSO DE LA CIENCIA CIUDADANA Y DE PROCESOS DE CREACION COLECTIVA, ETC.).
3. POTENCIAR EL PROCESO DE PARTICIPACION SOCIAL WEB 2.0 EN RELACION AL PATRIMONIO A TRAVES DE LA IMPLEMENTACION DE PROYECTOS EXPERIMENTALES DE CIENCIA CIUDADANA
4. IDENTIFICAR, DESCRIBIR Y ANALIZAR BUENAS PRACTICAS DE EDUCOMUNICACION PATRIMONIAL WEB 2.0 QUE PUEDAN ACTUAR COMO REFERENTES DE ACCIONES ON LINE PARA OTRAS INSTITUCIONES Y PERMITAN MEJORAR LA ACCION EDUCOMUNICATIVA ON LINE.

PARA ELLO TRABAJAREMOS PARALELAMENTE EN DOS AMBITOS. 

PRIMERO, SE DESARROLLARAN ESTUDIOS CONJUNTOS DE CASOS DESTACADOS PARA TRATAR DE ESTABLECER UN CONJUNTO DE BUENAS PRACTICAS DE EDUCOMUNICACION WEB 2.0 DEL PATRIMONIO EN REDES SOCIALES. ESTAS INVESTIGACIONES SE BASARAN EN LA METODOLOGIA DESARROLLADA EN EL PROYECTO DE INVESTIGACION ANTERIOR Y SE APLICARAN AL MENOS A DOS CONJUNTOS TEMATICOS: MUSEOS DE ARTE CONTEMPORANEO Y MUSEOS ARQUEOLOGICOS. 

SEGUNDO, SE DESARROLLARAN APLICACIONES EXPERIMENTALES DE CIENCIA CIUDADANA WEB 2.0 VINCULADAS AL PATRIMONIO. CONCRETAMENTE SE REALIZARAN CUATRO APLICACIONES. LAS DOS PRIMERAS CONLLEVAN UNA PARTICIPACION CIUDADANA DE LOCALIZACION DE INFORMACION Y GEOPOSICION DE LA MISMA (UNA DE RECONSTRUCCIONES VIRTUALES DE ESPACIOS ARQUEOLOGICOS Y OTRA DE REDES SOCIALES DE YACIMIENTOS ARQUEOLOGICOS) Y YA HAN SIDO DISEÑADAS EN EL PROYECTO ANTERIOR. EN EL ACTUAL SE TRATA DE ANALIZARLAS CON UNA MAYOR PERSPECTIVA Y CON TIEMPO SUFICIENTE PARA APLICAR LA METODOLOGIA EXPLICADA MAS ADELANTE. LA TERCERA SERA UNA APP DE RED SOCIAL DE COMPARTIR FOTOGRAFIAS DE YACIMIENTOS ARQUEOLOGICOS (EL USUARIO REALIZA LA FOTOGRAFIA, LA COMPARTE COMENTADA EN LA RED Y SE GEOPOSICIONA AUTOMATICAMENTE AL ESTAR ACTIVADA LA UBICACION DE SU MOVIL) Y LA CUARTA, MAS ORIENTADA A CENTROS ESCOLARES Y ESTUDIANTES, UN ESPACIO INMERSIVO CON ACTIVIDADES DE HISTORIA LOCAL BASADAS EN DOCUMENTOS Y PATRIMONIO ESPACIOS ONLINE PARA COMPARTIR INFORMACION Y PARA LA DISCUSION DE CARA A LA RESOLUCION DE LAS TAREAS (ARCHIVOS EN LA NUBE Y FOROS DE DISCUSION, ETC.)."
AEI:AYA2015-71718-R;AEI;Proyectos I+D+i  Retos de investigación;2015;AYA2015-71718-R;LA RED GLOBAL BOOTES PARA INVESTIGACION ASTROFISICA Y DETECCION DE BASURA ESPACIAL Y PARTICIPACION ESPAÑOLA EN LA MISION SVOM;Astronomía y Astrofísica · Astronomía y Astrofísica;AGENCIA ESTATAL CONSEJO SUPERIOR DE INVESTIGACIONES CIENTIFICAS (CSIC);Q2818002D;Andalucía;fuente;GRANADA;;;;147620,00;0,00;;resumen;https://www.aei.gob.es/ayudas-concedidas/buscador-ayudas-concedidas?code=AYA2015-71718-R;"EL OBJETIVO CIENTIFICO PRINCIPAL DE ESTE PROYECTO ES CONTINUAR CON EL DESARROLLO DE INSTRUMENTACION (ROBOTICA EN TIERRA Y PARA MISIONES ESPACIALES), PARTICIPANDO EN LA CIENCIA ASOCIADA (TANTO DESDE EL PUNTO DE VISTA OBSERVACIONAL COMO DE MODELADO TEORICO). 

DICHA INSTRUMENTACION ROBOTICA SERVIRA, POR UN LADO, COMO APOYO EN TIERRA A MISIONES ESPACIALES, Y POR OTRO, PARA COMPLEMENTAR LA EXPLOTACION CIENTIFICA DE LA MISION UFFO-PATHFINDER  (DONDE ESPAÑA PARTICIPA) QUE SERA LANZADA EL ESPACIO EL 25/12/2015. A ESTE RESPECTO SE NOS HA INVITADO A FORMAR PARTE DE LA MISION FRANCO-CHINA SVOM (2021), DONDE LIDERARIAMOS LA PARTICIPACION ESPAÑOLA, PUDIENDO TAMBIEN PARTICIPAR DESDE EL PUNTO DE VISTA CIENTIFICO EN LA FASE A DE XIPE RECIENTEMENTE PRESELECCIONADA POR ESA JUNTO CON OTRAS 2 MISIONES Y DE LA QUE SE ELEGIRA UNA EN 2017.  LAS TRES MISIONES SE RECOGEN EN ESTA PROPUESTA.

EN RELACION AL DESARROLLO TECNOLOGICO EN TIERRA, SE PRETENDE OPERAR DE MANERA UNIFICADA (POR MEDIO DE UN PROGRAMADOR INTELIGENTE GLOBAL) LA RED BOOTES DE TELESCOPIOS ROBOTICOS DE 0,6M DE DIAMETRO DESPLEGADA POR EL PLANETA (HTTP://BOOTES.IAA.ES). ELLO PERMITIRA SIMULTANEAR LAS LABORES DE SEGUIMIENTO DE BASURA ESPACIAL (QUE SUPONEN UN 30% DEL TIEMPO DISPONIBLE Y DE GRAN IMPORTANCIA PARA ESPAÑA DENTRO DEL PROGRAMA SST DE LA UE) CON EL PROGRAMA CIENTIFICO, SIN MENOSCABO DEL MISMO.

EL OBJETIVO CIENTIFICO PRINCIPAL ES LA OBSERVACION INMEDIATA DE ESTALLIDOS COSMICOS DE RAYOS GAMMA (GRBS), LOS FENOMENOS MAS ENERGETICOS DEL UNIVERSO, Y DE LA EMISION POST-LUMINISCENTE ASOCIADA, AMEN DE CONTRIBUIR A OTROS MUCHOS CAMPOS ASTROFISICOS QUE ABARCAN DESDE SISTEMA SOLAR HASTA ASTROFISICA EXTRAGALACTICA, DONDE YA ESTAMOS COLABORANDO DE MANERA SIGNIFICATIVA.

POR ELLO, PRETENDEMOS UN AMBICIOSO DESARROLLO TECNOLOGICO EN TIERRA, QUE COMPRENDE POR UN LADO:

1) REPLICAR TANTO EL ESPECTROGRAFO COLORES (PATENTADO POR NUESTRO GRUPO EN 2015) COMO NUESTRO OBJETIVO DE GRAN CAMPO (25 GRADOS CUADRADOS) E INSTALAR AMBOS INSTRUMENTOS EN NUESTRAS ESTACIONES EN ANDALUCIA. 
2) INSTALAR EDIPO (INSTRUMENTO MULTI-IMAGEN Y POLARIMETRO)  COMO NSTRUMENTO VISITANTE EN EL TELESCOPIO ROBOTICO DE 3,6M DE DEVASTHAL (INDIA) Y QUE COMPLEMENTARIA A LA RED BOOTES. 

Y POR OTRO:
1) INSTALAR UN NUEVO DERROTADOR PARA EL T60 DEL OBSERVATORIO DE SIERRA NEVADA DE MODO QUE PODAMOS OBTENER IMAGENES OPTICAS E NIR CUASISIMULTANEAS.
2) DESARROLLO E INSTALACION DE UN TELESCOPIO ROBOTICO DE 60CM OPTIMIZADO PARA EL SEGUIMIENTO DE BASURA ESPACIAL (CON CAPACIDAD DE SEGUIMIENTO RAPIDO) QUE TAMBIEN PUEDA SIMULTANEAR ESTE SIGUIMIENTO CON LAS OPERACIONES CIENTIFICAS PROPIAMENTE DICHAS, A SER INSTALADO EN OTRA DE LAS ESTACIONES ANDALUZAS DE LA RED, Y PARA SU INCLUSION EN LOS PROGRAMAS S3T Y SST. 

POR ULTIMO, QUEREMOS APROVECHAR EL POTENCIAL DE LA RED ROBOTICA PARA DEDICAR UNA FRACCION DEL TIEMPO A CIENCIA ABIERTA Y DIVULGACION, COMO PARTE DEL COMPROMISO PARA SEGUIR MANTENIENDO LA RED GLORIA+ (HTTP://GLORIA-PROJECT.EU), AUSPICIADA POR LA UE DENTRO DEL PROGRAMA FP7 E INCLUSO PERMITIR EL ACCESO A TRAVES DE GLORIA+ A UNA INFIMA FRACCION DE TIEMPO DE TELESCOPIO DE MAYOR DIAMETRO EN LOS DIVERSOS OBSERVATORIOS NUESTRO PAIS, PARA CONTRIBUIR A PROYECTOS DE CIENCIA CIUDADANA, COMO VENIMOS HACIENDO HASTA AHORA."
AEI:BES-2015-072155;AEI;Contratos Predoctorales;2015;BES-2015-072155;CIENCIA CIUDADANA Y CONOCIMIENTO AGROECOLOGICO TRADICIONAL. ¿COMO FOMENTAR LA PARTICIPACION CIUDADANA EN EL INVENTARIO ESPAÑOL DE LOS CONOCIMIENTOS TRADICIONALES?;;UNIVERSIDAD AUTONOMA DE BARCELONA;Q0818002H;Cataluña;fuente;BARCELONA;;;;92750,00;0,00;;titulo;https://www.aei.gob.es/ayudas-concedidas/buscador-ayudas-concedidas?code=BES-2015-072155;
AEI:BES-2015-074229;AEI;Contratos Predoctorales;2015;BES-2015-074229;TECNOLOGIAS INNOVADORAS PARA LA MEJORA DE BIOGAS: DESDE LA INVESTIGACION BASICA A LA EVALUACION DE TECNOLOGIAS;;UNIVERSITAT DE GIRONA;Q6750002E;Cataluña;fuente;GERONA;;;;92750,00;0,00;;palabras-clave;https://www.aei.gob.es/ayudas-concedidas/buscador-ayudas-concedidas?code=BES-2015-074229;
AEI:BES-2015-074609;AEI;Contratos Predoctorales;2015;BES-2015-074609;"Políticas de competencia y regulación de mercados; Economía Pública; Política Económica.";;UNIVERSIDAD CARLOS III DE MADRID;Q2818029G;Madrid;fuente;MADRID;;;;92750,00;0,00;;palabras-clave;https://www.aei.gob.es/ayudas-concedidas/buscador-ayudas-concedidas?code=BES-2015-074609;
AEI:EEBB-I-16-10893;AEI;Estancias Breves;2015;EEBB-I-16-10893;-;;UNIVERSIDAD COMPLUTENSE DE MADRID;Q2818014I;Madrid;fuente;MADRID;;;;5708,00;0,00;;palabras-clave;https://www.aei.gob.es/ayudas-concedidas/buscador-ayudas-concedidas?code=EEBB-I-16-10893;
AEI:EEBB-I-16-10979;AEI;Estancias Breves;2015;EEBB-I-16-10979;-;;UNIVERSIDAD COMPLUTENSE DE MADRID;Q2818014I;Madrid;fuente;MADRID;;;;4130,00;0,00;;palabras-clave;https://www.aei.gob.es/ayudas-concedidas/buscador-ayudas-concedidas?code=EEBB-I-16-10979;
AEI:EEBB-I-16-11369;AEI;Estancias Breves;2015;EEBB-I-16-11369;-;;INSTITUTO DE ASTROFISICA DE CANARIAS (IAC);Q3811001A;Canarias;fuente;SANTA CRUZ DE TENERIFE;;;;4050,00;0,00;;palabras-clave;https://www.aei.gob.es/ayudas-concedidas/buscador-ayudas-concedidas?code=EEBB-I-16-11369;
AEI:EEBB-I-16-11489;AEI;Estancias Breves;2015;EEBB-I-16-11489;-;;UNIVERSIDAD DE LAS ISLAS BALEARES;Q0718001A;Illes Balears;fuente;BALEARES;;;;5370,00;0,00;;palabras-clave;https://www.aei.gob.es/ayudas-concedidas/buscador-ayudas-concedidas?code=EEBB-I-16-11489;
AEI:EEBB-I-16-11646;AEI;Estancias Breves;2015;EEBB-I-16-11646;-;;AGENCIA ESTATAL CONSEJO SUPERIOR DE INVESTIGACIONES CIENTIFICAS (CSIC);Q2818002D;Madrid;fuente;MADRID;;;;4450,00;0,00;;palabras-clave;https://www.aei.gob.es/ayudas-concedidas/buscador-ayudas-concedidas?code=EEBB-I-16-11646;
AEI:EUIN2015-62913;AEI;Europa Investigación;2015;EUIN2015-62913;PLATAFORMA CONCIENCIA COLECTIVA PARA LA CONTAMINACION POR OZONO TROPOSFERICO;Tecnologías para la Sociedad de la Información;UNIVERSITAT POLITECNICA DE CATALUNYA;Q0818003F;Cataluña;fuente;BARCELONA;;;;20000,00;0,00;;resumen;https://www.aei.gob.es/ayudas-concedidas/buscador-ayudas-concedidas?code=EUIN2015-62913;"LA CONTAMINACION DEL AIRE ES EL PROBLEMA MEDIAMBIENTAL QUE MAS PREOCUPA A LOS EUROPEOS (EUROBAROMETRO 2013), Y TIENE IMPORTANTES EFECTOS SOBRE LA SALUD, LOS ECOSISTEMAS Y LA PRODUCCION AGRICOLA.  A PESAR DE ESTO, DAR DATOS E INFORMACION A LOS CIUDADANOS DE TAL COMO SE HACE HOY EN DIA, NO ES SUFICIENTE PARA INCREMENTAR LA CONCIENCIACION SOBRE EL PROBLEMA Y CONSEGUIR CAMBIOS EN LAS ACTITUDES. 
CAPTOR COMBINA CONCEPTOS DE CIENCIA CIUDADANA, APRENDIZAJE COLABORATIVO Y ACTIVISMO MEDIOAMBIENTAL PARA EXPLOTAR LA INTELIGENCIA COLECTIVA QUE EXISTEN EN LAS REDES DE COMUNIDADES Y ASOCIACIONES LOCALES, PERMITIENDO QUE LA GENTE ENTIENDA MEJOR LAS RAZONES Y CONSECUENCIAS DE LA CONTAMINACION DEL AIRE Y ESTIMULAR LA DISCUSION ENTRE LOS DIVERSOS ACTORES IMPLICADOS, DIRIGIENDOSE A LAS INSTICUCIONES PUBLICAS GRACIAS A LA GENERACION DE DATOS EXPERIMENTALES ROBUSTOS CON UN VALOR CIENTIFICO OBTENIDOS A TRAVES DE UNA RED PROPIA DE TOMA DE MEDIDAS. 
LA PLATAFORMA DE CONCIENCIACION COLECTIVA DE CAPTOR INTEGRA UNA RED DE NODOS DE MONITORIZACION, REPOSITORIOS DE DATOS ABIERTOS, APLICACIONES MOVILES Y UNA PLATAFORMA DE APRENDIZAJE COLABORATIVO PARA PROMOVER LA DISCUSION ON-LINE Y LOS DEBATES SOBRE ACCIONES Y MEJORES PRACTICAS, DANDO INTRUMENTOS A LOS CIUDADANOS PARA INFLUIR EN LAS POLITICAS PUBLICAS REFERENTES AL CONTROL DE LA CONTAMINACION ATMOSFERICA.
SE PLANTEAN 3 PILOTOS EN 3 PAISES EUROPEOS (AUTRIA, ESPAÑA E ITALIA) PROMOVIDOS POR ACTIVISTAS MEDIOAMBIENTALES Y ASOCIACIONES LOCALES. EL CONSORCIO INCLUYE UN GRUPO BALANCEADO DE SOCIOS, INCLUYENDO INSTITUCIONES DE RECONOCIDA EXPERIENCIA EN TIC, CIENCIAS SOCIALES Y MEDIOAMBIENTALES, UNA DE LAS MAYORES REDES COMUNICATIAS DEL MUNDO Y 3 ONGS CON CONTRASTADA EXPERIENCIA EN EL ACTIVISMO MEDIOAMBIENTAL. EL PROYECTO TIENE UNA FUERTE CAPACIDAD DE IMPACTO, COMO DEMUESTRA EL HECHO DE QUE 82 ACTORES IMPLICADOS DE 21 PAISES EUROPEOS HAYAN MOSTRADO SU INTERES EN PARTICIAPR Y EN CONOCER LOS RESULTADOS, FIRMANDO CARTAS DE APOYO."
FB:16450;FB;Convocatorias de ayudas;2015;16450;Aplicaciones de móvil y web para impulsar acciones de Ciencia Ciudadana;Ecosistemas terrestres;;;;sin-ccaa;;;2015;2015;0,00;0,00;Fundación Biodiversidad;titulo;https://fundacion-biodiversidad.es/proyectos_ficha/aplicaciones-de-movil-y-web-para-impulsar/;"Seo Birdlife tiene como objetivo facilitar la participación de voluntarios en trabajos de campo relacionados con la inventariación y conservación de la naturaleza mediante el desarrollo de tecnologías modernas (aplicaciones web y móvil). Para ello a lo largo de este proyecto ha diseñado aplicaciones dedicadas al seguimiento de aves comunes y exóticas después de crear una base de datos. Tras comprobar el funcionamiento de la base de datos y de la aplicación se produjo la informatización de los datos y el nacimiento de la app, como queda reflejado en el informe final.
Gracias a este proyecto se ha conseguido una aplicación para informatizar los datos de aves exóticas detectadas en territorio español que funciona desde una aplicación web y desde dispositivos móviles o tabletas. Se trata de una aplicación gratuita que funciona en Android y en Iphone."
AEI:BES-2014-070355;AEI;Contratos Predoctorales;2014;BES-2014-070355;COMPLEJOS DE METALES NOBLES CON LIGANDOS FOSFORADOS VOLUMINOSOS. ACTIVACION DE ENLACES C-H Y APLICACIONES CATALITICAS.;;UNIVERSIDAD DE SEVILLA;Q4118001I;Andalucía;fuente;SEVILLA;;;;88400,00;0,00;;palabras-clave;https://www.aei.gob.es/ayudas-concedidas/buscador-ayudas-concedidas?code=BES-2014-070355;
AEI:CSO2014-59704-P;AEI;Proyectos de I+D (Excelencia / Generación de Conocimiento);2014;CSO2014-59704-P;CIENCIA CIUDADANA Y CONOCIMIENTO AGROECOLOGICO TRADICIONAL. ¿COMO FOMENTAR LA PARTICIPACION CIUDADANA EN EL INVENTARIO ESPAÑOL DE LOS CONOCIMIENTOS TRADICIONALES?;Ciencias Sociales · Sociología;UNIVERSIDAD AUTONOMA DE BARCELONA;Q0818002H;Cataluña;fuente;BARCELONA;;;;48400,00;0,00;;titulo;https://www.aei.gob.es/ayudas-concedidas/buscador-ayudas-concedidas?code=CSO2014-59704-P;"LA IMPORTANCIA DEL CONOCIMIENTO TRADICIONAL PARA LA CONSERVACION DE LA BIODIVERSIDAD HA DESPERTADO EL INTERES POR PRESERVAR, MANTENER Y FOMENTAR ESTE TIPO DE CONOCIMIENTOS, COMO SE REFLEJA EN EL ARTICULO 8(J) DEL CONVENIO SOBRE DIVERSIDAD BIOLOGICA. EN CUMPLIMIENTO DE DICHO ACUERDO, LA LEGISLACION ESPAÑOLA INCORPORA EL CONOCIMIENTO ECOLOGICO TRADICIONAL (CET) COMO UNO DE LOS COMPONENTES FUNDAMENTALES DEL INVENTARIO ESPAÑOL DEL PATRIMONIO NATURAL Y DE LA BIODIVERSIDAD (REAL DECRETO 556/2011). EN ESE MARCO, UN GRUPO DE INVESTIGADORES ESTA DESARROLLANDO EL INVENTARIO ESPAÑOL DE CONOCIMIENTO TRADICIONAL (IECT), UN INSTRUMENTO PUBLICO QUE ASPIRA A RECOGER LOS CONOCIMIENTOS ECOLOGICOS TRADICIONALES, EVALUAR SU GRADO DE CONSERVACION Y VULNERABILIDAD, Y A HACER ACCESIBLE ESTE CONOCIMIENTO A GESTORES, INVESTIGADORES, Y LA CIUDADANIA EN GENERAL. EN SU DESARROLLO ACTUAL, EL IECT SOLO INCLUYE INFORMACION RECOPILADA POR INVESTIGADORES PROFESIONALES, LO QUE LIMITA EL TIPO DE CONOCIMIENTO A DOCUMENTAR PUESTO QUE MUCHOS DE ESTE CONOCIMIENTO SE ENCUENTRA SOLO EN FORMA ORAL Y ES MANTENIDO PRINCIPALMENTE- POR LA POBLACION DE EDAD AVANZADA. 
	EN ESTA INVESTIGACION DESARROLLAREMOS Y VALIDAREMOS UNA NUEVA METODOLOGIA QUE PERMITIRIA AMPLIAR LAS BASES SOBRE LAS QUE SE RECOGE EL CET A LA VEZ QUE LO ACERCA A LA CIUDADANIA. ESPECIFICAMENTE, DESARROLLAREMOS UNA PLATAFORMA DIGITAL INTERACTIVA QUE PERMITA A CUALQUIER CIUDADANO TANTO CONTRIBUIR CON SU CET COMO ACCEDER A INFORMACION PROPORCIONADA POR OTROS CIUDADANOS. EL PROYECTO, DE TRES AÑOS DE DURACION, SE DESARROLLARA EN TRES FASES Y SE CENTRARA EN LA RECOGIDA DE PRACTICAS AGROECOLOGICAS. DURANTE LA FASE DE PREPARACION (ENERO-AGOSTO 2015), DISEÑAREMOS, IMPLEMENTAREMOS Y TESTEAREMOS LA PLATAFORMA QUE INCLUIRA UNA SECCION QUE PERMITA A LA CIUDADANIA INTRODUCIR INFORMACION Y OTRA QUE PERMITA SU DIFUSION, PREVIO FILTRO Y ANALISIS. DURANTE LA EJECUCION (SEPTIEMBRE 2015-DICIEMBRE 2016), USAREMOS TRES ENFOQUES PARA DAR A CONOCER LA PLATAFORMA. PRIMERO, DISEMINAREMOS LA PLATAFORMA ENTRE LA CIUDADANIA MEDIANTE ANUNCIOS EN MEDIOS DE COMUNICACION, REDES SOCIALES, Y CIRCULOS DE PERSONAS POTENCIALMENTE INTERESADAS. SEGUNDO, HAREMOS UNA DIFUSION MAS CENTRADA EN REDES DE AGRICULTURA ECOLOGICA. TERCERO, TRABAJAREMOS DE FORMA FOCALIZADA CON GRUPOS DE CIUDADANOS QUE, A PRIORI, CONSIDERAMOS QUE PUEDEN CONOCER MUCHAS PRACTICAS AGROECOLOGICAS, ES DECIR LAS PERSONAS MAYORES CON UN PASADO RURAL. PUESTO QUE ESTA POBLACION A MENUDO NO TIENE CONOCIMIENTOS INFORMATICOS, PROPONEMOS ACERCARNOS A ELLOS MEDIANTE LAS GENERACIONES MAS JOVENES. ESPECIFICAMENTE, TRABAJAREMOS CON PROFESORES DE MEDIO SOCIAL Y NATURAL DE LOS ULTIMOS CURSOS DE EDUCACION PRIMARIA EN ESCUELAS RURALES. ANIMAREMOS A LOS PROFESORES A QUE UTILICEN LA PLATAFORMA COMO UN INSTRUMENTO EDUCATIVO MEDIANTE EL CUAL LOS ESTUDIANTES PUEDAN RECOPILAR INFORMACION SOBRE PRACTICAS AGROECOLOGICAS PROPORCIONADA POR SUS MAYORES. ASI, A LA VEZ QUE INVENTARIAMOS EL CET, TAMBIEN POTENCIAMOS EL DIALOGO INTERGENERACIONAL Y ACERCAMOS A LOS NIÑOS AL CET. COMPARAREMOS LA CANTIDAD Y CALIDAD DE LOS DATOS OBTENIDOS EN LOS TRES ENFOQUES PARA VER CUAL DE ELLOS PROPORCIONA MEJORES RESULTADOS. FINALMENTE, EN LA TERCERA ETAPA (ENERO-DICIEMBRE 2017) EVALUAREMOS LOS RESULTADOS DE LA METODOLOGIA DOCUMENTANDO LAS VENTAJAS Y LOS INCONVENIENTES DE ESTE METODO PARA COMPLEMENTAR EL DESARROLLO DEL IECT. LOS RESULTADOS SE PUBLICARAN EN REVISTAS CIENTIFICAS DE IMPACTO."
AEI:EEBB-I-15-09168;AEI;Estancias Breves;2014;EEBB-I-15-09168;-;;UNIVERSIDAD DE MURCIA;Q3018001B;Murcia;fuente;MURCIA;;;;4280,00;0,00;;palabras-clave;https://www.aei.gob.es/ayudas-concedidas/buscador-ayudas-concedidas?code=EEBB-I-15-09168;
AEI:EEBB-I-15-10395;AEI;Estancias Breves;2014;EEBB-I-15-10395;-;;UNIVERSIDAD DE ALMERIA;Q5450008G;Andalucía;fuente;ALMERIA;;;;3060,00;0,00;;palabras-clave;https://www.aei.gob.es/ayudas-concedidas/buscador-ayudas-concedidas?code=EEBB-I-15-10395;
AEI:IJCI-2014-19381;AEI;Juan de la Cierva Incorporación;2014;IJCI-2014-19381;-;;AGENCIA ESTATAL CONSEJO SUPERIOR DE INVESTIGACIONES CIENTIFICAS (CSIC);Q2818002D;Madrid;fuente;MADRID;;;;64000,00;0,00;;palabras-clave;https://www.aei.gob.es/ayudas-concedidas/buscador-ayudas-concedidas?code=IJCI-2014-19381;
AEI:IJCI-2014-20932;AEI;Juan de la Cierva Incorporación;2014;IJCI-2014-20932;-;;AGENCIA ESTATAL CONSEJO SUPERIOR DE INVESTIGACIONES CIENTIFICAS (CSIC);Q2818002D;Murcia;fuente;MURCIA;;;;64000,00;0,00;;palabras-clave;https://www.aei.gob.es/ayudas-concedidas/buscador-ayudas-concedidas?code=IJCI-2014-20932;
AEI:IJCI-2014-22023;AEI;Juan de la Cierva Incorporación;2014;IJCI-2014-22023;-;;UNIVERSIDAD POLITECNICA DE MADRID;Q2818015F;Madrid;fuente;MADRID;;;;64000,00;0,00;;palabras-clave;https://www.aei.gob.es/ayudas-concedidas/buscador-ayudas-concedidas?code=IJCI-2014-22023;
AEI:PEJ-2014-P-00143;AEI;Promoción de Empleo Joven;2014;PEJ-2014-P-00143;-;;UNIVERSIDAD DE ALCALA;Q2818018J;Madrid;fuente;MADRID;;;;39200,00;0,00;;palabras-clave;https://www.aei.gob.es/ayudas-concedidas/buscador-ayudas-concedidas?code=PEJ-2014-P-00143;
AEI:PEJ-2014-P-00689;AEI;Promoción de Empleo Joven;2014;PEJ-2014-P-00689;-;;AGENCIA ESTATAL CONSEJO SUPERIOR DE INVESTIGACIONES CIENTIFICAS (CSIC);Q2818002D;La Rioja;fuente;LA RIOJA;;;;35800,00;0,00;;palabras-clave;https://www.aei.gob.es/ayudas-concedidas/buscador-ayudas-concedidas?code=PEJ-2014-P-00689;
AEI:PEJ-2014-P-01041;AEI;Promoción de Empleo Joven;2014;PEJ-2014-P-01041;-;;INSTITUTO DE SALUD CARLOS III DE MADRID (ISCIII);Q2827015E;Madrid;fuente;MADRID;;;;35800,00;0,00;;palabras-clave;https://www.aei.gob.es/ayudas-concedidas/buscador-ayudas-concedidas?code=PEJ-2014-P-01041;
AEI:PTQ-14-07035;AEI;Torres Quevedo;2014;PTQ-14-07035;RECONSTRUCCIÓN DE IMÁGENES PET ON-LINE PARA SEGUIMIENTO DE PROCEDIMIENTOS DE BIOPSIAS DE CANCER DE MAMA EN TIEMPO REAL;;GENERAL EQUIPMENT FOR MEDICAL IMAGING SA;A97273536;Comunidad Valenciana;fuente;VALENCIA;;;;66600,00;0,00;;palabras-clave;https://www.aei.gob.es/ayudas-concedidas/buscador-ayudas-concedidas?code=PTQ-14-07035;
FB:16262;FB;Convocatorias de ayudas;2014;16262;#ProyectoGrampus: seguimiento del calderón gris en la costa catalana.;Ecosistemas marinos;;;;sin-ccaa;;;2014;2015;0,00;0,00;Fundación Biodiversidad;resumen;https://fundacion-biodiversidad.es/proyectos_ficha/proyectogrampus-seguimiento-del-calderon-gris/;"El proyecto Grampus contribuye a mejorar el estatus de conservaci&oacute;n de las poblaciones de calder&oacute;n gris en el mediterr&aacute;neo occidental.
El proyecto Grampus ten&iacute;a como objetivo contribuir a mejorar el estatus de conservaci&oacute;n de las poblaciones de calder&oacute;n gris en el mediterr&aacute;neo occidental. Para ello Submon, la entidad ejecutora, ha obtenido informaci&oacute;n sobre este cet&aacute;ceo en la demarcaci&oacute;n levantino-balear y ha aumentado la sensibilizaci&oacute;n en la zona, dando a conocer el estado de las poblaciones de esta especie en los ca&ntilde;ones submarinos frente a las costas catalanas.
Entre las actividades del proyecto destacan las siguientes:
Estudiar las poblaciones de calder&oacute;n gris en los ca&ntilde;ones submarinos de Maresme y Palam&oacute;s.
Dise&ntilde;ar una investigaci&oacute;n con el m&eacute;todo ""distancesampling"".
Estimar la abundancia de esta especie y su estacionalidad.
Poner en marcha campa&ntilde;as de campo para ver y escuchar a estos animales en verano e invierno.
Trabajo conjunto con otros grupos de investigaci&oacute;n (comparaci&oacute;n de cat&aacute;logos, consulta de informaci&oacute;n, etc).
Uso de plataformas ciudadanas para obtener informaci&oacute;n sobre la especie (Facebook, Twitter, web de observadores del mar&hellip;).
Tras la realizaci&oacute;n del proyecto la entidad se ve capacitada para recomendar la inclusi&oacute;n de la especie como ""vulnerable"" en el Cat&aacute;logo Nacional de Especies Amenazadas. El &aacute;rea de estudio se define adem&aacute;s como un &aacute;rea de elevada frecuencia de cet&aacute;ceos. Tambi&eacute;n se han identificado las causas comunes de regresi&oacute;n de las poblaciones de calder&oacute;n gris.
Adem&aacute;s, el refuerzo de la participaci&oacute;n ciudadana, a trav&eacute;s de la ciencia ciudadana, ha resultado es extremadamente &uacute;til en el proyecto, puesto que ha permitido obtener informaci&oacute;n adicional, que de otra forma seria dif&iacute;cil adquirir. Se han notificado 24 avistamientos a trav&eacute;s de esta modalidad: 14 avistamientos enviados a trav&eacute;s de la red de patrones voluntarios, 5 avistamientos enviados por pescadores y 5 avistamientos enviados a trav&eacute;s de la plataforma Facebook ""Dofins metropolitans""."
AEI:BES-2013-063965;AEI;Contratos Predoctorales;2013;BES-2013-063965;DISEÑO DE UNA ORTESIS ACTIVA INNOVADORA PARA LA MARCHA DE LESIONADOS MEDULARES INCOMPLETOS MEDIANTE METODOS DE ANALISIS Y PREDICCION DE MOVIMIENTO Y MODELOS MUSCULO-ESQUELETIC;;UNIVERSIDAD DE EXTREMADURA;Q0618001B;Extremadura;fuente;BADAJOZ;;;;83900,00;0,00;;palabras-clave;https://www.aei.gob.es/ayudas-concedidas/buscador-ayudas-concedidas?code=BES-2013-063965;
AEI:CGL2013-42415-R;AEI;Proyectos de I+D+I (Retos Investigación);2013;CGL2013-42415-R;HERRAMIENTAS MULTIDISCIPLINARES PARA LA ALERTA Y CONTROL DE BIOINVASIONES MARINAS: MARCADORES GENETICOS, ADN AMBIENTAL, TIC Y CIENCIA CIUDADANA;Biodiversidad, Ciencias de la Tierra y Cambio Global · Biodiversidad;UNIVERSIDAD DE OVIEDO;Q3318001I;Asturias;fuente;ASTURIAS;;;;128260,00;0,00;;titulo;https://www.aei.gob.es/ayudas-concedidas/buscador-ayudas-concedidas?code=CGL2013-42415-R;"EL RD 630/2013 DEL 2 DE AGOSTO DE 2013 IDENTIFICA A LAS ESPECIES EXOTICAS INVASORAS COMO UNA DE LAS PRINCIPALES CAUSAS DE PERDIDA DE BIODIVERSIDAD, AGRAVADA EN HABITATS VULNERABLES COMO ISLAS Y AGUAS CONTINENTALES. SE PLANTEA CREAR UNA RED DE ALERTA PARA SU VIGILANCIA CON LA FUNCION DE COORDINAR LA INFORMACION, INTEGRADA POR SUB-REDES TERRITORIALES DE ALERTA TEMPRANA SOBRE NUEVOS FOCOS, POBLACIONES Y RIESGOS. ESTAS REDES VAN A NECESITAR HERRAMIENTAS QUE FACILITEN SU LABOR. EN ESTE PROYECTO SE PLANTEA LA VALIDACION DE NUEVAS METODOLOGIAS MULTIDISCIPLINARES QUE TIENEN UN GRAN POTENCIAL A NIVEL DE RESOLUCION Y SENSIBILIDAD: EL ADN AMBIENTAL Y LA CIENCIA CIUDADANA. PARA SU PUESTA EN PRACTICA SE DESARROLLARAN MARCADORES ESPECIE-ESPECIFICOS Y HERRAMIENTAS DE INTERNET (TIC). LOS ESTUDIOS DE CASO SE CENTRARAN EN HABITATS COSTEROS Y ESTUARINOS (PUNTO DE ENTRADA DE INVASIONES A LOS RIOS), Y EN LAS ESPECIES DE INVERTEBRADOS NO ARTROPODOS CATALOGADAS EN EL RD 630/2013 QUE PUEDEN VIVIR EN ESOS HABITATS. LOS OBJETIVOS QUE SE PROPONEN SON: 1) DESARROLLO DE MARCADORES DE ADN ESPECIE-ESPECIFICOS PARA IDENTIFICACION DE LAS ESPECIES ACUATICAS DE INTERES; 2) VALIDACION EXPERIMENTAL DEL USO DE ADN AMBIENTAL PARA LA DETECCION Y CUANTIFICACION DE ESPECIES ACUATICAS INVASORAS MEDIANTE LOS MARCADORES DESARROLLADOS; 3) INVENTARIO Y CATALOGO GENETICO DE ESPECIES COSTERAS DEL CANTABRICO, CON ENFASIS EN LOS ESPACIOS NATURALES PROTEGIDOS Y DE LA RED NATURA 2000, ESTUARIOS Y PUERTOS; 4) EVALUACION DE LA EFICACIA DE LA CIENCIA CIUDADANA PARA ALERTA TEMPRANA DE INVASIONES MARINAS, IDENTIFICACION DE SESGOS Y ELABORACION DE CODIGOS DE BUENAS PRACTICAS; 5) INTEGRACION DE LAS HERRAMIENTAS BIOLOGICAS Y SOCIALES DESARROLLADAS EN UNA PAGINA WEB PILOTO CON UN DOMINIO ABIERTO PARA SU USO POR PARTE DEL PUBLICO E INTERACCION CON LOS EXPERTOS Y GESTORES; 6) DESARROLLO DE UN  PROTOCOLO DE ACTUACION QUE SE HARA LLEGAR A LOS GESTORES, AUTORIDADES COMPETENTES Y SECTORES SOCIALES IMPLICADOS. SE ESPERA QUE LOS RESULTADOS OBTENIDOS SEAN APLICABLES A NIVEL INTERNACIONAL Y PUEDAN UTILIZARSE PARA LA DETECCION TEMPRANA Y EL CONTROL DE ESPECIES MARINAS Y COSTERAS. LOS RESULTADOS DEL DESARROLLO DE CIENCIA CIUDADANA PODRAN UTILIZARSE PARA LA GESTION DE INVASIONES BIOLOGICAS EN CUALQUIER AMBITO."
AEI:CGL2013-43139-R;AEI;Proyectos de I+D+I (Retos Investigación);2013;CGL2013-43139-R;INVASION DEL MOSQUITO TIGRE EN ESPAÑA: SALUD PUBLICA Y CAMBIO GLOBAL;Biodiversidad, Ciencias de la Tierra y Cambio Global · Biodiversidad;AGENCIA ESTATAL CONSEJO SUPERIOR DE INVESTIGACIONES CIENTIFICAS (CSIC);Q2818002D;Cataluña;fuente;GERONA;;;;205700,00;0,00;;resumen;https://www.aei.gob.es/ayudas-concedidas/buscador-ayudas-concedidas?code=CGL2013-43139-R;LA RECIENTE COLONIZACION Y ESTABLECIMIENTO DEL MOSQUITO TIGRE (AEDES ALBOPICTUS) EN ESPAÑA IMPLICA UN POTENCIAL IMPACTO PARA LA SALUD PUBLICA, TANTO EN RELACION AL BIENESTAR DE LOS CIUDADANOS COMO A LA POSIBLE TRANSMISION DE ENFERMEDADES (DENGUE O CHIKUNGUNYA), TAL Y COMO LOS RECIENTES BROTES EUROPEOS HAN DEMOSTRADO. DESDE 2004, A LOS SERVICIOS DE CONTROL DE MOSQUITOS Y ENTOMOLOGOS SE LES HA ENCARGADO LA ARDUA TAREA DE MITIGAR, EN UN CONTEXTO DE CAMBIO GLOBAL, LA PRESENCIA DE ESTA ESPECIE INVASORA EN ESPAÑA. LAS ESTRATEGIAS INTEGRADAS DE CONTROL DEBERIAN BASARSE EN UN PROFUNDO CONOCIMIENTO DE LA ECOLOGIA Y EL COMPORTAMIENTO DE LAS ESPECIES OBJETIVO, QUE EN EL CASO DEL MOSQUITO TIGRE ES TODAVIA LIMITADO. A TRAVES DE LOS DATOS OBTENIDOS A LO LARGO DE ESTOS PRIMEROS AÑOS DE CONTROL, Y LOS GENERADOS EN EL PROYECTO, PROPONEMOS CUANTIFICAR LA MAGNITUD EN LA QUE EL CAMBIO GLOBAL (CLIMA Y FACTORES ANTROPICOS) FACILITA LA PROPAGACION DEL MOSQUITO TIGRE EN EL ESTE PENINSULAR, Y COMO LAS MEDIDAS DE ERRADICACION Y CONTROL ESTAN AYUDANDO A FRENAR SU EXPANSION. PARA ELLO, VAMOS A APLICAR UN ENFOQUE MULTIDISCIPLINAR E INTEGRADO QUE VA DESDE EL MODELADO ESPACIAL AL TRABAJO DE CAMPO Y VICEVERSA. LA MODELIZACION PARTIRA DEL CONJUNTO DE DATOS MAS EXTENSO DISPONIBLE EN ESPAÑA (EN AREAS COLONIZADAS DE CATALUÑA). ESPERAMOS QUE LOS MODELOS SIRVAN TANTO PARA MEJORAR LA PREDICCION DEL RIESGO DE PRESENCIA Y CAPACIDAD DE  DISPERSION (INCLUYENDO VARIABLES SOCIO- AMBIENTALES), COMO PARA MEJORAR LA COMPRENSION MECANICISTA DE LA DINAMICA DE SUS POBLACIONES A LARGO PLAZO (FORZAMIENTO CLIMATICO VS. CICLO DE VIDA). ESPECIALMENTE RELEVANTE ES LA PREDICCION EN ZONAS RECIENTEMENTE COLONIZADAS (MURCIA Y ALICANTE), DONDE SE ESTABLECERA UNA RED DE TRAMPAS DE OVOPOSICION DURANTE DOS AÑOS. ESTOS DATOS SE UTILIZARAN PARA VALIDAR EL MODELO, EL CUAL, A SU VEZ, PUEDE AYUDAR A OPTIMIZAR EL DISEÑO DE LA RED DE OVOPOSICION. PROPONEMOS TAMBIEN LLEVAR A CABO EXPERIMENTOS DE CAMPO DIRIGIDOS A MEJORAR LA COMPRENSION MECANICISTA DE LA ECOLOGIA Y EL COMPORTAMIENTO DE ESTA ESPECIE, ABORDANDO PREGUNTAS TAN RELEVANTES COMO EL TRANSPORTE ACCIDENTAL DE MOSQUITOS EN VEHICULOS, O EL COSTE-BENEFICIO DE LAS DIFERENTES MEDIDAS DE CONTROL APLICADAS A LO LARGO DE ESTOS AÑOS. EL MODELADO SE APOYARA EN EL ANALISIS GENETICO DE LAS POBLACIONES DE MOSQUITO TIGRE EN ESPAÑA. LA COMPRENSION DE SU VARIABILIDAD GENETICA NOS AYUDARA A ENTENDER SU EVOLUCION Y LA HISTORIA NATURAL DEL PROCESO DE INVASION. ADEMAS, POR SU INSULARIDAD Y RECIENTE COLONIZACION (2012) LAS ISLAS BALEARES SON DE ESPECIAL INTERES EN ESTE PROYECTO. ECOLOGIA MOLECULAR Y GENETICA DE POBLACIONES SON HERRAMIENTAS POTENTES QUE NOS PERMITEN EVALUAR: (I) LAS PRINCIPALES VIAS DE ENTRADA DE LAS POBLACIONES DE MOSQUITOS TIGRE, TANTO EN LA PENINSULA IBERICA COMO EN LAS ISLAS BALEARES, (II) EL GRADO DE AISLAMIENTO DE LAS POBLACIONES DE MOSQUITO EN ESPAÑA, Y (III) A TRAVES DEL ANALISIS DE LOS PATRONES ESPACIALES DE VARIABILIDAD GENETICA, COMPRENDER SI EL TRANSPORTE ACCIDENTAL POR CARRETERA (DE CAUSA ANTROPICA) ESTA ACTUANDO COMO PRINCIPAL VECTOR DE DISPERSION DE ESTA ESPECIE. FINALMENTE, PROPONEMOS INVOLUCRAR A ACTORES CLAVE Y CIUDADANOS EN EL ESTUDIO Y CONTROL DEL MOSQUITO TIGRE EN ESPAÑA, A TRAVES DE UNA NOVEDOSA PLATAFORMA DE CIENCIA CIUDADANA BASADA EN LA UTILIZACION DE TELEFONOS MOVILES INTELIGENTES Y ASI PODER SATISFACER LA ACTUAL DEMANDA SOCIAL DE NUEVAS HERRAMIENTAS QUE PERMITAN UNA CIENCIA MAS PARTICIPATIVA Y EN SOCIEDAD.
AEI:EDU2013-42979-R;AEI;Proyectos de I+D+I (Retos Investigación);2013;EDU2013-42979-R;PROYECTO HEBE. EL EMPODERAMIENTO DE LOS JOVENES:  ANALISIS DE LOS MOMENTOS, ESPACIOS Y PROCESOS QUE CONTRIBUYEN AL EMPODERAMIENTO JUVENIL.;Ciencias de la Educación · Ciencias de la Educación;UNIVERSITAT DE GIRONA;Q6750002E;Cataluña;fuente;GERONA;;;;72600,00;0,00;;resumen;https://www.aei.gob.es/ayudas-concedidas/buscador-ayudas-concedidas?code=EDU2013-42979-R;"EN EL ESCENARIO ACTUAL DE CRISIS ECONOMICA Y SOCIAL LOS JOVENES SON UNO DE LOS COLECTIVOS MAS AFECTADOS. POR ELLO REQUIEREN UNA ESPECIAL ATENCION Y ES IMPRESCINDIBLE LA INVERSION DE CONOCIMIENTO E INNOVACION EN LAS POLITICAS Y ACCIONES SOCIOEDUCATIVAS DIRIGIDAS A LA JUVENTUD. EN ESTA DIRECCION APUNTA PRECISAMENTE UNO DE LOS RETOS DE LA UNION EUROPEA PARA LA JUVENTUD A PARTIR DEL DISEÑO DE POLITICAS Y DE ESTRATEGIAS DE INTERVENCION BASADAS EN EVIDENCIAS CONCRETAS, EXPERIENCIAS Y CONOCIMIENTOS SOBRE LOS JOVENES, SU BIENESTAR, CALIDAD DE VIDA Y LA PARTICIPACION ACTIVA EN LA SOCIEDAD. ES TAMBIEN EN CONSONANCIA A LOS NUEVOS CAMBIOS SOCIALES QUE EN LOS ULTIMOS AÑOS EL EMPODERAMIENTO HA DEVENIDO EL PARADIGMA DE LAS TEORIAS DEL DESARROLLO, LLEGANDO A SER UNA DE LAS FINALIDADES PRESENTES EN LOS PROGRAMAS EDUCATIVOS, CULTURALES, JUVENILES, SOCIALES, DE COOPERACION, ETC. 

ESTE PROYECTO DE INVESTIGACION PRETENDE INCIDIR JUSTAMENTE EN ESTA DIRECCION, CONTRIBUYENDO A UN MAYOR CONOCIMIENTO DE LOS JOVENES, SUS PERCEPCIONES Y VALORACIONES Y TRATANDO  DE INCIDIR DIRECTAMENTE EN SU CALIDAD DE VIDA Y EN SU REALIZACION COMO CIUDADANOS. A PARTIR DEL ANALISIS DE ESPACIOS, MOMENTOS Y PROCESOS DE EMPODERAMIENTO JUVENIL, SE PRETENDE GENERAR CONOCIMIENTO Y ORIENTACIONES PARA LA ACCION SOCIOEDUCATIVA Y EL DISEÑO DE POLITICAS DESTINADAS A LOS JOVENES. 

LA INVESTIGACION, SIGUIENDO LOS MARCOS DE LOS NUEVOS PROCESOS DE RESPONSIVE RESEARCH AND INNOVATION, CONTEMPLA DESDE EL INICIO DE LOS PREPARATIVOS DEL PROYECTO, UN TRABAJO CONJUNTO Y PARTICIPADO CON DIFERENTES AGENTES: INVESTIGADORES E INVESTIGADORAS, INSTITUCIONES PUBLICAS, ENTIDADES SOCIALES, JOVENES Y CIUDADANIA EN GENERAL. CON LA MISMA FINALIDAD SE PRETENDE CONSTITUIR UN CONSEJO ASESOR QUE TENDRA VIGENCIA DURANTE TODA LA INVESTIGACION; SE ABRIRA UN PORTAL WEB DE CIENCIA CIUDADANA PARA QUE TODO CIUDADANO PUEDA CONTRIBUIR, CON SU EXPERIENCIA, A LA DEFINICION Y MAYOR CONOCIMIENTO DE ESPACIOS, MOMENTOS Y PROCESOS DE EMPODERAMIENTO; SE REALIZARAN DIFERENTES PROCESOS DE EVALUACION PARTICIPATIVA Y RELATOS DE VIDA CON JOVENES; Y SE LLEVARAN A CABO GRUPOS DE DISCUSION CON DIFERENTES COLECTIVOS. EL PLAN DE TRABAJO SE ESTRUCTURA EN CUATRO FASES. EN LA PRIMERA FASE SE DETERMINARA EL POSICIONAMIENTO DEL EQUIPO EN RELACION AL EMPODERAMIENTO JUVENIL, EN LA SEGUNDA SE CONSTRUIRA UN SISTEMA DE INDICADORES DE EMPODERAMIENTO JUVENIL, EN LA TERCERA SE CONCRETARAN EL ANALISIS Y LAS PROPUESTAS Y GUIAS DE ACCION PARA EL EMPODERAMIENTO, Y LA ULTIMA SE DESTINARA A LA DIFUSION DE LOS RESULTADOS. A LO LARGO DEL PROCESO SE APLICARAN DIFERENTES METODOLOGIAS, BASICAMENTE DE CARACTER CUALITATIVO (EVALUACION PARTICIPATIVA CON JOVENES, RELATOS DE VIDA O FOCUS GROUP). DURANTE TODO EL PROCESO UN EQUIPO AUDIOVISUAL REALIZARA GRABACIONES QUE SE CONCRETARAN EN DIFERENTES VIDEOS DE DIFUSION METODOLOGICA Y EN UN DOCUMENTAL CON LOS PRINCIPALES RESULTADOS.  

SE ESPERA GENERAR IMPACTOS AL MENOS EN TRES DIRECCIONES: A NIVEL CIENTIFICO, A PARTIR DE PROPORCIONAR UNA BATERIA DE INDICADORES PARA EL EMPODERAMIENTO JUVENIL, A LA VEZ QUE FUNDAMENTAR DESDE LA TEORIA Y LA PRACTICA EL VALOR DE LA INCLUSION DE LOS JOVENES EN PROCESOS DE INVESTIGACION; A NIVEL POLITICO, PROPORCIONANDO  ORIENTACIONES PARA EL DISEÑO DE POLITICAS MAS PROXIMAS A LA IMPLICACION Y EL EMPODERAMIENTO DE LOS JOVENES; Y A NIVEL FORMATIVO, A PARTIR DE CREAR GUIAS DE ACCION UTILES PARA FORMADORES DE DIFERENTES TIPOLOGIA EN CONTACTO CON JOVENES."
AEI:EEBB-I-14-08824;AEI;Estancias Breves;2013;EEBB-I-14-08824;-;;UNIVERSIDAD POLITECNICA DE MADRID;Q2818015F;Madrid;fuente;MADRID;;;;5520,00;0,00;;palabras-clave;https://www.aei.gob.es/ayudas-concedidas/buscador-ayudas-concedidas?code=EEBB-I-14-08824;
AEI:FPDI-2013-18470;AEI;Contratos para la formación Posdoctoral;2013;FPDI-2013-18470;-;;AGENCIA ESTATAL CONSEJO SUPERIOR DE INVESTIGACIONES CIENTIFICAS (CSIC);Q2818002D;Andalucía;fuente;SEVILLA;;;;50000,00;0,00;;palabras-clave;https://www.aei.gob.es/ayudas-concedidas/buscador-ayudas-concedidas?code=FPDI-2013-18470;
AEI:PTA2013-8552-I;AEI;Personal Técnico de Apoyo;2013;PTA2013-8552-I;Tratamiento fotocatalítico de contaminantes del aire;;CENTRO DE INVESTIGACION ENERGETICA MEDIOAMBIENTAL Y TECNOLOGICA (CIEMAT);Q2820002J;Madrid;fuente;MADRID;;;;36000,00;0,00;;palabras-clave;https://www.aei.gob.es/ayudas-concedidas/buscador-ayudas-concedidas?code=PTA2013-8552-I;
AEI:PTQ-13-06203;AEI;Torres Quevedo;2013;PTQ-13-06203;Estudio de viabilidad de nuevos proceso de generación de energía y bases petroquímicas a partir de biomasa (GEBAP);;ASOC. DE INVESTIGACION Y COOPERACION INDUSTRIAL ANDALUCIA F. DE PAULA R.;G41099946;Andalucía;fuente;SEVILLA;;;;90499,50;0,00;;palabras-clave;https://www.aei.gob.es/ayudas-concedidas/buscador-ayudas-concedidas?code=PTQ-13-06203;
AEI:PTQ-13-06351;AEI;Torres Quevedo;2013;PTQ-13-06351;Síntesis y actividad antitumoral de nuevos fármacos dirigidos a células madre cancerosas;;CANVAX BIOTECH SL;B14596571;Andalucía;fuente;CORDOBA;;;;79600,50;0,00;;palabras-clave;https://www.aei.gob.es/ayudas-concedidas/buscador-ayudas-concedidas?code=PTQ-13-06351;
AEI:BES-2012-053693;AEI;Contratos Predoctorales;2012;BES-2012-053693;ESTUDIO DE LOS PROCESOS FISICOS Y ANALISIS NUMERICO DE LA CORRIENTE DE GRAVEDAD, DE LAS VARIABLES AMBIENTALES Y DE TRAMO DIFUSOR EN VERTIDOS HIPERDENSOS;;UNIVERSIDAD DE CANTABRIA;Q3918001C;Cantabria;fuente;CANTABRIA;;;;42992,80;0,00;;palabras-clave;https://www.aei.gob.es/ayudas-concedidas/buscador-ayudas-concedidas?code=BES-2012-053693;
AEI:EEBB-I-13-07775;AEI;Estancias Breves;2012;EEBB-I-13-07775;-;;AGENCIA ESTATAL CONSEJO SUPERIOR DE INVESTIGACIONES CIENTIFICAS (CSIC);Q2818002D;Madrid;fuente;MADRID;;;;7300,00;0,00;;palabras-clave;https://www.aei.gob.es/ayudas-concedidas/buscador-ayudas-concedidas?code=EEBB-I-13-07775;
AEI:JCI-2012-14509;AEI;Juan de la Cierva Incorporación;2012;JCI-2012-14509;-;;UNIVERSIDAD AUTONOMA DE MADRID;Q2818013A;Madrid;fuente;MADRID;;;;86400,00;0,00;;palabras-clave;https://www.aei.gob.es/ayudas-concedidas/buscador-ayudas-concedidas?code=JCI-2012-14509;
FB:14813;FB;Convocatorias de ayudas;2012;14813;Alianza Aire-Salud;Causas de pérdida de biodiversidad;;;;sin-ccaa;;;2012;2013;0,00;0,00;Fundación Biodiversidad;resumen;https://fundacion-biodiversidad.es/proyectos_ficha/alianza-aire-salud/;"El objetivo es sensibilizar, formar y fomentar la conciencia ciudadana sobre los riesgos para la salud relacionados con la calidad del aire y la contaminaci&oacute;n atmosf&eacute;rica, as&iacute; como influir en los h&aacute;bitos de vida que inciden en estos aspectos.
El objetivo es sensibilizar, formar y fomentar la conciencia ciudadana sobre los riesgos para la salud relacionados con la calidad del aire y la contaminaci&oacute;n atmosf&eacute;rica, as&iacute; como influir en los h&aacute;bitos de vida que inciden en estos aspectos.
El proyecto propone la creaci&oacute;n de una alianza que permita aunar esfuerzos de entidades p&uacute;blicas y privadas en la sensibilizaci&oacute;n y el conocimiento de c&oacute;mo la calidad del aire es responsabilidad de todos los ciudadanos, y cu&aacute;l es su impacto sobre la salud.
Para ello se realizar&aacute;n diferentes actividades con el fin de educar a la poblaci&oacute;n en h&aacute;bitos saludables desde el punto de vista de conservaci&oacute;n de la calidad del aire, buscando los medios de difusi&oacute;n m&aacute;s apropiados y que den a conocer los riesgos sanitarios de la contaminaci&oacute;n atmosf&eacute;rica.
La alianza estar&aacute; estructurada en torno a diferentes sociedades cient&iacute;ficas e instituciones relacionadas con la calidad del aire y la salud. Ser&aacute; el veh&iacute;culo de organizaci&oacute;n de las iniciativas planteadas, que deber&aacute;n ir orientadas a alcanzar unos est&aacute;ndares de calidad de aire que disminuyan los efectos negativos en la salud humana y en el medio ambiente.
Para ello las entidades o administraciones p&uacute;blicas implicadas adoptar&aacute;n medidas consensuadas que difundir&aacute;n ampliamente.
Como objetivos espec&iacute;ficos cabe destacar:
Fomentar una Alianza Aire-Salud donde est&eacute;n en contacto los principales agentes implicados en este campo.
Concienciar sobre el impacto de la calidad del aire en la salud.
Crear h&aacute;bitos saludables en el contexto de la contaminaci&oacute;n atmosf&eacute;rica.
Alcanzar niveles de calidad de aire que minoren los efectos negativos significativos en la salud humana.
Las actividades a desarrollar son:
""Dec&aacute;logo Alianza Aire-Salud"". Se definir&aacute; un dec&aacute;logo consensuado del medio ambiente y su impacto en la salud, mediante contacto telem&aacute;tico entre las entidades implicadas.
Curso formativo para medios de comunicaci&oacute;n ""Calidad del aire y salud"".
Celebraci&oacute;n de la jornada ""Impacto de la calidad del aire en la salud"".
Gu&iacute;a de h&aacute;bitos ""Alianza Aire-Salud"", que recoger&aacute; medidas de concienciaci&oacute;n de la responsabilidad personal en la calidad del aire y h&aacute;bitos saludables."
AEI:EEBB-I-12-04217;AEI;Estancias Breves;2011;EEBB-I-12-04217;VIGILANCIA DE FRONTERAS, COLABORACION CRITICA Y RECONVERSION: UN ESTUDIO COMPARADO DE LA RELACION DE LA FILOSOFIA CON LAS CIENCIAS SOCIALES EN ESPAÑA Y FRANCIA (1940-1990);;UNIVERSIDAD DE CADIZ;Q1132001G;Andalucía;fuente;CADIZ;;;;4640,00;0,00;;palabras-clave;https://www.aei.gob.es/ayudas-concedidas/buscador-ayudas-concedidas?code=EEBB-I-12-04217;
AEI:EEBB-I-12-04465;AEI;Estancias Breves;2011;EEBB-I-12-04465;MATERIALES DE CARBONO PARA SUPERCONDENSADORES DE ALTA DENSIDAD DE ENERGIA Y POTENCIA;;AGENCIA ESTATAL CONSEJO SUPERIOR DE INVESTIGACIONES CIENTIFICAS (CSIC);Q2818002D;Asturias;fuente;ASTURIAS;;;;4300,00;0,00;;palabras-clave;https://www.aei.gob.es/ayudas-concedidas/buscador-ayudas-concedidas?code=EEBB-I-12-04465;
AEI:EEBB-I-12-05174;AEI;Estancias Breves;2011;EEBB-I-12-05174;LA SALUD DE LOS PECES COMERCIALES: RELACION ENTRE PARASITISMO, CONDICION Y  POTENCIAL REPRODUCTOR;;UNIVERSITAT DE GIRONA;Q6750002E;Cataluña;fuente;GERONA;;;;5200,00;0,00;;palabras-clave;https://www.aei.gob.es/ayudas-concedidas/buscador-ayudas-concedidas?code=EEBB-I-12-05174;
AEI:JCI-2010-06893;AEI;Juan de la Cierva Incorporación;2010;JCI-2010-06893;Proyecto: ¿Guerras de España. Identidad y política en la encrucijada de 1700¿ (Historia de las Relaciones Internacionales, Historia Diplomática y Política, Guerra de Religión española);;UNIVERSIDAD NACIONAL DE EDUCACION A DISTANCIA;Q2818016D;Madrid;fuente;MADRID;;;;100980,00;0,00;;palabras-clave;https://www.aei.gob.es/ayudas-concedidas/buscador-ayudas-concedidas?code=JCI-2010-06893;
AEI:JCI-2010-06967;AEI;Juan de la Cierva Incorporación;2010;JCI-2010-06967;CARACTERIZACION DE LA ESTRUCTURA, PROPIEDADES ELECTRONICAS Y ESTUDIO DE LA REACTIVIDAD DE LOS SOLIDOS UTILIZADOS COMO CATALIZADORES, BASADOS EN NANO-PARTICULAS METALICAS SOPORTADAS SOBRE OXIDOS INORGANICOS, UTILIZANDO METODOS CUANTICOS.;;AGENCIA ESTATAL CONSEJO SUPERIOR DE INVESTIGACIONES CIENTIFICAS (CSIC);Q2818002D;Comunidad Valenciana;fuente;VALENCIA;;;;100980,00;0,00;;palabras-clave;https://www.aei.gob.es/ayudas-concedidas/buscador-ayudas-concedidas?code=JCI-2010-06967;
AEI:RYC-2010-07131;AEI;Ramón y Cajal;2010;RYC-2010-07131;Mechanisms granting genome integrity during S-phase;;AGENCIA ESTATAL CONSEJO SUPERIOR DE INVESTIGACIONES CIENTIFICAS (CSIC);Q2818002D;Castilla y León;fuente;SALAMANCA;;;;192480,00;0,00;;palabras-clave;https://www.aei.gob.es/ayudas-concedidas/buscador-ayudas-concedidas?code=RYC-2010-07131;
AEI:AYA2009-14000-C03-03;AEI;Proyectos I+D;2009;AYA2009-14000-C03-03;APRENDIZAJE E INVESTIGACION COLABORATIVA MEDIANTE UN OBSERVATORIO ASTRONOMICO TELEOPERADO VIA INTERNET;Astronomía y Astrofísica · Investigación Espacial;UNIVERSIDAD POLITECNICA DE MADRID;Q2818015F;Madrid;fuente;MADRID;;;;24200,00;0,00;;resumen;https://www.aei.gob.es/ayudas-concedidas/buscador-ayudas-concedidas?code=AYA2009-14000-C03-03;"ESTE PROYECTO PRETENDE CONTINUAR CON LAS INVESTIGACIONES INICIADAS POR EL GRUPO PROPONENTE EN EL CONTEXTO DEL PROYECTO ASTROCAM, DONDE SE LOGRO CONSTRUIR EL PRIMER TELESCOPIO ROBOTICO DE LIBRE ACCESO, EL OBSERVATORIO MONTEGANCEDO (CICLOPE.INFO/ASTRO). PARA ELLO EL GRUPO HA DESARROLLADO TAMBIEN UN SOFTWARE LIBRE QUE PERMITE TELEOPERAR TELESCOPIOS ROBOTICOS A TRAVES DE INTERNET CICLOPE ASTRO (SOURCEFORGE.NET/PROJECTS/CASTRO)
ESTE OBSERVATORIO ES UN LABORATORIO DE EXPERIMENTACION DE NUESTRAS INVESTIGACIONES EN ¿APRENDIZAJE COLABORATIVO¿, SIENDO UNA WEB 2.0 DONDE LOS USUARIOS PUEDEN TELEOPERAR EL TELESCOPIO Y DEBEN COMPETIR POR EL TIEMPO DE OBSERVACION. CUANTO MAS APRENDEN MAS TIEMPO OBTIENEN. ESTE ES ASIGNADO EN FUNCION DE UN PARAMETRO QUE MIDE LA PARTICIPACION E IMPLICACION DEL USUARIO CON EL RESTO DE OBJETIVOS QUE ESTABLEZCA LA COMUNIDAD.
EN ESTER PROYECTO SE VA A COOPERAR CON ASTRONOMOS PARA APLICAR ESTA METODOLOGIA A LO QUE SE LLAMA CIENCIA CIUDADANA  ADAPTANDO E INTANDO ALGUNAS HERRAMIENTAS COLABORATIVAS PARA QUE AYUDEN EN LA INVESTIGACION DE UN SURVEY POLARIMETRICO DEL HEMISFERIO NORTE QUE VA A REALIZAR IAA-CSIC, Y PARA LA BUSQUEDA DE TRANSITOS DE EXOPLANETAS QUE VA A REALIZAR CAB-INTA, ABRIENDO PARTE DE LAS INVESTIGACIONES CIENTIFICAS A LA COMUNIDAD DE INTERNET, COMO UN LEGADO DE 2009 AÑO INTERNACIONAL DE LA ASTRONOMIA. LOS DIFERENTES GRUPOS SE COORDINARAN HACIA LA DEFINICION DE ESTANDARS ABIERTOS PARA EL DESARROLLO DE SOFTWARE LIBRE PARA TELESCOPIOS ROBOTICOS, EMPLEANDO EL SOFTWARE LIBRE DE TELEOPERACION CICLOPE ASTRO Y EL SOFTWARE LIBRE RTS2 IAA-CSIC. UPM ADAPTARA ESTE SOFTWARE EN ALGUNOS DE LOS TELESCOPIOS ROBOTICOS DEL IAA-CSIC AND CAB-INTA, CEDIENDO, GRATUITAMENTE, PARTE DEL TIEMPO DE OBSERVACION A LOS USUARIOS QUE MAS COLABOREN, COMO PARTICIPACION A LA DIFUSION DE LA ASTRONOMIA.
LOS OBJETIVOS DE INVESTIGACION DE LA UPM SON DOS 
-APRENDIZAJE COLABORATIVO ATRAVES DE INTERNET: ENFOCADO A LA EXPERIMENTACION DE POLITICAS ADECUADAS QUE SIRVAN PARA OPTIMIZAR EL TIEMPO DE OBSERVACION EN UN TELESCOPIO ROBOTICO Y MAXIMIZAR LA GENERACION DE CONTENIDOS.  PARA CUMPLIR ESTE OBJETIVO ES URGENTE REALIZAR ALGUNAS TAREAS DE AMPLIACION Y MEJORA DEL OBSERVATORIO UPM. ACTUALMENTE SOLO SE PUEDE REALIZAR OBSERVACION DEL SOL EN HALFA DE LUNES A VIERNES DE 8:00 A 15:00 UTC. SE PRETENDE AGRANDAR LAS INSTALACIONES PARA PODER OFRECER UNA MAYOR OFERTA DE ACTIVIDADES POR LA NOCHE, FINES DE SEMANA Y FESTIVOS. CON ESTAS MEJORAS, SE PRETENDE INCORPORAR TRES NUEVOS EXPERIMENTOS DIVULGATIVOS.  EL PRIMERO, ¿EXPERIMENTO SOLAR¿, ACERCA DE LA EVOLUCION DE LAS MANCHAS SOLARES. EL SEGUNDO, ¿EXPERIMENTO NOCTURNO¿, OFRECERA UNA INTERFAZ WEB PARA LA OBSERVACION Y ADQUISICION DE IMAGENES DE PLANETAS Y OBJETOS DE CIELO PROFUNDO. EL TERCERO ¿EXPERIMENTO FUERA DE LINEA¿ PERMITIRA A LOS USUARIOS PROCESAR LAS IMAGENES TOMADAS EN LOS OTROS DOS
RETRANSMISION P2P TAL ES EL INTERES POR LA ASTRONOMIA QUE SIEMPRE QUE EL GRUPO HA REALIZADO UNA RETRANSMISION VIA INTERNET DE UN EVENTO ASTRONOMICO, SE HAN TENIDO PROBLEMAS CON EL SERVIDOR, DEBIDO AL ALTO NUMERO DE CONEXIONES. POR ESO EL GRUPO INICIO UNA LINEA DE INVESTIGACION EN LA RETRANSMISION DE VIDEO P2P. LAS INVESTIGACIONES ESTAN DIRIGIDAS A MAXIMIZAR EL NUMERO DE VISITAS Y MINIMIZAR LA LATENCIA. NUEVAMENTE SE PEDIRA LA COLABORACION A LOS USUARIOS PARA QUE INSTALEN UN SOFTWARE, QUE DESARROLLARA EL GRUPO SI SE TIENEN FONDOS. ESTE SOFTWARE SE LLAMA CICLOP2P, Y CONVIERTE LOS NAVEGADORES DE LOS USUARIOS EN REPETIDORES."
AEI:FFI2009-13229;AEI;Proyectos I+D;2009;FFI2009-13229;PATOLOGIAS DE LA DEMOCRACIA;Filología y Filosofía · Filosofía;UNIVERSIDAD DEL PAIS VASCO EUSKAL HERRIKO UNIBERTSITATEA;Q4818001B;País Vasco;fuente;GUIPUZCOA;;;;38720,00;0,00;;resumen;https://www.aei.gob.es/ayudas-concedidas/buscador-ayudas-concedidas?code=FFI2009-13229;EL PROYECTO PRETENDE ANALIZAR CIERTAS PATOLOGIAS DE LOS SISTEMAS DEMOCRATICOS MEDIANTE EL CONTRASTE ENTRE LOS ORDENAMIENTOS DEMOCRATICOS TAL Y COMO SE DAN HOY EN LA REALIDAD EMPIRICA Y LOS IDEALES NORMATIVOS QUE LES SIRVEN DE GUIA. DE TAL CONTRASTE SE DESPRENDEN DOS TIPOS DE DESGARROS O PATOLOGIAS. UNAS, LAS VIEJAS, ACOMPAÑAN A LAS DEMOCRACIAS REALES  DESDE QUE ESTAS VIERON LA LUZ EN EL SENO DEL ESTADO NACION. OTRAS, LAS NUEVAS, SURGEN A LA LUZ DE LOS FENOMENOS QUE CARACTERIZAN LA DENOMINADA ¿GLOBALIZACION¿, Y NO HAN RECIBIDO TODAVIA ENTRE NOSOTROS EL ECO QUE MERECEN, AL MENOS EN LO RELATIVO A LOS DOS GRANDES EJES DEL PROYECTO: EL DE LA REPRESENTACION POLITICA, POR UN LADO, Y EL DE LA FORMACION DE LA CONCIENCIA CIUDADANA, POR OTRO. ESTAS ULTIMAS SON SIN DUDA MAS NOVEDOSAS, PERO TANTO LAS UNAS COMO LAS OTRAS RESULTAN FUNDAMENTALES PARA AVANZAR EN LA CONSECUCION DEL IDEAL DEMOCRATICO.
