proyecto_id;programa;anio_inicio;organizacion_id;nombre;siglas;pais;tipo_entidad;rol;aportacion_neta_eur
101057332;HORIZON;2022;999990849;ACADEMISCH ZIEKENHUIS LEIDEN;Leiden University Medical Center;NL;HES;participant;1580000,00
101057332;HORIZON;2022;999654744;REGION HOVEDSTADEN;REGIONH;DK;PUB;participant;160000,00
101057332;HORIZON;2022;889809810;FRACTAL STRATEGY SOCIEDAD LIMITADA;;ES;PRC;participant;255000,00
101057332;HORIZON;2022;999602073;REGION SYDDANMARK;REGION OF SOUTHERN DENMARK;DK;PUB;participant;769500,00
101057332;HORIZON;2022;999898214;UNIVERSIDAD DE ZARAGOZA;UNIVERSIDAD DE ZARAGOZA;ES;HES;participant;756250,00
101057332;HORIZON;2022;949507005;DESIGNSKOLEN KOLDING;;DK;HES;participant;436250,00
101057332;HORIZON;2022;999977463;TECHNISCHE UNIVERSITAET MUENCHEN;TUM;DE;HES;participant;457500,00
101057332;HORIZON;2022;997983628;EUROPEAN CANCER ORGANISATION;E.C.O.;BE;OTH;participant;103750,00
101057332;HORIZON;2022;932533266;FUNDACION INSTITUTO DE INVESTIGACION SANITARIA ARAGON;;ES;REC;participant;247500,00
101057332;HORIZON;2022;999992692;CHARITE - UNIVERSITAETSMEDIZIN BERLIN;;DE;HES;participant;362500,00
101057332;HORIZON;2022;928621547;PANTON BV;;NL;PRC;participant;395000,00
101057332;HORIZON;2022;999840984;UNIVERSITY OF LANCASTER;Lancaster University;UK;HES;associatedPartner;0,00
101057332;HORIZON;2022;986222475;ONKOLOSKI INSTITUT LJUBLJANA;OI LJUBLJANA;SI;REC;participant;465000,00
101057332;HORIZON;2022;999988424;ERASMUS UNIVERSITAIR MEDISCH CENTRUM ROTTERDAM;ERASMUS MC;NL;HES;coordinator;1893000,00
101057332;HORIZON;2022;999522921;REGION STOCKHOLM;RS;SE;PUB;participant;400000,00
101057332;HORIZON;2022;999898408;UMIT TIROL - PRIVATE UNIVERSITAT FUR GESUNDHEITSWISSENSCHAFTEN UND TECHNOLOGIE GMBH;UMIT TIROL;AT;HES;participant;552500,00
101057332;HORIZON;2022;999977366;TECHNISCHE UNIVERSITEIT DELFT;TU Delft;NL;HES;participant;200000,00
101057554;HORIZON;2022;999867077;UNIVERSIDAD POMPEU FABRA;UPF;ES;HES;participant;412373,00
101057554;HORIZON;2022;999861063;LONDON SCHOOL OF ECONOMICS AND POLITICAL SCIENCE;;UK;HES;associatedPartner;0,00
101057554;HORIZON;2022;974802471;STICHTING INTERNATIONAL RED CROSS RED CRESCENT CENTRE ON CLIMATE CHANGE AND DISASTER PREPAREDNESS;Climate Centre;NL;OTH;participant;411250,00
101057554;HORIZON;2022;999755818;STATENS VETERINAERMEDICINSKA ANSTALT;SVA;SE;REC;participant;364053,00
101057554;HORIZON;2022;894752057;THREE O'CLOCK;;FR;PRC;participant;548125,00
101057554;HORIZON;2022;999507401;HELMHOLTZ-ZENTRUM HEREON GMBH;HEREON;DE;REC;participant;601250,00
101057554;HORIZON;2022;999854564;UNIVERSITAET LEIPZIG;ULEI;DE;HES;participant;396750,00
101057554;HORIZON;2022;999991722;AGENCIA ESTATAL CONSEJO SUPERIOR DE INVESTIGACIONES CIENTIFICAS;CSIC;ES;REC;participant;429888,00
101057554;HORIZON;2022;998193633;BENAKI PHYTOPATHOLOGICAL INSTITUTE;BPI;EL;REC;participant;234997,00
101057554;HORIZON;2022;999881821;UMEA UNIVERSITET;;SE;HES;coordinator;1452500,00
101057554;HORIZON;2022;935861045;IRIDEON SL;IRIDEON S.L.;ES;PRC;participant;211405,00
101057554;HORIZON;2022;999841081;UNIVERSITATSKLINIKUM HEIDELBERG;UKHD;DE;HES;participant;885625,00
101057554;HORIZON;2022;999988424;ERASMUS UNIVERSITAIR MEDISCH CENTRUM ROTTERDAM;ERASMUS MC;NL;HES;participant;730108,00
101057554;HORIZON;2022;999986484;UNIVERSITAT AUTONOMA DE BARCELONA;UAB;ES;HES;participant;90000,00
101057554;HORIZON;2022;993991981;INTERNATIONAL CENTRE FOR DIARRHOEAL DISEASE RESEARCH BANGLADESH;ICDDR B;BD;REC;participant;121615,00
101057554;HORIZON;2022;983180264;Agencia de Salut Publica de Barcelona;ASPB;ES;PUB;participant;93917,00
101057554;HORIZON;2022;999419422;FONDAZIONE CENTRO EURO-MEDITERRANEOSUI CAMBIAMENTI CLIMATICI;FONDAZIONE CMCC;IT;REC;participant;799375,00
101057554;HORIZON;2022;999975620;UNIVERSITY COLLEGE LONDON;;UK;HES;associatedPartner;0,00
101057554;HORIZON;2022;999655520;BARCELONA SUPERCOMPUTING CENTER CENTRO NACIONAL DE SUPERCOMPUTACION;BSC CNS;ES;REC;participant;1405063,00
101059737;HORIZON;2022;983020408;ACIB GMBH;;AT;REC;coordinator;149862,00
101059737;HORIZON;2022;954490477;Hochschule für Angewandte Wissenschaften St. Pölten GmbH;University of Applied Sciences St. Pölten;AT;HES;participant;125000,00
101061001;HORIZON;2022;999984059;FRAUNHOFER GESELLSCHAFT ZUR FORDERUNG DER ANGEWANDTEN FORSCHUNG EV;Fraunhofer;DE;REC;participant;660862,50
101061001;HORIZON;2022;999586359;INSTYTUT CHEMII BIOORGANICZNEJ POLSKIEJ AKADEMII NAUK;;PL;REC;participant;438500,00
101061001;HORIZON;2022;999993856;ATOS SPAIN SA;;ES;PRC;thirdParty;45850,00
101061001;HORIZON;2022;900014501;DESIGN TERMINAL KOZHASZNU NONPROFIT KORLATOLT FELELOSSEGU TARSASAG;;HU;OTH;participant;147812,50
101061001;HORIZON;2022;996271093;MANDAT INTERNATIONAL ALIAS FONDATION POUR LA COOPERATION INTERNATIONALE;;CH;REC;associatedPartner;0,00
101061001;HORIZON;2022;999916741;EUROPEAN CENTRE FOR MEDIUM-RANGE WEATHER FORECASTS;ECMWF;UK;REC;participant;681937,50
101061001;HORIZON;2022;998880005;CENTRO DE INVESTIGACION ECOLOGICA Y APLICACIONES FORESTALES;CREAF - CERCA;ES;REC;coordinator;580937,50
101061001;HORIZON;2022;932449458;IOT LAB ASSOCIATION;;CH;REC;associatedPartner;0,00
101061001;HORIZON;2022;952979120;ATOS IT SOLUTIONS AND SERVICES IBERIA SL;ATOS IT;ES;PRC;participant;274050,00
101061001;HORIZON;2022;916877563;EUROPEAN CENTRE FOR CERTIFICATION AND PRIVACY;;LU;PRC;participant;210306,00
101061001;HORIZON;2022;998307123;KWB KOMPETENZZENTRUM WASSER BERLIN GEMEINNUTZIGE GMBH;KWB;DE;REC;participant;299808,75
101061001;HORIZON;2022;899555206;OPEN GEOSPATIAL CONSORTIUM EUROPE;OPEN GEOSPATIAL CONSORTIUM EUROPE;BE;OTH;participant;796900,00
101061001;HORIZON;2022;999896953;ASTON UNIVERSITY;ASTON U;UK;HES;associatedPartner;0,00
101061179;HORIZON;2022;999895886;UNIVERSIDAD DE ALICANTE;UNIVERSIDAD DE ALICANTE;ES;HES;participant;28500,00
101061179;HORIZON;2022;999882985;UNIVERSITAT JAUME I DE CASTELLON;UJI;ES;HES;participant;24500,00
101061179;HORIZON;2022;999828859;UNIVERSIDAD POLITECNICA DE CARTAGENA;UPCT;ES;HES;participant;28662,50
101061179;HORIZON;2022;999953019;UNIVERSITAT DE VALENCIA;UVEG;ES;HES;participant;23200,00
101061179;HORIZON;2022;897573011;FUNDACION DE LA COMUNITAT VALENCIANA PARA LA GESTION DEL INSTITUTO DEINVESTIGACION SANITARIA Y BIOMEDICADE ALICANTE;ISABIAL;ES;REC;participant;8200,00
101061179;HORIZON;2022;999844282;UNIVERSIDAD DE MURCIA;UNIVERSIDAD DE MURCIA;ES;HES;participant;28495,99
101061179;HORIZON;2022;889331406;ATAMA ESTRATEGIA RESPONSABLE SL;;ES;PRC;coordinator;89390,00
101061179;HORIZON;2022;999864846;UNIVERSITAT POLITECNICA DE VALENCIA;UPV;ES;HES;participant;23200,00
101061179;HORIZON;2022;999851363;UNIVERSIDAD MIGUEL HERNANDEZ DE ELCHE;UMH;ES;HES;participant;27008,97
101061179;HORIZON;2022;995517985;FUNDACIÓN SÉNECA-AGENCIA DE CIENCIA Y TECNOLOGÍA DE LA REGIÓN DE MURCIA;FUNDACIÓN SÉNECA;ES;REC;participant;15000,00
101061464;HORIZON;2022;998531193;DALENIUM IDEELL FORENING;DALENIUM;SE;OTH;participant;9330,00
101061464;HORIZON;2022;887051906;EXPLORATORIET I SKELLEFTEA AB;EXPLORATORIET AB;SE;PRC;participant;8019,00
101061464;HORIZON;2022;999990946;KUNGLIGA TEKNISKA HOEGSKOLAN;KTH;SE;HES;participant;44554,00
101061464;HORIZON;2022;999901318;LUNDS UNIVERSITET;;SE;HES;participant;4882,00
101061464;HORIZON;2022;999579860;MITTUNIVERSITETET;MIUN;SE;HES;participant;11204,00
101061464;HORIZON;2022;999881821;UMEA UNIVERSITET;;SE;HES;participant;27500,00
101061464;HORIZON;2022;968632301;SJUHARADS KOMMUNALFORBUND;;SE;PUB;participant;9771,00
101061464;HORIZON;2022;999745827;STIFTELSEN TEKNIKENS HUS;STIFTELSEN TEKNIKENS HUS;SE;OTH;participant;21688,00
101061464;HORIZON;2022;889463326;STIFTELSEN FRAMTIDSMUSEET I DALARNA;;SE;PRC;participant;14932,00
101061464;HORIZON;2022;889326847;MOLEKYLVERKSTAN AB;Molekylverkstan;SE;PRC;participant;8080,00
101061464;HORIZON;2022;999587814;HOGSKOLAN I SKOVDE;HOGSKOLAN I SKOVDE;SE;HES;participant;20040,00
101061464;HORIZON;2022;999914704;VETENSKAP & ALLMANHET, VA;VA;SE;OTH;coordinator;120000,00
101061558;HORIZON;2022;907456729;SCIENCE COMMUNICATIONS SCHUTZ & PARTNER GMBH;Science Communications Schütz & Partner GmbH;AT;PRC;participant;18000,00
101061558;HORIZON;2022;999542321;UNIVERSITAT FUR ANGEWANDTE KUNST WIEN;UAAV;AT;HES;participant;15000,00
101061558;HORIZON;2022;999868047;PARIS-LODRON-UNIVERSITAT SALZBURG;PLUS;AT;HES;participant;40000,00
101061558;HORIZON;2022;998556801;KINDERBURO UNIVERSITAT WIEN GMBH;KUW;AT;OTH;participant;28000,00
101061558;HORIZON;2022;999987357;UNIVERSITAET FUER BODENKULTUR WIEN;BOKU;AT;HES;participant;18000,00
101061558;HORIZON;2022;889340136;BEE PRODUCED GMBH;;AT;PRC;coordinator;120000,00
101061558;HORIZON;2022;999869114;UNIVERSITAET INNSBRUCK;UIBK;AT;HES;participant;14000,00
101056883;HORIZON;2022;999997736;AARHUS UNIVERSITET;AU;DK;HES;participant;739897,00
101056883;HORIZON;2022;947936284;INSTITUTO POLITECNICO DE LISBOA;IPL;PT;HES;participant;456735,00
101056883;HORIZON;2022;999584128;AIT AUSTRIAN INSTITUTE OF TECHNOLOGY GMBH;AIT;AT;REC;participant;896000,00
101056883;HORIZON;2022;999958839;CSEM CENTRE SUISSE D'ELECTRONIQUE ET DE MICROTECHNIQUE SA - RECHERCHE ET DEVELOPPEMENT;CSEM;CH;REC;associatedPartner;0,00
101056883;HORIZON;2022;999844670;OULUN YLIOPISTO;UOULU;FI;HES;participant;859770,00
101056883;HORIZON;2022;924773848;POLYTECHNEIO KRITIS;TECHNICAL UNIVERSITY OF CRETE;EL;HES;participant;450000,00
101056883;HORIZON;2022;915873225;SENSING SOLUTIONS SL;;ES;PRC;participant;905708,00
101056883;HORIZON;2022;951414122;FUNDACION PRIVADA INSTITUTO DE SALUD GLOBAL BARCELONA;ISGLOBAL;ES;REC;participant;499947,00
101056883;HORIZON;2022;991256096;AALTO KORKEAKOULUSAATIO SR;AALTO;FI;HES;coordinator;664350,00
101056883;HORIZON;2022;999991722;AGENCIA ESTATAL CONSEJO SUPERIOR DE INVESTIGACIONES CIENTIFICAS;CSIC;ES;REC;participant;587036,00
101056883;HORIZON;2022;999856989;UNIVERSITY OF ESSEX;UESSEX;UK;HES;associatedPartner;0,00
101056883;HORIZON;2022;954983722;IST-ID ASSOCIACAO DO INSTITUTO SUPERIOR TECNICO PARA A INVESTIGACAO E O DESENVOLVIMENTO;IST ID;PT;REC;participant;433071,00
101056883;HORIZON;2022;999880269;MONASH UNIVERSITY;;AU;HES;associatedPartner;0,00
101056883;HORIZON;2022;999978239;"""NATIONAL CENTER FOR SCIENTIFIC RESEARCH ""DEMOKRITOS""""";"""NCSR ""D""""";EL;REC;participant;461742,00
101056883;HORIZON;2022;940719872;ZENTRUM FUR SOZIALE INNOVATION GMBH;Zentrum fuer Soziale Innovation GmbH;AT;REC;participant;413888,00
101061610;HORIZON;2022;933399282;COMUNE DI CUNEO;;IT;PUB;associatedPartner;0,00
101061610;HORIZON;2022;915105567;MAIRIE DE BAYONNE;Ville de BAYONNE;FR;PUB;associatedPartner;0,00
101061610;HORIZON;2022;890711037;Viso A Viso Soc. Coop.;Viso A Viso Soc. Coop.;IT;OTH;associatedPartner;0,00
101061610;HORIZON;2022;999898214;UNIVERSIDAD DE ZARAGOZA;UNIVERSIDAD DE ZARAGOZA;ES;HES;associatedPartner;0,00
101061610;HORIZON;2022;889159522;Município de Almeida;Município de Almeida;PT;PUB;associatedPartner;0,00
101061610;HORIZON;2022;944249702;Camara Municipal da Guarda;CMG;PT;OTH;associatedPartner;0,00
101061610;HORIZON;2022;905477444;MUNICIPIO DE PINHEL;;PT;PUB;associatedPartner;0,00
101061610;HORIZON;2022;887149003;Primaria Ciclova Romana;Primaria Ciclova Romănă;RO;PUB;associatedPartner;0,00
101061610;HORIZON;2022;999849811;UNIVERSITE DE PAU ET DES PAYS DE L'ADOUR;;FR;HES;participant;60000,00
101061610;HORIZON;2022;926496956;COMMUNE D'ANGLET;;FR;PUB;associatedPartner;0,00
101061610;HORIZON;2022;917761427;MUNICIPIO DE MANTEIGAS;MUNICIPIO DE MANTEIGAS;PT;PUB;associatedPartner;0,00
101061610;HORIZON;2022;889101613;Anima-Science;;FR;OTH;associatedPartner;0,00
101061610;HORIZON;2022;999861936;UNIVERSITA DEGLI STUDI DI TORINO;UNITO;IT;HES;coordinator;125000,00
101061610;HORIZON;2022;995522059;COMMUNAUTE D'AGGLOMERATION PAU-PYRENEES;CDAPP;FR;PUB;associatedPartner;0,00
101061610;HORIZON;2022;912589775;Médiathèque communautaire d'Aire sur l'Adour;;FR;PUB;associatedPartner;0,00
101061610;HORIZON;2022;906416501;Município de Gouveia;Município de Gouveia;PT;PUB;associatedPartner;0,00
101061610;HORIZON;2022;887179655;CCSTI Chambery;;FR;PUB;associatedPartner;0,00
101061610;HORIZON;2022;899616025;Município de Trancoso;;PT;PUB;associatedPartner;0,00
101061610;HORIZON;2022;986538792;COMUNE DI TORINO;CITTA DI TORINO;IT;PUB;associatedPartner;0,00
101061610;HORIZON;2022;888977162;La Turbine sciences;CCSTI de la Mairie d'Annecy;FR;PUB;associatedPartner;0,00
101061610;HORIZON;2022;889819801;LAMATILDE SRL;;IT;PRC;participant;65000,00
101061610;HORIZON;2022;999977754;POLITECNICO DI TORINO;POLITO;IT;HES;associatedPartner;0,00
101061610;HORIZON;2022;996437254;UNIVERSIDADE DA BEIRA INTERIOR;UBI;PT;HES;participant;70000,00
101061610;HORIZON;2022;889083280;Associazione weTree;;IT;OTH;associatedPartner;0,00
101061610;HORIZON;2022;893780214;Mairie Oloron Sainte Marie;;FR;PUB;associatedPartner;0,00
101061610;HORIZON;2022;889080467;Primaria Dumbravita;;RO;PUB;associatedPartner;0,00
101061610;HORIZON;2022;889054859;Comune di Saluzzo;;IT;PUB;associatedPartner;0,00
101061610;HORIZON;2022;999618078;UNIVERSITE SAVOIE MONT BLANC;USMB;FR;HES;participant;35000,00
101061610;HORIZON;2022;953382252;MUNICIPIO DA COVILHA;CMC;PT;PUB;associatedPartner;0,00
101061610;HORIZON;2022;999635150;UNIVERSITATEA DE VEST DIN TIMISOARA;WEST UNIVERSITY OF TIMISOARA;RO;HES;participant;40000,00
101061610;HORIZON;2022;948637594;ECOCENE;ECOCENE;FR;OTH;associatedPartner;0,00
101061610;HORIZON;2022;936158738;MUNICIPIO DO FUNDAO;;PT;PUB;associatedPartner;0,00
101061610;HORIZON;2022;921848813;RECTORAT DE L'ACADÉMIE DE BORDEAUX;;FR;PUB;associatedPartner;0,00
101061610;HORIZON;2022;903076791;Município do Sabugal;Câmara Municipal de Sabugal;PT;PUB;associatedPartner;0,00
101061610;HORIZON;2022;907545484;MUNICIPIO DE FIGUEIRA DE CASTELO RODRIGO;;PT;PUB;associatedPartner;0,00
101061610;HORIZON;2022;950261956;KAIROS CONSORZIO DI COOPERATIVE SOCIALI - SOCIETA COOPERATIVA SOCIALE O.N.L.U.S;;IT;OTH;associatedPartner;0,00
101070524;HORIZON;2022;899789752;INTERNATIONAL SOLID WASTE ASSOCIATION;ISWA;NL;OTH;participant;172275,00
101070524;HORIZON;2022;889187458;EEAA ELLINIKI ETAIREIA AXIOPOIISIS - ANAKYKLOSIS ANONYMI ETAIREIA;HELLENIC RECOVERY RECYCLING CORPORATION;EL;OTH;participant;337500,00
101070524;HORIZON;2022;999513415;AIMPLAS - ASOCIACION DE INVESTIGACION DE MATERIALES PLASTICOS Y CONEXAS;;ES;REC;participant;200200,00
101070524;HORIZON;2022;999995893;IDRYMA TECHNOLOGIAS KAI EREVNAS;FOUNDATION FOR RESEARCH AND TECHNOLOGYHELLAS;EL;REC;coordinator;494000,00
101070524;HORIZON;2022;917429493;AXIA INNOVATION GmbH;AXIA;DE;PRC;participant;225050,00
101070524;HORIZON;2022;999887059;UNIVERSITA TA MALTA;UNIVERSITY OF MALTA;MT;HES;participant;340000,00
101070524;HORIZON;2022;892386130;ROBENSO I.K.E.;ROBENSO P.C.;EL;PRC;participant;278250,00
101070524;HORIZON;2022;889393292;PERIFEREIAKOS FOREAS DIAXEIRISISSTEREON APOVLITON IONION NISONANONYMI ETAIREIA TON OTA;;EL;OTH;participant;247500,00
101070524;HORIZON;2022;999991334;KATHOLIEKE UNIVERSITEIT LEUVEN;KU Leuven;BE;HES;participant;352500,00
101070524;HORIZON;2022;998993786;IRIS TECHNOLOGY SOLUTIONS, SOCIEDAD LIMITADA;IRIS;ES;PRC;participant;287525,00
101059954;HORIZON;2022;933685723;SLOW FOOD DEUTSCHLAND EV;;DE;OTH;participant;0,00
101059954;HORIZON;2022;954530344;STICHTING VU;;NL;HES;participant;510468,75
101059954;HORIZON;2022;927271889;KISLEPTEKU TERMEKELOALLITOK ES SZOLGALTATOK ORSZAGOS ERDEKKEPVISELETENEK EGYESULETE;NATIONAL UNION FOR REPRESENTING THE INTERESTS OF SMALL;HU;OTH;participant;104750,00
101059954;HORIZON;2022;999479368;SOCIEDADE PORTUGUESA DE INOVACAO CONSULTADORIA EMPRESARIAL E FOMENTO DA INOVACAO SA;SPI;PT;PRC;participant;392625,00
101059954;HORIZON;2022;999984059;FRAUNHOFER GESELLSCHAFT ZUR FORDERUNG DER ANGEWANDTEN FORSCHUNG EV;Fraunhofer;DE;REC;participant;641250,00
101059954;HORIZON;2022;997382131;FUNDACIO PRIVADA INSTITUT DE RECERCA SOBRE IMMUNOPATOLOGIES-CAIXA, IRSICAIXA;IRSICAIXA;ES;REC;participant;88218,75
101059954;HORIZON;2022;998036008;DIL DEUTSCHES INSTITUT FUR LEBENSMITTELTECHNIK EV;DIL;DE;REC;coordinator;701387,50
101059954;HORIZON;2022;889101516;STICHTING TRANSITIECOALITIE VOEDSEL;Stichting Transitiecoalitievoedsel;NL;OTH;participant;192025,00
101059954;HORIZON;2022;998427888;JOHANN HEINRICH VON THUENEN-INSTITUT, BUNDESFORSCHUNGSINSTITUT FUER LAENDLICHE RAEUME, WALD UND FISCHEREI;THUENEN-INSTITUTE;DE;REC;participant;105562,50
101059954;HORIZON;2022;999506819;INSTITUT DE RECERCA I TECNOLOGIA AGROALIMENTARIES;IRTA - CERCA;ES;OTH;participant;135437,50
101059954;HORIZON;2022;937663402;VEREIN DER EUROPAISCHEN BURGEWISSENSCHAFTEN - ECSA EV;EUROPEAN CITIZEN SCIENCE ASSOCIATION;DE;REC;participant;435500,00
101059954;HORIZON;2022;889768973;PANNON HELYI TERMEK KERESKEDELMI SZOLGALTATO ES FEJLESZTO NONPROFIT KORLATOLT FELEL SSEG TARSASAG;;HU;OTH;participant;87500,00
101059954;HORIZON;2022;928575472;BIOSENSE INSTITUTE - RESEARCH AND DEVELOPMENT INSTITUTE FOR INFORMATION TECHNOLOGIES IN BIOSYSTEMS;BIOSENSE INSTITUTE;RS;REC;participant;140750,00
101059954;HORIZON;2022;999984350;THE CHANCELLOR, MASTERS AND SCHOLARS OF THE UNIVERSITY OF OXFORD;UOXF;UK;HES;associatedPartner;0,00
101059954;HORIZON;2022;889218789;DELTA FONDACIJA;;RS;OTH;participant;105875,00
101059954;HORIZON;2022;957944453;INSTITUT D'ARQUITECTURA AVANCADA DE CATALUNYA;IAAC;ES;REC;participant;73531,25
101059954;HORIZON;2022;887004861;ERNAHRUNGSRAT STADTREGION STUTTGART EV;ERS;DE;OTH;participant;138125,00
101059954;HORIZON;2022;999901900;UNIVERSITAET HOHENHEIM;;DE;HES;participant;501875,00
101059954;HORIZON;2022;999547365;STICHTING WAGENINGEN RESEARCH;WR;NL;REC;participant;708750,00
101073543;HORIZON;2023;920607019;AYUNTAMIENTO A GUARDA;;ES;PUB;associatedPartner;0,00
101073543;HORIZON;2023;999838074;UNIVERSITA DEGLI STUDI DI VERONA;UNIVR;IT;HES;participant;518875,20
101073543;HORIZON;2023;997992067;AYUNATMIENTO DE A CORUNA;;ES;PUB;associatedPartner;0,00
101073543;HORIZON;2023;949804504;UNIONE DEI COMUNI DELLA GRECIA SALENTINA;UNIONE GRECIA SALENTINA;IT;PUB;associatedPartner;0,00
101073543;HORIZON;2023;888578589;Noveolas Producciones S. L.;Noveolas Producciones;ES;PRC;associatedPartner;0,00
101073543;HORIZON;2023;999829635;UNIVERSIDAD DE SANTIAGO DE COMPOSTELA;UNIVERSIDADE DE SANTIAGO DE COMPOSTELA;ES;HES;participant;755913,60
101073543;HORIZON;2023;999904616;SYDDANSK UNIVERSITET;SDU;DK;HES;coordinator;905364,00
101073543;HORIZON;2023;888619523;FONDAZIONE BIBLIOTECA CAPITOLARE DI VERONA;;IT;REC;associatedPartner;0,00
101073543;HORIZON;2023;888578104;Consorcio de Turismo y Congresos de A Coruña;Consorcio de Turismo y Congresos de A Coruña;ES;PUB;associatedPartner;0,00
101073543;HORIZON;2023;999863585;UNIVERSITA DEL SALENTO;UNILE;IT;HES;participant;518875,20
101073543;HORIZON;2023;888647362;Associazione Italiana di Storia Orale;Associazione Italiana di Storia Orale;IT;OTH;associatedPartner;0,00
101073543;HORIZON;2023;909350266;ALLARIZ;CONCELLO DE ALLARIZ;ES;PUB;associatedPartner;0,00
101079466;HORIZON;2022;999901318;LUNDS UNIVERSITET;;SE;HES;participant;274255,00
101079466;HORIZON;2022;999893170;VILNIAUS UNIVERSITETAS;Vilniaus universitetas;LT;HES;coordinator;441142,50
101079466;HORIZON;2022;999878620;UNIVERSITE DU LUXEMBOURG;uni.lu;LU;HES;participant;248565,00
101079466;HORIZON;2022;986304925;ZENTRUM FUR ZEITHISTORISCHE FORSCHUNG EV POTSDAM;CENTRE FOR CONTEMPORY HISTORY ZZF;DE;PUB;participant;210180,00
101088822;HORIZON;2022;999981731;DEUTSCHES ZENTRUM FUR LUFT - UND RAUMFAHRT EV;DLR;DE;REC;coordinator;1999775,00
101063173;HORIZON;2023;999809071;UNIVERSITY OF LIMERICK;UNIVERSITY OF LIMERICK;IE;HES;coordinator;215534,40
101060639;HORIZON;2022;999547074;INSTITUT NATIONAL DE RECHERCHE EN INFORMATIQUE ET AUTOMATIQUE;INRIA;FR;REC;participant;463075,00
101060639;HORIZON;2022;999997736;AARHUS UNIVERSITET;AU;DK;HES;coordinator;847286,00
101060639;HORIZON;2022;999603043;STICHTING NATURALIS BIODIVERSITY CENTER;NATURALIS;NL;REC;participant;660016,00
101060639;HORIZON;2022;999984156;THE UNIVERSITY OF READING;;UK;HES;associatedPartner;0,00
101060639;HORIZON;2022;999994632;HELMHOLTZ-ZENTRUM FUR UMWELTFORSCHUNG GMBH - UFZ;;DE;REC;participant;499875,00
101060639;HORIZON;2022;898965058;ECOSTACK INNOVATIONS LIMITED;;MT;PRC;participant;122500,00
101060639;HORIZON;2022;897953251;UK CENTRE FOR ECOLOGY & HYDROLOGY;;UK;REC;associatedPartner;0,00
101060639;HORIZON;2022;999993565;CENTRE DE COOPERATION INTERNATIONALE EN RECHERCHE AGRONOMIQUE POUR LEDEVELOPPEMENT - C.I.R.A.D. EPIC;CIRAD;FR;REC;participant;404406,00
101060639;HORIZON;2022;998303631;PENSOFT PUBLISHERS;PENSOFT;BG;PRC;participant;106625,00
101060639;HORIZON;2022;999985708;UNIVERSITEIT VAN AMSTERDAM;UvA;NL;HES;participant;600000,00
101061450;HORIZON;2022;999844670;OULUN YLIOPISTO;UOULU;FI;HES;associatedPartner;0,00
101061450;HORIZON;2022;902999288;TAMPEREEN KORKEAKOULUSAATIO SR;TAMPERE UNIVERSITY;FI;HES;coordinator;269418,00
101061450;HORIZON;2022;931408648;SLOVENSKI ETNOGRAFSKI MUZEJ;Slovenski etnografski muzej;SI;PUB;associatedPartner;0,00
101073292;HORIZON;2022;998391416;EGMONT - INSTITUT ROYAL DES RELATIONS INTERNATIONALES;EGMONT - ROYAL INSTITUTE FOR INTERNATIONAL RELATIONS;BE;REC;associatedPartner;0,00
101073292;HORIZON;2022;954797967;FUNDACAO GETULIO VARGAS;FGV;BR;HES;associatedPartner;0,00
101073292;HORIZON;2022;961148363;THE TRANSATLANTIC FOUNDATION;TF;BE;REC;associatedPartner;0,00
101073292;HORIZON;2022;999860578;UNIVERSITATEA BABES BOLYAI;UBB;RO;HES;participant;220269,60
101073292;HORIZON;2022;999747670;CENTRE FOR EUROPEAN POLICY STUDIES;CEPS;BE;REC;associatedPartner;0,00
101073292;HORIZON;2022;999974650;UNIVERSITE DE GENEVE;UNIGE;CH;HES;associatedPartner;0,00
101073292;HORIZON;2022;999694708;ISTITUTO AFFARI INTERNAZIONALI;I.A.I.;IT;REC;associatedPartner;0,00
101073292;HORIZON;2022;999914510;LUISS LIBERA UNIVERSITA INTERNAZIONALE DEGLI STUDI SOCIALI GUIDO CARLI;LUISS GUIDO CALI;IT;HES;participant;778312,80
101073292;HORIZON;2022;999991043;KOBENHAVNS UNIVERSITET;UCPH;DK;HES;participant;301788,00
101073292;HORIZON;2022;999986290;UNIVERSITE LIBRE DE BRUXELLES;ULB;BE;HES;coordinator;1313100,00
101073292;HORIZON;2022;999859123;UNIVERSITE PARIS I PANTHEON-SORBONNE;;FR;HES;participant;282693,60
101073292;HORIZON;2022;949095822;INSTITUTUL ROMAN PENTRU ACTIUNE, INSTRUIRE SI CERCETARE IN DOMENIUL PACII - PEACE ACTION, TRAINING & RESEARCH INST OF ROMANIA;PATRIR;RO;OTH;associatedPartner;0,00
101073292;HORIZON;2022;999976784;UNIVERSITY OF WARWICK;;UK;HES;associatedPartner;0,00
101073292;HORIZON;2022;915047949;FEDERATION INTERNATIONALE DES LIGUES DES DROITS DE L'HOMME;;FR;OTH;associatedPartner;0,00
101073292;HORIZON;2022;998082180;UNIVERSITE LAVAL;;CA;HES;associatedPartner;0,00
101073292;HORIZON;2022;999585486;WASEDA UNIVERSITY;WUT;JP;HES;associatedPartner;0,00
101073292;HORIZON;2022;999991334;KATHOLIEKE UNIVERSITEIT LEUVEN;KU Leuven;BE;HES;associatedPartner;0,00
101073292;HORIZON;2022;999985708;UNIVERSITEIT VAN AMSTERDAM;UvA;NL;HES;participant;1097481,60
101060423;HORIZON;2022;999572294;UNIWERSYTET WARSZAWSKI;UNIWARSAW;PL;HES;participant;94050,00
101060423;HORIZON;2022;954530344;STICHTING VU;;NL;HES;participant;503750,00
101060423;HORIZON;2022;967944377;MINISTERIE VAN INFRASTRUCTUUR EN WATERSTAAT;MINISTRY OF INFRASTRUCTURE AND WATER MANAGEMENT;NL;PUB;participant;301800,00
101060423;HORIZON;2022;999953019;UNIVERSITAT DE VALENCIA;UVEG;ES;HES;participant;110300,00
101060423;HORIZON;2022;987476006;STIFTELSEN RURALIS INSTITUTT FOR RURAL- OG REGIONALFORSKNING;RURALIS;NO;REC;participant;178500,00
101060423;HORIZON;2022;998427888;JOHANN HEINRICH VON THUENEN-INSTITUT, BUNDESFORSCHUNGSINSTITUT FUER LAENDLICHE RAEUME, WALD UND FISCHEREI;THUENEN-INSTITUTE;DE;REC;participant;318100,00
101060423;HORIZON;2022;998862254;EUROPEAN CENTER FOR AGRICULTURAL, REGIONAL AND ENVIRONMENTAL POLICY RESEARCH, EUROCARE;EUROCARE;DE;PRC;participant;228336,00
101060423;HORIZON;2022;999980276;RHEINISCHE FRIEDRICH-WILHELMS-UNIVERSITAT BONN;;DE;HES;participant;206000,00
101060423;HORIZON;2022;999452596;INTERNATIONALES INSTITUT FUER ANGEWANDTE SYSTEMANALYSE;IIASA;AT;REC;coordinator;1233500,00
101060423;HORIZON;2022;999987357;UNIVERSITAET FUER BODENKULTUR WIEN;BOKU;AT;HES;participant;262950,00
101060423;HORIZON;2022;897067059;UNIVERSITE PARIS-SACLAY;;FR;HES;thirdParty;70933,83
101060423;HORIZON;2022;999993274;INSTITUT NATIONAL DE RECHERCHE POUR L'AGRICULTURE, L'ALIMENTATION ET L'ENVIRONNEMENT;INRAE;FR;REC;participant;503586,00
101060423;HORIZON;2022;998291506;ZURCHER HOCHSCHULE FUR ANGEWANDTE WISSENSCHAFTEN;ZHAW;CH;HES;associatedPartner;0,00
101060423;HORIZON;2022;998648854;OSTERREICHISCHES INSTITUT FUR WIRTSCHAFTSFORSCHUNG VEREIN;;AT;REC;participant;309577,00
101060423;HORIZON;2022;893979743;PNO INNOVATION GMBH;;DE;PRC;participant;339623,00
101060423;HORIZON;2022;999547365;STICHTING WAGENINGEN RESEARCH;WR;NL;REC;participant;334350,00
101060423;HORIZON;2022;999992304;JRC -JOINT RESEARCH CENTRE- EUROPEAN COMMISSION;JRC;BE;REC;participant;0,00
101059915;HORIZON;2022;999986096;UNIVERSITEIT GENT;UGent;BE;HES;thirdParty;209000,00
101059915;HORIZON;2022;999988230;EUROPEAN MOLECULAR BIOLOGY LABORATORY;EMBL;DE;REC;coordinator;2133917,50
101059915;HORIZON;2022;999866883;UNIVERSITAT WIEN;UNIVIE;AT;HES;participant;231328,75
101059915;HORIZON;2022;999992401;COMMISSARIAT A L ENERGIE ATOMIQUE ET AUX ENERGIES ALTERNATIVES;CEA;FR;REC;participant;995988,75
101059915;HORIZON;2022;986470504;BIOBYTE SOLUTIONS GMBH;;DE;PRC;participant;98107,50
101059915;HORIZON;2022;999468310;STAZIONE ZOOLOGICA ANTON DOHRN;;IT;REC;participant;544812,50
101059915;HORIZON;2022;999994632;HELMHOLTZ-ZENTRUM FUR UMWELTFORSCHUNG GMBH - UFZ;;DE;REC;participant;392195,00
101059915;HORIZON;2022;999845640;GEORG-AUGUST-UNIVERSITAT GOTTINGEN STIFTUNG OFFENTLICHEN RECHTS;UGOE;DE;HES;participant;96600,00
101059915;HORIZON;2022;999991043;KOBENHAVNS UNIVERSITET;UCPH;DK;HES;participant;231961,00
101059915;HORIZON;2022;998225546;UNIVERSITE DE PERPIGNAN;UPVD;FR;HES;participant;216012,50
101059915;HORIZON;2022;999995602;UNIVERSITA DEGLI STUDI DI PADOVA;UNIPD;IT;HES;participant;429031,00
101059915;HORIZON;2022;999988521;AGENZIA NAZIONALE PER LE NUOVE TECNOLOGIE, L'ENERGIA E LO SVILUPPO ECONOMICO SOSTENIBILE;ENEA;IT;REC;participant;141945,00
101059915;HORIZON;2022;999991722;AGENCIA ESTATAL CONSEJO SUPERIOR DE INVESTIGACIONES CIENTIFICAS;CSIC;ES;REC;participant;123770,00
101059915;HORIZON;2022;999497507;ALFRED-WEGENER-INSTITUT HELMHOLTZ-ZENTRUM FUR POLAR- UND MEERESFORSCHUNG;AWI;DE;REC;participant;357990,00
101059915;HORIZON;2022;909980087;EUROPEAN MARINE BIOLOGICAL RESOURCE CENTRE EUROPEAN RESEARCH INFRASTRUCTURE CONSORTIUM;EMBRC-ERIC;FR;REC;participant;189550,00
101059915;HORIZON;2022;999488971;INSTYTUT OCEANOLOGII POLSKIEJ AKADEMII NAUK;IO PAN;PL;REC;participant;310350,00
101059915;HORIZON;2022;888458988;NANTES UNIVERSITE;;FR;HES;participant;174062,50
101059915;HORIZON;2022;999975329;UNIVERSITY OF SOUTHAMPTON;SOUTHAMPTON;UK;HES;associatedPartner;0,00
101059915;HORIZON;2022;999979015;EIDGENOESSISCHE TECHNISCHE HOCHSCHULE ZUERICH;ETH Zürich;CH;HES;associatedPartner;0,00
101059915;HORIZON;2022;999993565;CENTRE DE COOPERATION INTERNATIONALE EN RECHERCHE AGRONOMIQUE POUR LEDEVELOPPEMENT - C.I.R.A.D. EPIC;CIRAD;FR;REC;participant;25035,00
101059915;HORIZON;2022;999990655;DANMARKS TEKNISKE UNIVERSITET;TECHNICAL UNIVERSITY OF DENMARK DTU;DK;HES;participant;830893,00
101059915;HORIZON;2022;999630300;INSTITUT FRANCAIS DE RECHERCHE POUR L'EXPLOITATION DE LA MER;;FR;REC;participant;1572800,00
101059915;HORIZON;2022;999514385;FUNDACION AZTI - AZTI FUNDAZIOA;AZTI;ES;REC;participant;890347,50
101059915;HORIZON;2022;999612549;MARINE BIOLOGICAL ASSOCIATION OF THE UNITED KINGDOM;;UK;REC;associatedPartner;0,00
101059915;HORIZON;2022;898797054;NATIONAL OCEANOGRAPHY CENTRE;;UK;REC;associatedPartner;0,00
101059915;HORIZON;2022;999990267;MAX-PLANCK-GESELLSCHAFT ZUR FORDERUNG DER WISSENSCHAFTEN EV;MPG;DE;REC;participant;100247,17
101059915;HORIZON;2022;999997930;CENTRE NATIONAL DE LA RECHERCHE SCIENTIFIQUE CNRS;CNRS;FR;REC;participant;2241310,33
101059915;HORIZON;2022;999599939;VLAAMS INSTITUUT VOOR DE ZEE;FLANDERS MARINE INSTITUTE INSTITUT FLAMAND DE LA MER;BE;REC;participant;97218,75
101059915;HORIZON;2022;916064024;FONDATION TARA;FONDATION TARA OCEAN;FR;OTH;participant;459937,50
101059915;HORIZON;2022;905860788;NORCE RESEARCH AS;NORCE;NO;REC;participant;394082,50
101059915;HORIZON;2022;909875521;SORBONNE UNIVERSITE;;FR;HES;participant;1961408,75
101058509;HORIZON;2022;905059277;FONDAZIONE GROSSETO CULTURA;;IT;OTH;thirdParty;40350,00
101058509;HORIZON;2022;999974553;UNIVERSITEIT LEIDEN;ULEI;NL;HES;thirdParty;71500,00
101058509;HORIZON;2022;933759540;THE MOFET INSTITUTE - THE SCHOOL FOR THE RESEARCH AND DEVELOPMENT OF PROGRAMS IN TEACHER TRAINING AND EDUCATION AT COLLEGES;MOFET INSTITUTE;IL;REC;thirdParty;56500,00
101058509;HORIZON;2022;999845446;THE PROVOST, FELLOWS, FOUNDATION SCHOLARS & THE OTHER MEMBERS OF BOARD, OF THE COLLEGE OF THE HOLY & UNDIVIDED TRINITY OF QUEEN ELIZABETH NEAR DUBLIN;TRINITY COLLEGE DUBLIN;IE;HES;thirdParty;61500,00
101058509;HORIZON;2022;896926700;STICKYDOT SRL;STICKYDOT SRL;BE;PRC;participant;278000,00
101058509;HORIZON;2022;960094458;PLAVI SVIJET INSTITUT ZA ISTRAZIVANJE I ZASTITU MORA;BLUE WORLD INSTITUTE OF MARINE RESEARCH AND CONSERVATION;HR;REC;thirdParty;31500,00
101058509;HORIZON;2022;999654162;STIFTELSEN NILU;NILU;NO;REC;participant;101812,00
101058509;HORIZON;2022;952410118;FUNDACION IBERCIVIS;;ES;REC;participant;255500,00
101058509;HORIZON;2022;913100771;MARIE CURIE ALUMNI ASSOCIATION;MARIE CURIE ALUMNI ASSOCIATION;BE;OTH;participant;288000,00
101058509;HORIZON;2022;997605425;COFAC COOPERATIVA DE FORMACAO E ANIMACAO CULTURAL CRL;ULusofona;PT;HES;thirdParty;47600,00
101058509;HORIZON;2022;996854451;MUSEUM FUR NATURKUNDE - LEIBNIZ-INSTITUT FUR EVOLUTIONS- UND BIODIVERSITATSFORSCHUNG AN DER HUMBOLDT-UNIVERSITAT ZU BERLIN;MFN;DE;REC;participant;334250,00
101058509;HORIZON;2022;999991722;AGENCIA ESTATAL CONSEJO SUPERIOR DE INVESTIGACIONES CIENTIFICAS;CSIC;ES;REC;participant;240375,00
101058509;HORIZON;2022;901829759;SCIENCE FOR CHANGE, SL;SCIENCE FOR CHANGE;ES;PRC;participant;247375,00
101058509;HORIZON;2022;937663402;VEREIN DER EUROPAISCHEN BURGEWISSENSCHAFTEN - ECSA EV;EUROPEAN CITIZEN SCIENCE ASSOCIATION;DE;REC;coordinator;626875,00
101058509;HORIZON;2022;902851169;PUBLIC LIBRARIES 2030;PL2030;BE;OTH;participant;201000,00
101058509;HORIZON;2022;940719872;ZENTRUM FUR SOZIALE INNOVATION GMBH;Zentrum fuer Soziale Innovation GmbH;AT;REC;participant;357500,00
101058509;HORIZON;2022;897691060;UNIVERSITE PARIS CITE;UPCité;FR;HES;participant;439875,00
101058509;HORIZON;2022;889237995;NORDLICHT MANAGEMENT CONSULTANTS GMBH;;DE;PRC;participant;130031,00
101058509;HORIZON;2022;984287907;Institute of Geonics of the AS CR, v.v.i.;IGN;CZ;REC;thirdParty;36500,00
101058509;HORIZON;2022;986361476;NORDISK FOND FOR MILJØ OG UDVIKLING;NORDECO;DK;OTH;thirdParty;101500,00
101058509;HORIZON;2022;948096819;Web2Learn;Aikaterini Zourou & SIA E.E;EL;PRC;thirdParty;51500,00
101057216;HORIZON;2022;999597223;TECHNOLOGIKO PANEPISTIMIO KYPROU;CYPRUS UNIVERSITY OF TECHNOLOGY;CY;HES;participant;116000,00
101057216;HORIZON;2022;953814096;ELLINIKOS GEORGIKOS ORGANISMOS - DIMITRA;HELLENIC AGRICULTURAL ORGANISATION DIMITRA (ELGO - DIMITRA);EL;HES;participant;306950,00
101057216;HORIZON;2022;999986096;UNIVERSITEIT GENT;UGent;BE;HES;participant;714797,50
101057216;HORIZON;2022;888104744;UNIVERSITE DE MONTPELLIER;UNIVERSITE DE MONTPELLIER;FR;HES;participant;194381,00
101057216;HORIZON;2022;929853350;IDEAS 3493 SL;IFC;ES;PRC;participant;777500,00
101057216;HORIZON;2022;998518583;SCHWEIZERISCHES TROPEN UND PUBLIC HEALTH INSTITUT;SWISS TPH SWISS TROPICAL AND PUBLIC HEALTH INSTITUTE;CH;REC;associatedPartner;0,00
101057216;HORIZON;2022;999872218;GEOPONIKO PANEPISTIMION ATHINON;AGRICULTURAL UNIVERSITY OF ATHENS;EL;HES;participant;306981,00
101057216;HORIZON;2022;999985805;UNIVERSITEIT UTRECHT;UU;NL;HES;coordinator;1642726,00
101057216;HORIZON;2022;906304757;GAME SOLUTIONS LAB BV;GAMES FOR HEALTH;NL;PRC;participant;324980,00
101057216;HORIZON;2022;999977269;TECHNISCHE UNIVERSITEIT EINDHOVEN;TU/e;NL;HES;participant;1435982,50
101057216;HORIZON;2022;889520944;Fields at Work GmbH;;CH;PRC;associatedPartner;0,00
101057216;HORIZON;2022;999997930;CENTRE NATIONAL DE LA RECHERCHE SCIENTIFIQUE CNRS;CNRS;FR;REC;participant;789525,00
101057216;HORIZON;2022;998225837;ECOLE PRATIQUE DES HAUTES ETUDES;ECOLE PRATIQUE DES HAUTES ETUDES;FR;HES;thirdParty;25230,00
101056848;HORIZON;2022;999997736;AARHUS UNIVERSITET;AU;DK;HES;coordinator;1226237,50
101056848;HORIZON;2022;966626341;THE JAMES HUTTON INSTITUTE;THE JAMES HUTTON INSTITUTE;UK;REC;associatedPartner;0,00
101056848;HORIZON;2022;999759213;STICHTING WETLANDS INTERNATIONAL;STICHTING WETLANDS INTERNATIONAL;NL;OTH;participant;208042,50
101056848;HORIZON;2022;999865137;SZKOLA GLOWNA GOSPODARSTWA WIEJSKIEGO;SGGW WARSAW UNIVERSITY OF LIFE SCIENCES;PL;HES;participant;291000,00
101056848;HORIZON;2022;928620965;WETLANDS INTERNATIONAL - EUROPEAN ASSOCIATION;;NL;OTH;thirdParty;46712,00
101056848;HORIZON;2022;999992110;STICHTING RADBOUD UNIVERSITEIT;;NL;HES;participant;595000,00
101056848;HORIZON;2022;967944377;MINISTERIE VAN INFRASTRUCTUUR EN WATERSTAAT;MINISTRY OF INFRASTRUCTURE AND WATER MANAGEMENT;NL;PUB;participant;241875,00
101056848;HORIZON;2022;999899669;SRUC;;UK;HES;associatedPartner;0,00
101056848;HORIZON;2022;999464042;POTSDAM-INSTITUT FUR KLIMAFOLGENFORSCHUNG EV;PIK;DE;REC;participant;371750,00
101056848;HORIZON;2022;999994341;GFZ HELMHOLTZ-ZENTRUM FUR GEOFORSCHUNG;GFZ;DE;REC;participant;595277,50
101056848;HORIZON;2022;999591306;ILMATIETEEN LAITOS;FMI;FI;REC;participant;595012,50
101056848;HORIZON;2022;897067059;UNIVERSITE PARIS-SACLAY;;FR;HES;thirdParty;28570,00
101056848;HORIZON;2022;916295951;EUROPEAN SCIENCE COMMUNICATION INSTITUTE (ESCI) GGMBH;;DE;OTH;participant;300125,00
101056848;HORIZON;2022;999858056;UNIVERSITAET GREIFSWALD;UG;DE;HES;participant;550605,00
101056848;HORIZON;2022;999837104;UNIVERSITE DE VERSAILLES SAINT-QUENTIN EN YVELINES;;FR;HES;participant;511403,75
101058677;HORIZON;2022;905834016;ARS ELECTRONICA LINZ GMBH & CO KG;;AT;REC;participant;679101,00
101058677;HORIZON;2022;999779292;EUSEA EUROPAISCHE GESELLSCHAFT FUR SCIENCE ENGAGEMENT;EUSEA EUROPEAN SCIENCE EVENTS ASSOCIATION;AT;OTH;participant;275414,00
101058677;HORIZON;2022;952840410;NESTA;NESTA;UK;REC;associatedPartner;0,00
101058677;HORIZON;2022;996410094;ZABALA INNOVATION CONSULTING SA;ZABALA;ES;PRC;coordinator;2511594,00
101058677;HORIZON;2022;901829759;SCIENCE FOR CHANGE, SL;SCIENCE FOR CHANGE;ES;PRC;participant;363664,00
101058677;HORIZON;2022;999529614;T6 ECOSYSTEMS SRL;T6ECO;IT;PRC;participant;283539,00
101058677;HORIZON;2022;999981052;KING'S COLLEGE LONDON;;UK;HES;associatedPartner;0,00
101060917;HORIZON;2022;999991043;KOBENHAVNS UNIVERSITET;UCPH;DK;HES;coordinator;299722,00
101079902;HORIZON;2022;937388213;DIMOS KOZANIS;MUNICIPALITY OF KOZANI;EL;PUB;participant;47500,00
101079902;HORIZON;2022;999847289;VAASAN YLIOPISTO;;FI;HES;participant;187812,50
101079902;HORIZON;2022;998521105;FACHHOCHSCHULE TECHNIKUM WIEN;FHTW;AT;HES;coordinator;358125,00
101079902;HORIZON;2022;928696916;ICARES CONSULTING;BECQUEREL INSTITUTE;BE;PRC;participant;143937,50
101079902;HORIZON;2022;874036834;BECQUEREL INSTITUTE ITALIA SRL;BII;IT;PRC;thirdParty;40906,00
101079902;HORIZON;2022;909584812;ADEPORTO - AGÊNCIA DE ENERGIA DO PORTO;;PT;OTH;participant;112100,00
101079902;HORIZON;2022;998526052;ASOCIACION DE INDUSTRIAS DE CONOCIMIENTO Y TECNOLOGIA - GAIA - EUSKALHERRIKO EZAGUTZA ETA TEKNOLOGIA INDUSTRIEN ELKARTEA;GAIA;ES;OTH;participant;201912,50
101079902;HORIZON;2022;948644869;TECHFORCE INNOVATIONS BV;;NL;PRC;participant;82250,00
101079902;HORIZON;2022;999887253;ACCADEMIA EUROPEA DI BOLZANO;Eurac Research;IT;REC;participant;281562,50
101079902;HORIZON;2022;933299857;CNET CENTRE FOR NEW ENERGY TECHNOLOGIES SA;EDP CNET;PT;PRC;participant;112875,00
101079902;HORIZON;2022;888489058;VAASAN OPISKELIJA-ASUNTOSAATIO SR;;FI;OTH;participant;106406,25
101079902;HORIZON;2022;939128878;CLUSTER VIOOIKONOMIAS KAI PERIVALLONTOS DYTIKIS MAKEDONIAS;CLUBE;EL;OTH;participant;249435,93
101079902;HORIZON;2022;916295951;EUROPEAN SCIENCE COMMUNICATION INSTITUTE (ESCI) GGMBH;;DE;OTH;participant;220738,89
101079902;HORIZON;2022;897354858;GERNIKA-LUMOKO KULTUR ETXEA;CASA DE CULTURA DE GERNIKA-LUMO;ES;PUB;participant;98750,00
101079902;HORIZON;2022;904094127;PLANET IDEA SRL;PLANET IDEA;IT;PRC;participant;154919,40
101079902;HORIZON;2022;973212447;4WARD ENERGY RESEARCH GMBH;4ER;AT;REC;participant;183062,50
101079902;HORIZON;2022;930140373;MATERALIA;MATERALIA;FR;OTH;participant;85163,28
101079156;HORIZON;2023;996219683;HOCHSCHULEN FRESENIUS GEMEINNUTZIGE TRAGERGESELLSCHAFT MBH;HSF;DE;HES;participant;174875,00
101079156;HORIZON;2023;999645238;VLAAMSE INSTELLING VOOR TECHNOLOGISCH ONDERZOEK N.V.;VITO;BE;REC;participant;193750,00
101079156;HORIZON;2023;999643007;ETHNIKO KAI KAPODISTRIAKO PANEPISTIMIO ATHINON;UOA;EL;HES;coordinator;476500,00
101079156;HORIZON;2023;897674376;EXELISIS IKE;EXELISIS;EL;PRC;participant;149000,00
101079156;HORIZON;2023;888057990;ETAIREIA AXIOPOIISEOS KAI DIACHEIRISEOS TIS PERIOUSIAS TOU PANEPISTIMIOU ATHINON;;EL;PRC;thirdParty;21875,00
101079156;HORIZON;2023;999977851;NORGES TEKNISK-NATURVITENSKAPELIGE UNIVERSITET NTNU;NTNU;NO;HES;participant;247500,00
101079156;HORIZON;2023;999981925;GOETEBORGS UNIVERSITET;UGOT - GOETEBORGS UNIVERSITET/UNIVERSITY OF GOTHENBURG;SE;HES;participant;236250,00
101079929;HORIZON;2022;939775577;AFRIKAANDERWIJK COOPERATIE UA;;NL;OTH;participant;166734,38
101079929;HORIZON;2022;951185687;EUROPEAN LEAGUE OF INSTITUTES OF THE ARTS VERENIGING;ELIA;NL;OTH;participant;76654,38
101079929;HORIZON;2022;943771880;STICHTING HOGESCHOOL ROTTERDAM;HOGESCHOOL ROTTERDAM;NL;HES;participant;748828,73
101079929;HORIZON;2022;929040975;STICHTING CODARTS HOGESCHOOL VOOR DE KUNSTEN;CODARTS, UNIVERSITY FOR THE ARTS;NL;HES;participant;485484,38
101079929;HORIZON;2022;887895515;STICHTING BUZINEZZCLUB FOUNDATION;;NL;OTH;participant;135484,38
101079929;HORIZON;2022;998914925;GEMEENTE ROTTERDAM;ROTTERDAM;NL;PUB;participant;2306921,88
101079929;HORIZON;2022;999839335;ERASMUS UNIVERSITEIT ROTTERDAM;EUR;NL;HES;coordinator;991859,09
101079929;HORIZON;2022;998341364;ICLEI EUROPEAN SECRETARIAT GMBH (ICLEI EUROPASEKRETARIAT GMBH);ICLEI EURO;DE;OTH;participant;69359,38
101079929;HORIZON;2022;999977366;TECHNISCHE UNIVERSITEIT DELFT;TU Delft;NL;HES;participant;17889,40
101081642;HORIZON;2022;998572903;INSTITUTUL NATIONAL DE CERCETARE-DEZVOLTARE MARINA GRIGORE ANTIPA;INCDM - NIMRD;RO;REC;participant;263755,00
101081642;HORIZON;2022;999997736;AARHUS UNIVERSITET;AU;DK;HES;coordinator;1126299,00
101081642;HORIZON;2022;999895013;TARTU ULIKOOL;UNIVERSITY OF TARTU;EE;HES;participant;353031,00
101081642;HORIZON;2022;999994535;HELSINGIN YLIOPISTO;;FI;HES;participant;317311,00
101081642;HORIZON;2022;999904713;THE SECRETARY OF STATE FOR ENVIRONMENT, FOOD AND RURAL AFFAIRS;DEFRA;UK;PUB;associatedPartner;0,00
101081642;HORIZON;2022;996403886;WCMC LBG;WCMC;UK;REC;associatedPartner;0,00
101081642;HORIZON;2022;999478010;SUOMEN YMPARISTOKESKUS;FINNISH ENVIRONMENT INSTITUTE;FI;REC;participant;553117,50
101081642;HORIZON;2022;999482569;INSTITUTE OF OCEANOLOGY BAS;IO-BAS;BG;REC;participant;264271,00
101081642;HORIZON;2022;999577532;HELLENIC CENTRE FOR MARINE RESEARCH;;EL;REC;participant;350110,00
101081642;HORIZON;2022;999468310;STAZIONE ZOOLOGICA ANTON DOHRN;;IT;REC;participant;319176,00
101081642;HORIZON;2022;998437006;INSTITUT ROYAL DES SCIENCES NATURELLES DE BELGIQUE;KONINKLIJK BELGISCHINSTITUUT VOOR NATUURWETENSCHAPPENROYAL BELGIAN INSTITUTE OF NATURAL;BE;REC;participant;426806,00
101081642;HORIZON;2022;999991722;AGENCIA ESTATAL CONSEJO SUPERIOR DE INVESTIGACIONES CIENTIFICAS;CSIC;ES;REC;participant;353032,50
101081642;HORIZON;2022;999497507;ALFRED-WEGENER-INSTITUT HELMHOLTZ-ZENTRUM FUR POLAR- UND MEERESFORSCHUNG;AWI;DE;REC;participant;332375,00
101081642;HORIZON;2022;934887262;LUONNONVARAKESKUS;LUKE;FI;REC;participant;307018,75
101081642;HORIZON;2022;997905349;ISTITUTO SUPERIORE PER LA PROTEZIONE E LA RICERCA AMBIENTALE;ITALIAN INSTITUTE FOR ENVIRONMENTAL PROTECTION AND RESEARCH;IT;REC;participant;363926,00
101081642;HORIZON;2022;999520302;STICHTING DELTARES;Deltares;NL;REC;participant;422245,00
101081642;HORIZON;2022;999630300;INSTITUT FRANCAIS DE RECHERCHE POUR L'EXPLOITATION DE LA MER;;FR;REC;participant;365921,00
101081642;HORIZON;2022;997826585;NORSK INSTITUTT FOR VANNFORSKNING STI;NORWEGIAN INSTITUTE FOR WATER RESEARCH;NO;REC;participant;810393,75
101081642;HORIZON;2022;972682342;UNIVERSITE DU LITTORAL;UNIVERSITE DU LITTORAL - COTE D'OPALE;FR;HES;thirdParty;244900,00
101081642;HORIZON;2022;999514385;FUNDACION AZTI - AZTI FUNDAZIOA;AZTI;ES;REC;participant;678006,00
101081642;HORIZON;2022;999997930;CENTRE NATIONAL DE LA RECHERCHE SCIENTIFIQUE CNRS;CNRS;FR;REC;participant;106525,00
101081642;HORIZON;2022;897085392;SCITATION - SCIENCE COMMUNICATION,UNIPESSOAL LDA;Science Crunchers;PT;PRC;participant;314904,00
101081642;HORIZON;2022;999904034;AALBORG UNIVERSITET;AAU;DK;HES;participant;338945,00
101081903;HORIZON;2022;999603043;STICHTING NATURALIS BIODIVERSITY CENTER;NATURALIS;NL;REC;participant;440108,75
101081903;HORIZON;2022;999994535;HELSINGIN YLIOPISTO;;FI;HES;participant;172207,50
101081903;HORIZON;2022;999895789;UNIVERSITA DEGLI STUDI DI FIRENZE;UNIFI;IT;HES;participant;118776,00
101081903;HORIZON;2022;998202654;STAATLICHES MUSEUM FUER NATURKUNDE STUTTGART;SMNS;DE;OTH;participant;184465,00
101081903;HORIZON;2022;999551633;BOTANICKY USTAV AV CR, V.V.I.;;CZ;REC;participant;110642,50
101081903;HORIZON;2022;998437006;INSTITUT ROYAL DES SCIENCES NATURELLES DE BELGIQUE;KONINKLIJK BELGISCHINSTITUUT VOOR NATUURWETENSCHAPPENROYAL BELGIAN INSTITUTE OF NATURAL;BE;REC;coordinator;255293,75
101081903;HORIZON;2022;999991043;KOBENHAVNS UNIVERSITET;UCPH;DK;HES;participant;334011,25
101081903;HORIZON;2022;999588978;PANEPISTIMIO KRITIS;UNIVERSITY OF CRETE;EL;HES;participant;184208,75
101081903;HORIZON;2022;951354079;CONSORTIUM OF EUROPEAN TAXONOMIC FACILITIES;CETAF;BE;OTH;participant;2624141,00
101081903;HORIZON;2022;998250863;NATURHISTORISCHES MUSEUM;NHMW;AT;REC;participant;205185,00
101081903;HORIZON;2022;999651640;VASTRA GOTALANDSREGIONEN;;SE;PUB;participant;45875,00
101081903;HORIZON;2022;937663402;VEREIN DER EUROPAISCHEN BURGEWISSENSCHAFTEN - ECSA EV;EUROPEAN CITIZEN SCIENCE ASSOCIATION;DE;REC;participant;167538,75
101081903;HORIZON;2022;935884325;AGENTSCHAP PLANTENTUIN MEISE;AGENTSCHAP PLANTENTUIN MEISE;BE;REC;participant;438943,75
101081903;HORIZON;2022;999662310;MUSEUM NATIONAL D'HISTOIRE NATURELLE;MNHN;FR;HES;participant;223677,50
101081903;HORIZON;2022;999994826;FREIE UNIVERSITAET BERLIN;Freie Universitaet Berlin;DE;HES;participant;344100,00
101081903;HORIZON;2022;999981925;GOETEBORGS UNIVERSITET;UGOT - GOETEBORGS UNIVERSITET/UNIVERSITY OF GOTHENBURG;SE;HES;participant;69037,50
101081903;HORIZON;2022;885833877;STICHTING CATALOGUE OF LIFE;Catalogue of Life;NL;REC;participant;69125,00
101086320;HORIZON;2023;917939810;FONDAZIONE ICONS;ICONS;IT;OTH;participant;468250,00
101086320;HORIZON;2023;892097749;AKI AGRARKOZGAZDASAGI INTEZET NONPROFIT KFT;AKI;HU;REC;participant;70181,25
101086320;HORIZON;2023;991615966;Ministerstwo Rolnictwa i Rozwoju Wsi;MINISTRY OF AGRICULTURE AND RURAL DEVELOPMENT;PL;PUB;participant;91750,00
101086320;HORIZON;2023;954530344;STICHTING VU;;NL;HES;participant;558625,00
101086320;HORIZON;2023;888220465;SEGES INNOVATION PS;SEGES Innovation P/S;DK;REC;participant;100731,00
101086320;HORIZON;2023;920539119;WRI EUROPE STICHTING;;NL;OTH;participant;92500,00
101086320;HORIZON;2023;997382131;FUNDACIO PRIVADA INSTITUT DE RECERCA SOBRE IMMUNOPATOLOGIES-CAIXA, IRSICAIXA;IRSICAIXA;ES;REC;participant;111250,00
101086320;HORIZON;2023;913861251;EIT FOOD;;BE;OTH;participant;239625,00
101086320;HORIZON;2023;999544164;ZORGONDERZOEK NEDERLAND ZON;ZON;NL;REC;participant;412375,00
101086320;HORIZON;2023;999991043;KOBENHAVNS UNIVERSITET;UCPH;DK;HES;coordinator;1215375,00
101086320;HORIZON;2023;897242338;DANSK VEGETARISK FORENING;The Vegetarian Society of Denmrk;DK;OTH;participant;96250,00
101086320;HORIZON;2023;998702204;COMUNE DI MILANO;MIL;IT;PUB;participant;206500,00
101086320;HORIZON;2023;891906950;TAENKETANKEN FREJ;Tænketanken Frej;DK;OTH;participant;80875,00
101086320;HORIZON;2023;958300346;FONDAZIONE SLOW FOOD E.T.S.;;IT;OTH;participant;280250,00
101086320;HORIZON;2023;999450559;EUROCITIES ASBL;;BE;OTH;participant;658500,00
101086320;HORIZON;2023;903792748;SUSMETRO EU BV;SUSMETRO;NL;PRC;participant;416250,00
101086320;HORIZON;2023;998619560;CIENCIA VIVA-AGENCIA NACIONAL PARA A CULTURA CIENTIFICA E TECNOLOGICA;;PT;OTH;participant;538750,00
101086320;HORIZON;2023;887973212;BEINFLUENCE;;BE;PRC;participant;386500,00
101086320;HORIZON;2023;998448452;ASSOCIATION EUROPEENNE DES EXPOSITIONS SCIENTIFIQUES TECHNIQUES ET INDUSTRIELLES;EUROPEAN COLLABORATIVE FOR SCIENCE IND & TECHN EXHIBITIONS;BE;OTH;participant;814943,75
101086320;HORIZON;2023;951242626;OKOLOGIAI MEZOGAZDASAGI KUTATOINTEZET KOZHASZNU NONPROFIT KFT;OMKI;HU;REC;participant;69500,00
101086320;HORIZON;2023;998080337;ELLINOGERMANIKI AGOGI SCHOLI PANAGEA SAVVA AE;EA;EL;HES;participant;294500,00
101086320;HORIZON;2023;999547365;STICHTING WAGENINGEN RESEARCH;WR;NL;REC;participant;412750,00
101086320;HORIZON;2023;999954474;EUROPEAN FOOD INFORMATION COUNCIL;EUFIC;BE;OTH;participant;383750,00
101091010;HORIZON;2023;999479174;STIFTELSEN NORSK INSTITUTT FOR NATURFORSKNING NINA;NINA;NO;REC;participant;574245,00
101091010;HORIZON;2023;954831626;UNIVERSITE DE LORRAINE;UL;FR;HES;thirdParty;102176,00
101091010;HORIZON;2023;985418442;FUNDACIO PRIVADA ERSILIA;;ES;REC;participant;230000,00
101091010;HORIZON;2023;894075385;GREENBACK;;FR;PRC;participant;46046,00
101091010;HORIZON;2023;920921687;B.V. EXPLOITATIE RESERVEGRONDEN FLEVOLAND;ERF;NL;PRC;participant;62750,00
101091010;HORIZON;2023;921149249;USTAV VYZKUMU GLOBALNI ZMENY AV CR VVI;GLOBAL CHANGE RESEARCH INSTITUTE CAS;CZ;REC;participant;160000,00
101091010;HORIZON;2023;996403886;WCMC LBG;WCMC;UK;REC;associatedPartner;0,00
101091010;HORIZON;2023;999880657;Masarykova univerzita;MU;CZ;HES;participant;307896,00
101091010;HORIZON;2023;999971837;INSTITUT JOZEF STEFAN;JSI;SI;REC;participant;565000,00
101091010;HORIZON;2023;892297472;FUNDACION REGENERATION ACADEMY;REGENERATION ACADEMY FOUNDATION;ES;OTH;participant;77500,00
101091010;HORIZON;2023;999976590;UNIVERSITA DEGLI STUDI DI NAPOLI FEDERICO II;UNINA;IT;HES;participant;782763,75
101091010;HORIZON;2023;889353425;CLIMATE FARMERS GMBH;CLIMATE FARMERS;DE;PRC;participant;313055,62
101091010;HORIZON;2023;998254743;AGES - OSTERREICHISCHE AGENTUR FUR GESUNDHEIT UND ERNAHRUNGSSICHERHEIT GMBH;AGES;AT;REC;participant;846403,75
101091010;HORIZON;2023;887694434;INSTITUT FUR ANGEWANDTEPFLANZENBIOLOGIE AG;INSITITUTE FOR APPLIED PLANT BIOLOGY IAP;CH;PRC;associatedPartner;0,00
101091010;HORIZON;2023;916065091;GRAND ALFRED;;AT;PRC;participant;77895,00
101091010;HORIZON;2023;929081133;CONSERVATION EDUCATION AND RESEARCH TRUST;Earthwatch;UK;REC;associatedPartner;0,00
101091010;HORIZON;2023;999991722;AGENCIA ESTATAL CONSEJO SUPERIOR DE INVESTIGACIONES CIENTIFICAS;CSIC;ES;REC;participant;203896,00
101091010;HORIZON;2023;999500611;STICHTING INTERNATIONAL SOIL REFERENCE AND INFORMATION CENTRE;;NL;REC;participant;94626,00
101091010;HORIZON;2023;934887262;LUONNONVARAKESKUS;LUKE;FI;REC;participant;809312,00
101091010;HORIZON;2023;998802114;FORSCHUNGSINSTITUT FUR BIOLOGISCHEN LANDBAU FiBL;RESEARCH INSTITUTE OF ORGANIC AGRICULTURE FIBL;CH;REC;associatedPartner;0,00
101091010;HORIZON;2023;997826391;UNIVERSIDADE DE COIMBRA;UNIVERSIDADE DE COIMBRA;PT;HES;participant;780020,00
101091010;HORIZON;2023;999979500;CONSIGLIO NAZIONALE DELLE RICERCHE;CNR;IT;REC;participant;468625,00
101091010;HORIZON;2023;891124063;DIRECCAO REGIONAL DE AGRICULTURA EPESCAS DO CENTRO;;PT;PUB;participant;69812,50
101091010;HORIZON;2023;999893267;INSTITUT NATIONAL DES SCIENCES ET INDUSTRIES DU VIVANT ET DE L'ENVIRONNEMENT - AGROPARISTECH;AGROPARISTECH;FR;HES;thirdParty;18125,00
101091010;HORIZON;2023;921944649;COMMONLAND FOUNDATION;COMMONLAND;NL;OTH;participant;165625,00
101091010;HORIZON;2023;999981634;WAGENINGEN UNIVERSITY;WU;NL;HES;coordinator;2128070,00
101091010;HORIZON;2023;876479779;Climate Farmers Academy gUG;Climate Farmers Academy;DE;OTH;participant;441319,38
101091010;HORIZON;2023;999993274;INSTITUT NATIONAL DE RECHERCHE POUR L'AGRICULTURE, L'ALIMENTATION ET L'ENVIRONNEMENT;INRAE;FR;REC;participant;1270457,50
101091010;HORIZON;2023;999465885;LEIBNIZ-ZENTRUM FUER AGRARLANDSCHAFTSFORSCHUNG (ZALF) e.V.;ZALF;DE;REC;participant;837343,75
101091010;HORIZON;2023;999547365;STICHTING WAGENINGEN RESEARCH;WR;NL;REC;participant;70000,00
101094041;HORIZON;2023;920842438;RAMANI B.V.;Ramani;NL;PRC;participant;51815,00
101094041;HORIZON;2023;999897826;UNIVERSITY OF HAIFA;UH;IL;HES;participant;62500,00
101094041;HORIZON;2023;998516061;AGORA P.S.V.D.;AGORA;IL;PRC;participant;86750,00
101094041;HORIZON;2023;999659109;DIMOKRITIO PANEPISTIMIO THRAKIS;DEMOCRITUS UNIVERSITY OF THRACE (DUTH);EL;HES;participant;85625,00
101094041;HORIZON;2023;998962843;21C CONSULTANCY LIMITED;21C CONSULTANCY;UK;PRC;associatedPartner;0,00
101094041;HORIZON;2023;998376284;ODESKIY NACIONALNIY UNIVERSITET IMENI I.I. MECHNIKOVA;ONU ODESSA I.I.MECHNKOV NATIONAL UNIVERSITY;UA;HES;participant;46875,00
101094041;HORIZON;2023;937663402;VEREIN DER EUROPAISCHEN BURGEWISSENSCHAFTEN - ECSA EV;EUROPEAN CITIZEN SCIENCE ASSOCIATION;DE;REC;participant;126250,00
101094041;HORIZON;2023;997242645;NUCLIO NUCLEO INTERACTIVO DE ASTRONOMIA ASSOCIACAO;NUCLIO;PT;REC;participant;98125,00
101094041;HORIZON;2023;985620396;AMERICAN UNIVERSITY OF ARMENIA FOUNDATION;AUAF;AM;HES;coordinator;152500,00
101094041;HORIZON;2023;937816177;ASSOCIATION ECO OCEAN;ECOOCEAN;IL;OTH;participant;62500,00
101094041;HORIZON;2023;998571739;CONSORZIO INTERUNIVERSITARIO PERLO SVILUPPO DEI SISTEMI A GRANDE INTERFASE;CSGI;IT;REC;participant;79375,00
101094041;HORIZON;2023;998080337;ELLINOGERMANIKI AGOGI SCHOLI PANAGEA SAVVA AE;EA;EL;HES;participant;73310,00
101093985;HORIZON;2023;886784477;GLOBAL NETWORK OF WATER MUSEUMS;WAMU-NET;IT;OTH;associatedPartner;0,00
101093985;HORIZON;2023;998109049;INTERNATIONAL COMMISSION FOR THE PROTECTION OF THE DANUBE RIVER;INTERNATIONALE KOMMISSION ZUM SCHUTZ DERDONAU;AT;PUB;associatedPartner;0,00
101093985;HORIZON;2023;999484024;PLYMOUTH MARINE LABORATORY LIMITED;PML;UK;REC;associatedPartner;0,00
101093985;HORIZON;2023;896594960;DANUBE COMMISSION;LA COMMISSION DUDANUBE;HU;PUB;associatedPartner;0,00
101093985;HORIZON;2023;893396773;BROZ OCHRANARSKE ZDRUZENIE;BROZ – conservation association;SK;OTH;associatedPartner;0,00
101093985;HORIZON;2023;972472240;INSTITUTUL NATIONAL DE CERCETARE-DEZVOLTARE DELTA DUNARII;INCDDD;RO;REC;participant;139875,00
101093985;HORIZON;2023;997972764;VIA DONAU OSTERREICHISCHE WASSERSTRASSEN GESELLSCHAFT MBH;VIA DONAU;AT;PRC;participant;566706,88
101093985;HORIZON;2023;948523134;GLOBAL WATER PARTNERSHIP CENTRAL AND EASTERN EUROPE;GWP CENTRAL AND EASTERN EUROPE;SK;OTH;participant;300000,00
101093985;HORIZON;2023;999927120;FORSCHUNGSVERBUND BERLIN EV;;DE;REC;participant;447500,00
101093985;HORIZON;2023;940855478;Észak-dunántúli Vízügyi Igazgatóság;ÉDUVÍZIG;HU;PUB;associatedPartner;0,00
101093985;HORIZON;2023;950446935;WWF VILAG TERMESZETI ALAP MAGYARORSZAG ALAPITVANY;WWF HUNGARY;HU;OTH;participant;156875,00
101093985;HORIZON;2023;973690075;Odessa State Environmental University;OSENU;UA;HES;participant;5464,03
101093985;HORIZON;2023;973388405;INSTITUT PO BIORAZNOOBRAZIE I EKOSISTEMNI IZSLEDVANIYA BALGARSKA AKADEMIYA NA NAUKITE;INSTITUTE OF BIODIVERSITY AND ECOSYSTEM  RESEARCH BAS;BG;HES;participant;240000,00
101093985;HORIZON;2023;959320495;ASOCIATIA WWF ROMANIA;WWF Romania;RO;OTH;participant;399375,00
101093985;HORIZON;2023;882369813;DIREKCIJA REPUBLIKE SLOVENIJE ZA VODE;SLOVENIAN WATER AGENCY;SI;PUB;associatedPartner;0,00
101093985;HORIZON;2023;999633695;BUNDESMINISTERIUM FUER INNOVATION, MOBILITAET UND INFRASTRUKTUR;FEDERAL MINISTRY OF INNOVATION, MOBILITY AND INFRASTRUCTURE;AT;PUB;associatedPartner;0,00
101093985;HORIZON;2023;886625203;Sustainable Development Association of Tulcea County;Sustainable Development Association of Tulcea County;RO;REC;associatedPartner;0,00
101093985;HORIZON;2023;998833542;AGENTIA PENTRU DEZVOLTARE REGIONALA A REGIUNII DE DEZVOLTARE SUD-EST;AGENCY FOR REGIONAL DEVELOPMENT OF SOUTH EAST DEVELOPMENT REGION;RO;OTH;associatedPartner;0,00
101093985;HORIZON;2023;999904228;BUDAPESTI MUSZAKI ES GAZDASAGTUDOMANYI EGYETEM;BME;HU;HES;participant;257500,00
101093985;HORIZON;2023;915542067;Közép-Duna-völgyi Vízügyi Igazgatóság;;HU;PUB;associatedPartner;0,00
101093985;HORIZON;2023;898469873;WWF SLOVENSKO;;SK;OTH;associatedPartner;0,00
101093985;HORIZON;2023;886887200;Flussgebietsgemeinschaft Donau;;DE;PUB;associatedPartner;0,00
101093985;HORIZON;2023;999461617;INSTITUTUL NATIONAL DE CERCETARE DEZVOLTARE PENTRU GEOLOGIE SI GEOECOLOGIE MARINA - GEOECOMAR;NATIONAL RESEARCH DEVELOPMENT INSTITUTE MARINE;RO;REC;participant;350000,00
101093985;HORIZON;2023;999876389;THE UNIVERSITY OF STIRLING;U STIRLING;UK;HES;associatedPartner;0,00
101093985;HORIZON;2023;924794703;ASOCIATIA IVAN PATZAICHIN MILA 23;;RO;REC;associatedPartner;0,00
101093985;HORIZON;2023;999979500;CONSIGLIO NAZIONALE DELLE RICERCHE;CNR;IT;REC;participant;200000,00
101093985;HORIZON;2023;886505990;DANUBEPARKS -DANUBE RIVER NETWORK OF PROTECTED AREA - DAS  NETZWERK DER DONAUSCHUTZGEBIETE;;AT;OTH;participant;578125,00
101093985;HORIZON;2023;926726264;STICHTING WERELD VISMIGRATIE;WORLD FISH MIGRATION FOUNDATION;NL;OTH;participant;77568,95
101093985;HORIZON;2023;997263403;VYSKUMNY USTAV VODNEHO HOSPODARSTVA;VUVH;SK;REC;participant;167845,44
101093985;HORIZON;2023;923455230;BAYERISCHES LANDESAMT FUR UMWELT;LFU;DE;REC;associatedPartner;0,00
101093985;HORIZON;2023;999520302;STICHTING DELTARES;Deltares;NL;REC;participant;246223,75
101093985;HORIZON;2023;998376284;ODESKIY NACIONALNIY UNIVERSITET IMENI I.I. MECHNIKOVA;ONU ODESSA I.I.MECHNKOV NATIONAL UNIVERSITY;UA;HES;participant;59535,98
101093985;HORIZON;2023;998030091;STADT WIEN;CITY OF VIENNA;AT;PUB;associatedPartner;0,00
101093985;HORIZON;2023;999987357;UNIVERSITAET FUER BODENKULTUR WIEN;BOKU;AT;HES;coordinator;1878460,60
101093985;HORIZON;2023;924386430;MINISTERSTVO ZIVOTNEHO PROSTREDIA SR;MINISTRY OF ENVIRONMENT;SK;PUB;associatedPartner;0,00
101093985;HORIZON;2023;886822695;River Collective - Verein für die interdisziplinäre Zusammenarbeit zum Schutz der Flüsse;RiverCollective;AT;OTH;associatedPartner;0,00
101093985;HORIZON;2023;940719872;ZENTRUM FUR SOZIALE INNOVATION GMBH;Zentrum fuer Soziale Innovation GmbH;AT;REC;participant;305625,00
101093985;HORIZON;2023;984230289;INSTITUT ZA MULTIDISCIPLINARNA ISTRAZIVANJA;UNIVERSITY OF BELGRADE - INSTITUTE FOR MULTIDISCIPLINARY RESEARCH;RS;REC;participant;150133,75
101093985;HORIZON;2023;888486924;DE VRIES SANDRA;PULSAQUA;NL;PRC;participant;360001,00
101093985;HORIZON;2023;997786233;DANUBE DELTA BIOSPHERE RESERVE AUTHORITY;DDBRA;RO;PUB;associatedPartner;0,00
101093985;HORIZON;2023;941919277;CIVITTA STRATEGY & CONSULTING SA;;RO;PRC;participant;132744,50
101093985;HORIZON;2023;996409512;BUNDESMINISTERIUM FUR LAND- UND FORSTWIRTSCHAFT, KLIMA- UND UMWELTSCHUTZ, REGIONEN UND WASSERWIRTSCHAFT;FEDERAL MINISTRY AGRICULTURE FORESTRY, CLIMATE ENVIRONMENTAL PROTECTION, REGIONS WATER MANAGEMENT;AT;PUB;associatedPartner;0,00
101093985;HORIZON;2023;886521316;Amt der Niederösterreichischen Landesregierung, Abteilung Internationale und Europäische Angelegenheiten, Generalsekretariat der ARGE Donauländer;;AT;PUB;associatedPartner;0,00
101093985;HORIZON;2023;999818771;MINISTERSTVO NA OBRAZOVANIETO I NAUKATA;MINISTRY OF EDUCATION AND SCIENCE;BG;PUB;associatedPartner;0,00
101093985;HORIZON;2023;999975717;UNIVERSITY COLLEGE CORK -  NATIONAL UNIVERSITY OF IRELAND, CORK;UCC;IE;HES;participant;420000,00
101093985;HORIZON;2023;965432174;EXECUTIVE AGENCY FOR EXPLORATION AND MAINTENANCE OF THE DANUBE;EAEMDR;BG;PUB;associatedPartner;0,00
101093985;HORIZON;2023;999923240;UNIVERZA V LJUBLJANI;UL;SI;HES;participant;132218,75
101093985;HORIZON;2023;999741171;ECOLOGIC INSTITUT GEMEINNUTZIGE GMBH;ECOLOGIC INSTITUT;DE;REC;participant;206437,50
101093985;HORIZON;2023;999875031;RUDER BOSKOVIC INSTITUTE;RBI;HR;REC;participant;190000,00
101094021;HORIZON;2023;998927923;INSTITUT FUR HOHERE STUDIEN - INSTITUTE FOR ADVANCED STUDIES;IHS;AT;HES;participant;178975,00
101094021;HORIZON;2023;916436601;UZDAROJI AKCINE BENDROVE ID VILNIUS;ID Vilnius;LT;PRC;participant;156125,00
101094021;HORIZON;2023;994801543;ZALA BRIVIBA BIEDRIBA;GREEN LIBERTY;LV;OTH;participant;173687,50
101094021;HORIZON;2023;937126604;VsI Laimikis.lt;Laimikis.LT;LT;HES;associatedPartner;0,00
101094021;HORIZON;2023;952891432;TECHNOVATIVE SOLUTIONS LTD;;UK;PRC;associatedPartner;0,00
101094021;HORIZON;2023;937861670;"""RIGA MUNICIPAL AGENCY ""RIGA ENERGY AGENCY""""";Riga Energy Agency (REA);LV;PUB;associatedPartner;0,00
101094021;HORIZON;2023;998325941;DEEP BLUE SRL;DEEP BLUE;IT;PRC;participant;286000,00
101094021;HORIZON;2023;999902094;VRIJE UNIVERSITEIT BRUSSEL;VUB;BE;HES;participant;226250,00
101094021;HORIZON;2023;986593888;EUROPEAN INTEGRATED PROJECT;EIP;RO;PRC;participant;142500,00
101094021;HORIZON;2023;945145400;IFOK GMBH;IFOK GmbH;DE;PRC;participant;154750,00
101094021;HORIZON;2023;885271471;Gemeinde Edermünde;Gemeinde Edermünde;DE;PUB;associatedPartner;0,00
101094021;HORIZON;2023;928030235;FUNDACIO EURECAT;EURECAT;ES;REC;participant;164687,50
101094021;HORIZON;2023;999647857;VILNIAUS GEDIMINO TECHNIKOS UNIVERSITETAS;VILNIUS TECH;LT;HES;coordinator;394682,50
101094021;HORIZON;2023;938047328;CAMBIAMO SOCIEDAD COOPERATIVA MADRILENA;;ES;OTH;participant;350745,00
101094021;HORIZON;2023;919818312;DEPARTAMENT DE LA PRESIDENCIA - GENERALITAT DE CATALUNYA;;ES;PUB;participant;166625,00
101094021;HORIZON;2023;999840693;PANEPISTIMIO AIGAIOU;UNIVERSITY OF THE AEGEAN;EL;HES;participant;218125,00
101094021;HORIZON;2023;885301056;Pilieciu mokslo asociacija;;LT;OTH;associatedPartner;0,00
101094021;HORIZON;2023;999992304;JRC -JOINT RESEARCH CENTRE- EUROPEAN COMMISSION;JRC;BE;REC;associatedPartner;0,00
101094021;HORIZON;2023;891896474;ASOCIACION PARA EL DESARROLLO DE LADEMOCRACIA DELIBERATIVA Y PARTICIPATIVA;DELIBERATIVA;ES;OTH;participant;204750,00
101095186;HORIZON;2023;999844670;OULUN YLIOPISTO;UOULU;FI;HES;participant;218000,00
101095186;HORIZON;2023;999845155;UNIWERSYTET WROCLAWSKI;UWr;PL;HES;participant;177375,00
101095186;HORIZON;2023;999856213;TECHNICKA UNIVERZITA V LIBERCI;TUL;CZ;HES;participant;75768,75
101095186;HORIZON;2023;996569950;UNIVERSITE DE STRASBOURG;UNISTRA;FR;HES;participant;225982,50
101095186;HORIZON;2023;949725061;FUNDACJA EUROPEJSKA SIEC PAMIEC I SOLIDARNOSC;;PL;OTH;participant;60250,00
101095186;HORIZON;2023;999887253;ACCADEMIA EUROPEA DI BOLZANO;Eurac Research;IT;REC;participant;238750,00
101095186;HORIZON;2023;999896468;EOTVOS LORAND TUDOMANYEGYETEM;ELTE;HU;HES;participant;87206,25
101095186;HORIZON;2023;999904616;SYDDANSK UNIVERSITET;SDU;DK;HES;coordinator;735787,50
101095186;HORIZON;2023;885193871;NATSIONALEN ISTORICHESKI MUZEY;;BG;REC;participant;180500,00
101095186;HORIZON;2023;998196931;HOGSKOLAN I  HALMSTAD;HOGSKOLAN I  HALMSTAD;SE;HES;participant;307865,00
101095186;HORIZON;2023;887329035;KREATUS SPOLKA Z OGRANICZONA ODPOWIEDZIALNOSCIA;;PL;PRC;participant;41247,50
101095186;HORIZON;2023;999749610;BRUNEL UNIVERSITY LONDON;;UK;HES;associatedPartner;0,00
101095186;HORIZON;2023;886582038;LUNGOMARE SOCIETÀ COOPERATIVA IMPRESA SOCIALE ETS;LUNGOMARE;IT;OTH;participant;211250,00
101095186;HORIZON;2023;952966122;ARBEITSGEMEINSCHAFT EUROPAISCHER GRENZREGIONEN;ASSOCIATION OF EUROPEAN BORDER REGIONS;DE;OTH;participant;85750,00
101094665;HORIZON;2023;999864555;THE UNIVERSITY OF EXETER;UNEXE;UK;HES;associatedPartner;0,00
101094665;HORIZON;2023;885286700;INSTITUTI I STUDIMEVE NDERKOMBETARE;ALBANIAN INSTITUTE FOR INTERNATIONAL STUDIES;AL;REC;participant;125000,00
101094665;HORIZON;2023;888937586;DEXAI - Etica Artificiale;;IT;PRC;participant;251250,00
101094665;HORIZON;2023;958722490;MINISTRY OF INTERNAL AFFAIRS;MINISTRIA E PUNEVE TE BRENDSHME;AL;PUB;participant;118750,00
101094665;HORIZON;2023;999808780;AGENZIA ANSA - AGENZIA NAZIONALE STAMPA ASSOCIATA - SOCIETA COOPERATIVA;ANSA;IT;PRC;participant;188750,00
101094665;HORIZON;2023;999903646;UNIVERZA V MARIBORU;UM;SI;HES;participant;325000,00
101094665;HORIZON;2023;937663402;VEREIN DER EUROPAISCHEN BURGEWISSENSCHAFTEN - ECSA EV;EUROPEAN CITIZEN SCIENCE ASSOCIATION;DE;REC;participant;180000,00
101094665;HORIZON;2023;949649207;LIBERA UNIVERSITA MARIA SANTISSIMAASSUNTA;LIBERA UNIVERSITA MARIA SS ASSUNTA;IT;HES;participant;228750,00
101094665;HORIZON;2023;999985805;UNIVERSITEIT UTRECHT;UU;NL;HES;coordinator;190538,13
101094665;HORIZON;2023;890178022;BRAND MEDIA BULGARIA EOOD;BRAND MEDIA BULGARIA;BG;PRC;participant;128750,00
101094665;HORIZON;2023;999899572;UNIVERSIDAD CARLOS III DE MADRID;UC3M;ES;HES;participant;221250,00
101094665;HORIZON;2023;999985708;UNIVERSITEIT VAN AMSTERDAM;UvA;NL;HES;participant;515711,87
101094665;HORIZON;2023;999661437;CONSORZIO INTERUNIVERSITARIO NAZIONALE PER L'INFORMATICA;CINI;IT;HES;participant;287500,00
101094766;HORIZON;2023;997686323;DIPF LEIBNIZ-INSTITUT FÜR BILDUNGSFORSCHUNG UND BILDUNGSINFORMATION;;DE;HES;coordinator;337500,00
101094766;HORIZON;2023;956152281;UNIVERSIDAD INTERNACIONAL DE LA RIOJA SA;UNIR;ES;HES;participant;407072,50
101094766;HORIZON;2023;999838947;UNIVERSITY OF GREATER MANCHESTER;;UK;HES;associatedPartner;0,00
101094766;HORIZON;2023;996260035;SERIOUS GAMES INTERACTIVE APS;Serious Games Interactive;DK;PRC;participant;429000,00
101094766;HORIZON;2023;885311823;PLAYMOB LIMITED;PLAYMOB;UK;PRC;associatedPartner;0,00
101094766;HORIZON;2023;999821487;NOORDWES-UNIVERSITEIT;NWU;ZA;HES;associatedPartner;0,00
101094766;HORIZON;2023;999821002;BEIJING NORMAL UNIVERSITY;BNU;CN;HES;associatedPartner;0,00
101094766;HORIZON;2023;940719872;ZENTRUM FUR SOZIALE INNOVATION GMBH;Zentrum fuer Soziale Innovation GmbH;AT;REC;participant;427250,00
101094766;HORIZON;2023;996511750;FREDERICK UNIVERSITY FU;FREDERICK UNIVERSITY FU;CY;HES;participant;143125,00
101094073;HORIZON;2023;999577532;HELLENIC CENTRE FOR MARINE RESEARCH;;EL;REC;participant;206375,00
101094073;HORIZON;2023;877275858;XJENZA MALTA;SCIENCE MALTA;MT;PUB;participant;85851,47
101094073;HORIZON;2023;999991722;AGENCIA ESTATAL CONSEJO SUPERIOR DE INVESTIGACIONES CIENTIFICAS;CSIC;ES;REC;participant;125167,50
101094073;HORIZON;2023;998165018;FVA SAS DI LOUIS FERRINI & C;FVA new media research;IT;PRC;participant;306625,00
101094073;HORIZON;2023;892326281;CONFERENCE DES REGIONS PERIPHERIQUES MARITIMES D EUROPE;;FR;OTH;participant;160000,00
101094073;HORIZON;2023;999979500;CONSIGLIO NAZIONALE DELLE RICERCHE;CNR;IT;REC;coordinator;428047,50
101094073;HORIZON;2023;914402220;FONDAZIONE WWF MEDITERRANEAN;;IT;OTH;participant;141125,00
101094073;HORIZON;2023;987180059;AGENCIA DE RESIDUS DE CATALUNYA;ARC;ES;PUB;participant;233625,00
101094073;HORIZON;2023;999630300;INSTITUT FRANCAIS DE RECHERCHE POUR L'EXPLOITATION DE LA MER;;FR;REC;participant;220918,75
101094073;HORIZON;2023;887286646;ASSOCIATION LA SAISON BLEUE;Association La Saison Bleue;TN;OTH;participant;170000,00
101094073;HORIZON;2023;891709846;SDG4MED - Sustainable Development Goal for the Mediterranean;;IT;OTH;participant;119875,00
101094073;HORIZON;2023;911291818;MEDCITIES - MEDCITES;;ES;OTH;participant;152981,00
101094073;HORIZON;2023;947567102;MINISTERU GHALL-EDUKAZZJONI, L-ISPORT,  IZ-ZGHAZAGH, IR-RICERKA U L-INNOVAZZJONI;MINISTRY FOR EDUCATION, SPORT, YOUTH, RESEARCH AND INNOVATION;MT;PUB;participant;12543,53
101094073;HORIZON;2023;891880954;MEDCRUISE ASSOCIATION;;ES;OTH;participant;66087,50
101094073;HORIZON;2023;916526132;ECORYS ESPANA SL;ECORYS ES;ES;PRC;participant;219500,00
101094073;HORIZON;2023;896109863;UNION MEDITERRANEENNE DES CONFEDERATIONS D'ENTREPRISES;BUSINESSMED UMCE;TN;OTH;participant;210750,00
101094073;HORIZON;2023;999643492;MIDDLE EAST TECHNICAL UNIVERSITY;METU;TR;HES;participant;140625,00
101099283;HORIZON;2023;952237749;NAZKA MAPPS BVBA;NAZKA;BE;PRC;participant;171500,00
101099283;HORIZON;2023;999980664;UNIVERSITE CATHOLIQUE DE LOUVAIN;UCLouvain;BE;HES;participant;664750,00
101099283;HORIZON;2023;998190238;AVIA-GIS NV;Avia-GIS;BE;PRC;participant;401250,00
101099283;HORIZON;2023;999991722;AGENCIA ESTATAL CONSEJO SUPERIOR DE INVESTIGACIONES CIENTIFICAS;CSIC;ES;REC;participant;440750,00
101099283;HORIZON;2023;998308190;INSTITUTO NACIONAL DE SAUDE DR. RICARDO JORGE;;PT;REC;participant;401000,00
101099283;HORIZON;2023;935861045;IRIDEON SL;IRIDEON S.L.;ES;PRC;coordinator;757500,00
101099283;HORIZON;2023;983180264;Agencia de Salut Publica de Barcelona;ASPB;ES;PUB;participant;161750,00
101106282;HORIZON;2024;947835404;MUSEE DES CIVILISATIONS DE L'EUROPE ET DE LA MEDITERRANEE;MUCEM;FR;PUB;associatedPartner;0,00
101106282;HORIZON;2024;955518483;UNIVERSITE D'AIX MARSEILLE;AMU;FR;HES;coordinator;264693,60
101110202;HORIZON;2023;999902870;UNIVERSITEIT ANTWERPEN;UANTWERPEN;BE;HES;coordinator;191760,00
101110202;HORIZON;2023;879509865;FONDAZIONE PIETRO GIACOMO RUSCONI,VILLA GHIGI, PER L'INNOVAZIONE URBANA;;IT;OTH;associatedPartner;0,00
101113001;HORIZON;2023;999484024;PLYMOUTH MARINE LABORATORY LIMITED;PML;UK;REC;associatedPartner;0,00
101113001;HORIZON;2023;929081133;CONSERVATION EDUCATION AND RESEARCH TRUST;Earthwatch;UK;REC;associatedPartner;0,00
101113001;HORIZON;2023;999991722;AGENCIA ESTATAL CONSEJO SUPERIOR DE INVESTIGACIONES CIENTIFICAS;CSIC;ES;REC;coordinator;424812,50
101113001;HORIZON;2023;998046775;National Marine Aquarium Ltd.;National Marine Aquarium;UK;OTH;associatedPartner;0,00
101113001;HORIZON;2023;999844961;KAUNO TECHNOLOGIJOS UNIVERSITETAS;UNIVERSITY OF TECHNOLOGY, KAUNAS;LT;HES;participant;321250,00
101113001;HORIZON;2023;999928478;INOVA+ - INNOVATION SERVICES, SA;INOVA+;PT;PRC;participant;1046500,00
101111515;HORIZON;2024;991142024;COMITE EUROPEEN DE COORDINATION DE L'HABITAT SOCIAL AISBL;CECODHAS;BE;OTH;associatedPartner;0,00
101111515;HORIZON;2024;998622567;Iscte - Instituto Universitário de Lisboa;Iscte;PT;HES;coordinator;356093,04
101111515;HORIZON;2024;999973971;ECOLE POLYTECHNIQUE FEDERALE DE LAUSANNE;EPFL;CH;HES;associatedPartner;0,00
101111515;HORIZON;2024;929514238;urbaMonde;Association urbaMonde;CH;OTH;associatedPartner;0,00
101107324;HORIZON;2023;999595380;UNIVERSITA' DEGLI STUDI DI BERGAMO;;IT;HES;coordinator;188590,08
101096539;HORIZON;2024;999897826;UNIVERSITY OF HAIFA;UH;IL;HES;coordinator;3496176,00
101112869;HORIZON;2023;889499119;RE SOIL FOUNDATION;;IT;OTH;participant;236250,00
101112869;HORIZON;2023;999522339;UNIVERSITATEA STEFAN CEL MARE DIN SUCEAVA;UNIVERSITY STEFAN CEL MARE SUCEAVA;RO;HES;participant;100000,00
101112869;HORIZON;2023;915056194;FCIENCIAS.ID - ASSOCIACAO PARA A INVESTIGACAO E DESENVOLVIMENTO DE CIENCIAS;FC.ID;PT;REC;participant;89375,00
101112869;HORIZON;2023;966626341;THE JAMES HUTTON INSTITUTE;THE JAMES HUTTON INSTITUTE;UK;REC;associatedPartner;0,00
101112869;HORIZON;2023;971828451;AMERICAN FARM SCHOOL POST SECONDARY EDUCATIONAL AND TRAINING ASSOCIATION;PERROTIS COLLEGE;EL;HES;participant;396406,25
101112869;HORIZON;2023;876479488;AGROHORTI MEDIA SPOLKA Z OGRANICZONA ODPOWIEDZIALNOSCIA;AGROHORTI MEDIA SP. Z O.O.;PL;PRC;participant;200237,29
101112869;HORIZON;2023;952410118;FUNDACION IBERCIVIS;;ES;REC;participant;601250,00
101112869;HORIZON;2023;889819704;QUANTA SYSTEMS SL;QUANTA LABS;ES;PRC;participant;461875,00
101112869;HORIZON;2023;999858832;UNIVERSIDAD DE EXTREMADURA;UEx;ES;HES;participant;183827,50
101112869;HORIZON;2023;896510958;PLANTPRESS SPOLKA Z OGRANICONA ODPOWIEDZIALNOSCIA;;PL;PRC;participant;51637,71
101112869;HORIZON;2023;999853982;LIBERA UNIVERSITA DI BOLZANO;UNIBZ;IT;HES;coordinator;1509500,00
101112869;HORIZON;2023;999857377;FACULDADE DE CIENCIAS DA UNIVERSIDADE DE LISBOA;CIENCIAS ULISBOA;PT;HES;thirdParty;46562,50
101112869;HORIZON;2023;999993953;ALMA MATER STUDIORUM - UNIVERSITA DI BOLOGNA;UNIBO;IT;HES;participant;354812,50
101112869;HORIZON;2023;909956419;SOLUTOPUS  - RECURSOS EDESENVOLVIMENTO LDA;SOLUTOPUS;PT;PRC;participant;125000,00
101112869;HORIZON;2023;935188835;AMBIENTA INGENIERIA Y SERVICIOS AGRARIOS Y FORESTALES SL;AMBIENTA;ES;PRC;participant;115641,25
101112869;HORIZON;2023;991207984;ITA-SUOMEN YLIOPISTO;UNIVERSITY OF EASTERN FINLAND (UEF);FI;HES;participant;267500,00
101112869;HORIZON;2023;999901900;UNIVERSITAET HOHENHEIM;;DE;HES;participant;604375,00
101112752;HORIZON;2023;891431650;OCEAN ECOSTRUCTURES;OE;ES;PRC;participant;952875,00
101112752;HORIZON;2023;911579714;FEDERAZIONE ITALIANA PARCHI E RISERVE NATURALI;FEDERPARCHI;IT;OTH;participant;393125,00
101112752;HORIZON;2023;997786136;UKRAINIAN SCIENTIFIC CENTRE OF ECOLOGY OF THE SEA;UkrSCES;UA;REC;participant;109375,00
101112752;HORIZON;2023;999482569;INSTITUTE OF OCEANOLOGY BAS;IO-BAS;BG;REC;participant;112500,00
101112752;HORIZON;2023;999577532;HELLENIC CENTRE FOR MARINE RESEARCH;;EL;REC;participant;259375,00
101112752;HORIZON;2023;900972764;DHI A/S;DHI;DK;OTH;participant;406625,00
101112752;HORIZON;2023;905390338;SPOTTERON GMBH;SPOTTERON;AT;PRC;participant;253531,25
101112752;HORIZON;2023;999995893;IDRYMA TECHNOLOGIAS KAI EREVNAS;FOUNDATION FOR RESEARCH AND TECHNOLOGYHELLAS;EL;REC;participant;399875,00
101112752;HORIZON;2023;950506687;LEIBNIZ-INSTITUT FUR OSTSEEFORSCHUNG WARNEMUNDE;IOW;DE;OTH;participant;326125,00
101112752;HORIZON;2023;999991722;AGENCIA ESTATAL CONSEJO SUPERIOR DE INVESTIGACIONES CIENTIFICAS;CSIC;ES;REC;participant;700125,00
101112752;HORIZON;2023;885939122;FJORDSTRONG LIMITED;;UK;PRC;associatedPartner;0,00
101112752;HORIZON;2023;900885658;F6S NETWORK IRELAND LIMITED;F6S IE;IE;PRC;participant;243906,25
101112752;HORIZON;2023;899786163;CMMI CYPRUS MARINE AND MARITIME INSTITUTE;;CY;REC;participant;440000,00
101112752;HORIZON;2023;884918876;GPASEABOTS SL;;ES;PRC;participant;474906,25
101112752;HORIZON;2023;884984157;CORAL SOUL;;ES;OTH;participant;432000,00
101112752;HORIZON;2023;998621694;MARIENE INFORMATIE SERVICE MARIS BV;MARIS;NL;PRC;participant;252437,50
101112752;HORIZON;2023;972774492;ASOCIACION CENTRO TECNOLOGICO NAVAL Y DEL MAR;CTN Innovative solutions;ES;REC;coordinator;828125,00
101112752;HORIZON;2023;891615562;FONDAZIONE ONE OCEAN;;IT;OTH;participant;375256,25
101112752;HORIZON;2023;928030235;FUNDACIO EURECAT;EURECAT;ES;REC;participant;526911,00
101112752;HORIZON;2023;884928285;IMPACT2DAY B.V.;;NL;PRC;participant;225750,00
101112752;HORIZON;2023;991672808;ETT SPA;ETT;IT;PRC;participant;247625,00
101112752;HORIZON;2023;897183556;SEASTAINABLE VENTURES SL;;ES;PRC;participant;236687,50
101112736;HORIZON;2023;885594481;ESZAK-MAGYARORSZAGI VIZUGYI IGAZGATOSAG;NORTH HUNGARIAN WATER DIRECTORATE;HU;PUB;participant;68500,00
101112736;HORIZON;2023;997225185;INSTITUT ZA VODE REPUBLIKE SLOVENIJE;IZVRS;SI;PUB;participant;122500,00
101112736;HORIZON;2023;891679582;KOZEP-TISZA-VIDEKI VIZUGYI IGAZGATOSAG;MIDDLE TISZA DISTRICT WATER DIRECTORATE;HU;PUB;participant;146625,00
101112736;HORIZON;2023;986994013;UNIVERZITET U NOVOM SADU, POLJOPRIVREDNI FAKULTET NOVI SAD;UNIVERSITY OF NOVI SAD, FACULTY OF AGRICULTURE;RS;HES;participant;135000,00
101112736;HORIZON;2023;999603916;UNIVERSITATEA DIN BUCURESTI;UB;RO;HES;coordinator;753750,00
101112736;HORIZON;2023;893396773;BROZ OCHRANARSKE ZDRUZENIE;BROZ – conservation association;SK;OTH;participant;366750,00
101112736;HORIZON;2023;972472240;INSTITUTUL NATIONAL DE CERCETARE-DEZVOLTARE DELTA DUNARII;INCDDD;RO;REC;participant;511000,00
101112736;HORIZON;2023;997972764;VIA DONAU OSTERREICHISCHE WASSERSTRASSEN GESELLSCHAFT MBH;VIA DONAU;AT;PRC;participant;179375,00
101112736;HORIZON;2023;999927120;FORSCHUNGSVERBUND BERLIN EV;;DE;REC;participant;752875,00
101112736;HORIZON;2023;997718624;University of Novi Sad Faculty of Sciences;UNSPMF;RS;HES;participant;191080,00
101112736;HORIZON;2023;959320495;ASOCIATIA WWF ROMANIA;WWF Romania;RO;OTH;participant;227750,00
101112736;HORIZON;2023;973870204;SVEUCILISTE JOSIPA JURJA STROSSMAYERA U OSIJEKU;UNIOS;HR;HES;participant;71500,00
101112736;HORIZON;2023;999879784;UNIVERSITATEA DUNAREA DE JOS DIN GALATI;UDJG;RO;HES;participant;218340,00
101112736;HORIZON;2023;999887641;SOFIA UNIVERSITY ST KLIMENT OHRIDSKI;UNISOFIA;BG;HES;participant;92500,00
101112736;HORIZON;2023;999628457;ADMINISTRATIA NATIONALA DE METEOROLOGIE R.A.;ANM;RO;PUB;participant;225000,00
101112736;HORIZON;2023;999994632;HELMHOLTZ-ZENTRUM FUR UMWELTFORSCHUNG GMBH - UFZ;;DE;REC;participant;341250,00
101112736;HORIZON;2023;997154666;KATHOLISCHE UNIVERSITAT EICHSTATT-INGOLSTADT;KUEI;DE;HES;participant;1073375,00
101112736;HORIZON;2023;999991722;AGENCIA ESTATAL CONSEJO SUPERIOR DE INVESTIGACIONES CIENTIFICAS;CSIC;ES;REC;participant;180000,00
101112736;HORIZON;2023;999461617;INSTITUTUL NATIONAL DE CERCETARE DEZVOLTARE PENTRU GEOLOGIE SI GEOECOLOGIE MARINA - GEOECOMAR;NATIONAL RESEARCH DEVELOPMENT INSTITUTE MARINE;RO;REC;participant;140000,00
101112736;HORIZON;2023;995549995;UNIVERZITET U SARAJEVU;UNSA;BA;HES;participant;197500,00
101112736;HORIZON;2023;968018291;FUNDATIA CENTRUL NATIONAL PENTRU DEZVOLTARE DURABILA;CNDD;RO;REC;participant;510000,00
101112736;HORIZON;2023;900885658;F6S NETWORK IRELAND LIMITED;F6S IE;IE;PRC;participant;285687,50
101112736;HORIZON;2023;999903937;INSTITUTE OF LANDSCAPE ECOLOGY OF THE SLOVAK ACADEMY OF SCIENCES, public research institution;;SK;HES;participant;159375,00
101112736;HORIZON;2023;999987357;UNIVERSITAET FUER BODENKULTUR WIEN;BOKU;AT;HES;participant;510250,00
101112736;HORIZON;2023;974642324;NATIONAL INSTITUTE OF GEOPHYSICS GEODESY AND GEOGRAPHY - BULGARIAN ACADEMY OF SCIENCES;NIGGG BAS;BG;REC;participant;86500,00
101112736;HORIZON;2023;925666345;POKRAJINSKI ZAVOD ZA ZASTITU PRIRODE;INSTITUTE FOR NATURE CONSERVATION OF VOJVODINA PROVINCE;RS;PUB;participant;58500,00
101112736;HORIZON;2023;999836328;JAVNA USTANOVA UNIVERZITET CRNE GORE PODGORICA;UOM;ME;HES;participant;62500,00
101112736;HORIZON;2023;999808392;PRIRODNO MATEMATICKI FAKULTET;FACULTY OF SCIENCES AND MATHEMATICS UNIVERSITY OF NIS FSM;RS;HES;participant;398773,75
101112736;HORIZON;2023;946984326;ARCHIPELAGOS INSTITOUTO THALASSIAS PROSTASIAS;ARCHIPELAGOS INSTITUTE OF MARINE CONSERVATION;EL;REC;participant;120385,00
101112736;HORIZON;2023;943340812;LUDOVIKA UNIVERSITY OF PUBLIC SERVICE;NATIONAL UNIVERSITY OF PUBLIC SERVICE NATIONALE UNIVERSITAT FUR OFFENTLICHEN DIENST UNIVERSITE NATIONALE DE SE;HU;HES;participant;68500,00
101112736;HORIZON;2023;891929939;MINISTERUL MEDIULUI, APELOR SI PADURILOR;MINISTRY OF ENVIRONMENT, WATER AND FORESTS;RO;PUB;participant;45500,00
101082004;HORIZON;2023;999867077;UNIVERSIDAD POMPEU FABRA;UPF;ES;HES;participant;558916,66
101082004;HORIZON;2023;891716248;ASOCIACION TURSIOPS;TURSIOPS;ES;REC;participant;211250,00
101082004;HORIZON;2023;870769874;INSTITUT GOLEMI DANNI V POLZA NA INTELIGENTNOTO OBSHTESTVO;BIG DATA FOR SMART SOCIETY GATE;BG;HES;participant;246452,91
101082004;HORIZON;2023;999878911;UNIVERSITY OF GHANA;;GH;HES;participant;119250,00
101082004;HORIZON;2023;999645238;VLAAMSE INSTELLING VOOR TECHNOLOGISCH ONDERZOEK N.V.;VITO;BE;REC;participant;690722,50
101082004;HORIZON;2023;999871636;DOKUZ EYLUL UNIVERSITESI;DOKUZ EYLUL UNIVERSITY;TR;HES;participant;665800,00
101082004;HORIZON;2023;999643007;ETHNIKO KAI KAPODISTRIAKO PANEPISTIMIO ATHINON;UOA;EL;HES;participant;338676,75
101082004;HORIZON;2023;999887641;SOFIA UNIVERSITY ST KLIMENT OHRIDSKI;UNISOFIA;BG;HES;participant;171942,34
101082004;HORIZON;2023;998783296;UNIVERSITY OF DAR ES SALAAM;UNIVERSITY OF DAR ES SALAAM;TZ;HES;participant;126250,00
101082004;HORIZON;2023;999991043;KOBENHAVNS UNIVERSITET;UCPH;DK;HES;participant;736750,00
101082004;HORIZON;2023;995998038;INSTITUTE OF MARINE BIOLOGY OF THE NAS OF UKRAINE;IMB NAS UKRAINE;UA;REC;participant;309616,78
101082004;HORIZON;2023;931626122;AKDENIZ KORUMA DERNEGI;;TR;OTH;participant;165375,00
101082004;HORIZON;2023;888915082;The Regents of the Univ. of Calif., U.C. San Diego.;;US;HES;associatedPartner;0,00
101082004;HORIZON;2023;998346408;Liga para a Protecção da Natureza;LPN;PT;OTH;participant;195430,74
101082004;HORIZON;2023;999894916;UNIVERSIDADE DO PORTO;U PORTO;PT;HES;participant;330612,61
101082004;HORIZON;2023;999896856;ATHENS UNIVERSITY OF ECONOMICS AND BUSINESS - RESEARCH CENTER;AUEB-RC;EL;HES;participant;324375,00
101082004;HORIZON;2023;999866689;UNIVERSITA POLITECNICA DELLE MARCHE;UNIVPM;IT;HES;participant;511039,39
101082004;HORIZON;2023;996840968;INEGI - INSTITUTO DE CIENCIA E INOVACAO EM ENGENHARIA MECANICA E ENGENHARIA INDUSTRIAL;INEGI;PT;REC;participant;523569,13
101082004;HORIZON;2023;999977851;NORGES TEKNISK-NATURVITENSKAPELIGE UNIVERSITET NTNU;NTNU;NO;HES;coordinator;2458680,53
101082004;HORIZON;2023;999981925;GOETEBORGS UNIVERSITET;UGOT - GOETEBORGS UNIVERSITET/UNIVERSITY OF GOTHENBURG;SE;HES;participant;389178,58
101082004;HORIZON;2023;893404242;SYNPLAN AS;;NO;PRC;participant;614125,00
101094822;HORIZON;2023;997718624;University of Novi Sad Faculty of Sciences;UNSPMF;RS;HES;participant;314075,00
101094822;HORIZON;2023;999542321;UNIVERSITAT FUR ANGEWANDTE KUNST WIEN;UAAV;AT;HES;participant;581200,00
101094822;HORIZON;2023;946378464;SVEUCILISTE U SPLITU, UMJETNICKA AKADEMIJA;UNIVERSITY OF SPLIT ARTS ACADEMY;HR;HES;participant;323137,50
101094822;HORIZON;2023;999591403;HERITAGE MALTA;Heritage Malta;MT;PUB;participant;314187,50
101094822;HORIZON;2023;995549995;UNIVERZITET U SARAJEVU;UNSA;BA;HES;coordinator;677437,50
101094822;HORIZON;2023;999849326;INSTITUT MINES-TELECOM;;FR;HES;participant;122625,00
101094822;HORIZON;2023;940719872;ZENTRUM FUR SOZIALE INNOVATION GMBH;Zentrum fuer Soziale Innovation GmbH;AT;REC;participant;418437,50
101094822;HORIZON;2023;948824319;UNIVERZITET DONJA GORICA PODGORICA;UDG;ME;HES;participant;264712,50
101094822;HORIZON;2023;998517031;STIFTUNG PREUSSISCHER KULTURBESITZ;SPK;DE;REC;participant;356875,00
101123091;HORIZON;2023;999842245;JYVASKYLAN YLIOPISTO;UNIVERSITY OFJYVASKYLAN;FI;HES;coordinator;150000,00
101130751;HORIZON;2024;999923240;UNIVERZA V LJUBLJANI;UL;SI;HES;coordinator;171399,36
101131696;HORIZON;2024;888059833;OUTBE SRL SOCIETA BENEFIT;;IT;PRC;participant;213750,00
101131696;HORIZON;2024;929853350;IDEAS 3493 SL;IFC;ES;PRC;participant;245000,00
101131696;HORIZON;2024;929081133;CONSERVATION EDUCATION AND RESEARCH TRUST;Earthwatch;UK;REC;participant;307500,00
101131696;HORIZON;2024;998415084;EUN PARTNERSHIP AISBL;;BE;OTH;participant;165375,00
101131696;HORIZON;2024;999452596;INTERNATIONALES INSTITUT FUER ANGEWANDTE SYSTEMANALYSE;IIASA;AT;REC;participant;253750,00
101131696;HORIZON;2024;999928478;INOVA+ - INNOVATION SERVICES, SA;INOVA+;PT;PRC;coordinator;300250,00
101131109;HORIZON;2023;999986096;UNIVERSITEIT GENT;UGent;BE;HES;participant;110400,00
101131109;HORIZON;2023;900522587;GEOUNIVERSITY OU;;EE;PRC;participant;0,00
101131109;HORIZON;2023;999995893;IDRYMA TECHNOLOGIAS KAI EREVNAS;FOUNDATION FOR RESEARCH AND TECHNOLOGYHELLAS;EL;REC;coordinator;151800,00
101131109;HORIZON;2023;952966704;HELLENIC SOCIETY FOR THE PROTECTION OF NATURE;HSPN;EL;OTH;participant;82800,00
101131109;HORIZON;2023;913534264;J&G ENGINEERING & ARCHITECTURE LTD;;CY;PRC;participant;119600,00
101131109;HORIZON;2023;954983722;IST-ID ASSOCIACAO DO INSTITUTO SUPERIOR TECNICO PARA A INVESTIGACAO E O DESENVOLVIMENTO;IST ID;PT;REC;participant;0,00
101131109;HORIZON;2023;875212765;CASAL DO GAVIÃO DO MEIO - SOCIEDADE AGRICOLA, AGRO-FLORESTAL, UNIPESSOAL, LDA;;PT;PRC;participant;9200,00
101131109;HORIZON;2023;943294737;GEOSYSTEMS HELLAS IT KAI EFARMOGESGEOPLIROFORIAKON SYSTIMATON ANONIMIETAIREIA;;EL;PRC;participant;156400,00
101131109;HORIZON;2023;999987745;UNIVERSITA DEGLI STUDI DI ROMA LA SAPIENZA;UNIROMA1;IT;HES;participant;110400,00
101131109;HORIZON;2023;999992983;INSTITUTO SUPERIOR TECNICO;IST;PT;HES;participant;110400,00
101131109;HORIZON;2023;999862518;UNIVERSIDAD DE SEVILLA;USE;ES;HES;participant;64400,00
101132113;HORIZON;2024;999603916;UNIVERSITATEA DIN BUCURESTI;UB;RO;HES;participant;109875,00
101132113;HORIZON;2024;999643007;ETHNIKO KAI KAPODISTRIAKO PANEPISTIMIO ATHINON;UOA;EL;HES;participant;137312,50
101132113;HORIZON;2024;999986290;UNIVERSITE LIBRE DE BRUXELLES;ULB;BE;HES;participant;219468,75
101132113;HORIZON;2024;996854451;MUSEUM FUR NATURKUNDE - LEIBNIZ-INSTITUT FUR EVOLUTIONS- UND BIODIVERSITATSFORSCHUNG AN DER HUMBOLDT-UNIVERSITAT ZU BERLIN;MFN;DE;REC;participant;113695,00
101132113;HORIZON;2024;966696472;PROTISVALOR MEDITERRANEE SAS;PVM;FR;PRC;thirdParty;0,00
101132113;HORIZON;2024;955518483;UNIVERSITE D'AIX MARSEILLE;AMU;FR;HES;participant;138298,75
101132113;HORIZON;2024;999991916;EBERHARD KARLS UNIVERSITAET TUEBINGEN;UT;DE;HES;participant;155687,50
101132113;HORIZON;2024;999861354;UNIVERSIDAD AUTONOMA DE MADRID;UAM;ES;HES;coordinator;499750,00
101132113;HORIZON;2024;999987745;UNIVERSITA DEGLI STUDI DI ROMA LA SAPIENZA;UNIROMA1;IT;HES;participant;124500,00
101131765;HORIZON;2024;999977172;THE CHANCELLOR MASTERS AND SCHOLARS OF THE UNIVERSITY OF CAMBRIDGE;;UK;HES;participant;876963,00
101131765;HORIZON;2024;999876195;PANNON EGYETEM;UNIVERSITY OF PANNONIA;HU;HES;associatedPartner;0,00
101131765;HORIZON;2024;999986096;UNIVERSITEIT GENT;UGent;BE;HES;participant;1848034,25
101131765;HORIZON;2024;999983962;RHEINISCH-WESTFAELISCHE TECHNISCHE HOCHSCHULE AACHEN;RWTH AACHEN;DE;HES;participant;463405,00
101131765;HORIZON;2024;999849811;UNIVERSITE DE PAU ET DES PAYS DE L'ADOUR;;FR;HES;participant;464355,00
101131765;HORIZON;2024;999882015;UNIVERSIDAD DE GRANADA;UGR;ES;HES;participant;257037,00
101131765;HORIZON;2024;999842245;JYVASKYLAN YLIOPISTO;UNIVERSITY OFJYVASKYLAN;FI;HES;participant;19351,25
101131765;HORIZON;2024;999873091;VYSOKE UCENI TECHNICKE V BRNE;BRNO UNIVERSITY OF TECHNOLOGY;CZ;HES;participant;1467500,75
101131765;HORIZON;2024;999994341;GFZ HELMHOLTZ-ZENTRUM FUR GEOFORSCHUNG;GFZ;DE;REC;participant;717540,00
101131765;HORIZON;2024;971506411;CURTIN UNIVERSITY;CURTIN UNIVERSITY;AU;HES;participant;579595,00
101131765;HORIZON;2024;999987454;UNIVERSITAET BREMEN;UBREMEN;DE;HES;participant;302500,25
101131765;HORIZON;2024;999975814;UNIVERSITETET I OSLO;UNIVERSITY OF OSLO;NO;HES;participant;515523,75
101131765;HORIZON;2024;999894916;UNIVERSIDADE DO PORTO;U PORTO;PT;HES;participant;253790,00
101131765;HORIZON;2024;999583934;TECHNISCHE UNIVERSITAET BERGAKADEMIE FREIBERG;TU BAF;DE;HES;participant;731100,00
101131765;HORIZON;2024;999527092;ZAVOD ZA GRADBENISTVO SLOVENIJE;ZAG LJUBLJANA;SI;REC;participant;20310,00
101131765;HORIZON;2024;999985805;UNIVERSITEIT UTRECHT;UU;NL;HES;coordinator;4290334,00
101131765;HORIZON;2024;999472675;ISTITUTO NAZIONALE DI GEOFISICA E VULCANOLOGIA;;IT;REC;participant;171501,25
101131765;HORIZON;2024;999997930;CENTRE NATIONAL DE LA RECHERCHE SCIENTIFIQUE CNRS;CNRS;FR;REC;participant;99497,75
101131765;HORIZON;2024;999977851;NORGES TEKNISK-NATURVITENSKAPELIGE UNIVERSITET NTNU;NTNU;NO;HES;participant;155937,00
101131765;HORIZON;2024;999470541;HELMHOLTZ-ZENTRUM DRESDEN-ROSSENDORF EV;HZDR;DE;REC;participant;338653,00
101131765;HORIZON;2024;999974941;THE UNIVERSITY OF EDINBURGH;UEDIN;UK;HES;participant;119057,50
101131765;HORIZON;2024;999977366;TECHNISCHE UNIVERSITEIT DELFT;TU Delft;NL;HES;participant;668300,00
101132481;HORIZON;2024;998263958;STICHTING EUROPEANA;;NL;OTH;participant;419000,00
101132481;HORIZON;2024;883156192;ISTITUTO ITALIANO DI STUDI GERMANICI;;IT;OTH;participant;404375,00
101132481;HORIZON;2024;998208474;LAPIN YLIOPISTO;UNIVERSITY OF LAPLAND;FI;HES;participant;696575,00
101132481;HORIZON;2024;999868726;FRIEDRICH-SCHILLER-UNIVERSITÄT JENA;UNI JENA;DE;HES;participant;655200,00
101132481;HORIZON;2024;882794673;ISTITUTO CULTURALE LADINO;;IT;PUB;participant;97875,00
101132481;HORIZON;2024;906711284;STICHTING JEWISH HERITAGE NETWORK;Stichting Jewish Heritage Network;NL;OTH;participant;292812,50
101132481;HORIZON;2024;913333280;Network to Promote Linguistic Diversity (NPLD);NPLD;BE;PUB;associatedPartner;0,00
101132481;HORIZON;2024;987460001;KANSALLISARKISTO;FINNARCHIV;FI;PUB;participant;206475,00
101132481;HORIZON;2024;999456476;VIESOJI ISTAIGA LIETUVOS INOVACIJU CENTRAS;LIC;LT;PUB;participant;275000,00
101132481;HORIZON;2024;895853783;TIME MACHINE ORGANISATION (TMO)- ORGANISATION FUR INTERNATIONALE ZUSAMMENARBEIT IN TECHNOLOGIE UND WISSENSCHAFT UND KULTURELLEM ERBE;TMO;AT;REC;associatedPartner;0,00
101132481;HORIZON;2024;999647857;VILNIAUS GEDIMINO TECHNIKOS UNIVERSITETAS;VILNIUS TECH;LT;HES;coordinator;852500,00
101116504;HORIZON;2024;999989782;RIJKSUNIVERSITEIT GRONINGEN;;NL;HES;coordinator;1499952,50
101132442;HORIZON;2024;946200760;INTERNATIONAL CENTRE FOR THE STUDY OF THE PRESERVATION AND RESTORATION OF CULTURAL PROPERTY;ICCROM;IT;PUB;participant;263310,00
101132442;HORIZON;2024;999953019;UNIVERSITAT DE VALENCIA;UVEG;ES;HES;coordinator;856750,00
101132442;HORIZON;2024;999897244;UNIVERSITATEA TEHNICA CLUJ-NAPOCA;UTC;RO;HES;participant;310500,00
101132442;HORIZON;2024;984251920;ART+COM GmbH;;DE;PRC;participant;216875,00
101132442;HORIZON;2024;999734284;UNIVERSITA DEGLI STUDI DI PALERMO;UNIPA;IT;HES;participant;123725,00
101132442;HORIZON;2024;999979500;CONSIGLIO NAZIONALE DELLE RICERCHE;CNR;IT;REC;participant;396250,00
101132442;HORIZON;2024;936121975;DIADRASIS, INTERDISCIPLINARY RESEARCH ON ARCHAELOGICAL & ARCHITECTURAL CONSERVATION;DIADRASIS;EL;REC;participant;83750,00
101132442;HORIZON;2024;883434000;NATIONAL CONSERVATION AREA ST SOPHIA OF KYIV;NATIONAL CONSERVATION AREA ST SOPHIA OF KYIV;UA;PUB;participant;56093,75
101132442;HORIZON;2024;936378249;4D-IT GMBH;;AT;PRC;participant;209883,75
101132442;HORIZON;2024;998156191;SCHLOSS SCHONBRUNN KULTUR- UND BETRIEBSGESELLSCHAFT M.B.H.;SKB;AT;PRC;participant;121000,00
101132442;HORIZON;2024;873979604;UNIVERSITE BOURGOGNE EUROPE;UBE;FR;HES;participant;422600,00
101132442;HORIZON;2024;999981828;GOTTFRIED WILHELM LEIBNIZ UNIVERSITAET HANNOVER;LUH;DE;HES;participant;417078,75
101134878;HORIZON;2024;925969373;NTT DATA SPAIN SOLUCIONES TECNOLOGICAS SL;NTT DATA SPAIN SOLUCIONES TECNOLÓGICAS, S.L.U.;ES;PRC;thirdParty;44970,00
101134878;HORIZON;2024;882656933;VINESTORIES LTD;;CY;PRC;participant;81312,50
101134878;HORIZON;2024;950434810;EFOS INFORMACIJSKE RESITVE DOO;EFOSDOO;SI;PRC;participant;479150,00
101134878;HORIZON;2024;999938081;NTT DATA SPAIN, SL;NTT DATA SPAIN, S.L.U.;ES;PRC;participant;549038,75
101134878;HORIZON;2024;882565462;LAUDAV SOCIETA AGRICOLA SEMPLICE DIBRUNETTI LAURO & C;;IT;PRC;participant;153462,50
101134878;HORIZON;2024;887869713;CLEYFER MAQUINARIA AGRICOLA SL;;ES;PRC;participant;413750,00
101134878;HORIZON;2024;887735271;MASÍA EL CARMEN, S.L.;NARANJAS DEL CARMEN;ES;PRC;participant;160625,00
101134878;HORIZON;2024;901829759;SCIENCE FOR CHANGE, SL;SCIENCE FOR CHANGE;ES;PRC;participant;376775,00
101134878;HORIZON;2024;882436549;SOCIETA' AGRICOLA SAN GERVASIO DI URSO COSIMA & C. SAS;;IT;PRC;participant;157212,50
101134878;HORIZON;2024;894252701;ERATOSTHENES CENTRE OF EXCELLENCE;;CY;REC;participant;691250,00
101134878;HORIZON;2024;999993953;ALMA MATER STUDIORUM - UNIVERSITA DI BOLOGNA;UNIBO;IT;HES;participant;471846,25
101134878;HORIZON;2024;999864846;UNIVERSITAT POLITECNICA DE VALENCIA;UPV;ES;HES;coordinator;927925,00
101134878;HORIZON;2024;952328347;THE CYPRUS PHASSOURI PLANTATIONS CO. LIMITED;;CY;PRC;participant;95437,50
101134878;HORIZON;2024;913299718;CONSELLERIA DE AGRICULTURA GANADERIA Y PESCA;Conselleria de Agricultura, Desarrollo Rural, Emergencia Climática y Transición Ecológica.;ES;PUB;participant;289075,00
101135432;HORIZON;2024;999892588;DUBLIN CITY UNIVERSITY;DCU;IE;HES;participant;503948,75
101135432;HORIZON;2024;895993560;BIOPIX DNA TECHNOLOGY ANONYMI ETAIRIA;BIOPIX-T;EL;PRC;participant;350000,00
101135432;HORIZON;2024;999995893;IDRYMA TECHNOLOGIAS KAI EREVNAS;FOUNDATION FOR RESEARCH AND TECHNOLOGYHELLAS;EL;REC;coordinator;917000,00
101135432;HORIZON;2024;999975329;UNIVERSITY OF SOUTHAMPTON;SOUTHAMPTON;UK;HES;associatedPartner;0,00
101135432;HORIZON;2024;999904616;SYDDANSK UNIVERSITET;SDU;DK;HES;participant;250418,75
101135432;HORIZON;2024;898797054;NATIONAL OCEANOGRAPHY CENTRE;;UK;REC;associatedPartner;0,00
101135432;HORIZON;2024;991672808;ETT SPA;ETT;IT;PRC;participant;250000,00
101135432;HORIZON;2024;949361020;INTERSPREAD GMBH;INSP;AT;PRC;participant;199625,00
101086091;HORIZON;2024;999847871;UNIVERSITY OF PORTSMOUTH HIGHER EDUCATION CORPORATION;UoP;UK;HES;associatedPartner;0,00
101086091;HORIZON;2024;999895013;TARTU ULIKOOL;UNIVERSITY OF TARTU;EE;HES;participant;425000,00
101086091;HORIZON;2024;999902870;UNIVERSITEIT ANTWERPEN;UANTWERPEN;BE;HES;participant;362325,00
101086091;HORIZON;2024;999929739;UNIVERSIDAD DE LAS PALMAS DE GRAN CANARIA;ULPGC;ES;HES;participant;105495,00
101086091;HORIZON;2024;951501713;FUNDACION CANARIA PARQUE CIENTIFICO TECNOLOGICO DE LA UNIVERSIDAD DE LAS PALMAS DE GRAN CANARIA;FCPCT ULPG;ES;REC;thirdParty;161314,05
101086091;HORIZON;2024;999992110;STICHTING RADBOUD UNIVERSITEIT;;NL;HES;participant;276818,75
101086091;HORIZON;2024;999589269;OPEN UNIVERSITEIT NEDERLAND;OUNL;NL;HES;participant;500001,00
101086091;HORIZON;2024;999953019;UNIVERSITAT DE VALENCIA;UVEG;ES;HES;coordinator;417337,50
101086091;HORIZON;2024;881498074;KOFY;;FR;PRC;participant;265995,00
101086091;HORIZON;2024;999893267;INSTITUT NATIONAL DES SCIENCES ET INDUSTRIES DU VIVANT ET DE L'ENVIRONNEMENT - AGROPARISTECH;AGROPARISTECH;FR;HES;thirdParty;80250,00
101086091;HORIZON;2024;999557453;UNIVERSITE DE LA REUNION;UR;FR;HES;participant;266250,00
101086091;HORIZON;2024;997826585;NORSK INSTITUTT FOR VANNFORSKNING STI;NORWEGIAN INSTITUTE FOR WATER RESEARCH;NO;REC;participant;472633,75
101086091;HORIZON;2024;897067059;UNIVERSITE PARIS-SACLAY;;FR;HES;participant;250716,40
101086091;HORIZON;2024;999419422;FONDAZIONE CENTRO EURO-MEDITERRANEOSUI CAMBIAMENTI CLIMATICI;FONDAZIONE CMCC;IT;REC;participant;500750,00
101086091;HORIZON;2024;999991334;KATHOLIEKE UNIVERSITEIT LEUVEN;KU Leuven;BE;HES;participant;508500,00
101086091;HORIZON;2024;999837104;UNIVERSITE DE VERSAILLES SAINT-QUENTIN EN YVELINES;;FR;HES;thirdParty;119021,10
101086091;HORIZON;2024;986002382;URBANISTICNI INSTITUT REPUBLIKE SLOVENIJE;UIRS;SI;REC;participant;268750,00
101134575;HORIZON;2024;911633161;SEASCAPE BELGIUM;;BE;PRC;participant;702603,75
101134575;HORIZON;2024;883223704;TRANSEUROPE MARINAS;;FR;OTH;participant;254202,50
101134575;HORIZON;2024;999976105;UNIVERSITE DE LIEGE;ULIEGE;BE;HES;participant;55425,00
101134575;HORIZON;2024;905199830;COVARTEC AS;COVARTEC AS;NO;PRC;participant;427568,75
101134575;HORIZON;2024;999484024;PLYMOUTH MARINE LABORATORY LIMITED;PML;UK;REC;associatedPartner;0,00
101134575;HORIZON;2024;999478010;SUOMEN YMPARISTOKESKUS;FINNISH ENVIRONMENT INSTITUTE;FI;REC;participant;262590,00
101134575;HORIZON;2024;984286452;BROCKMANN CONSULT GMBH;BC;DE;PRC;participant;231971,25
101134575;HORIZON;2024;999577532;HELLENIC CENTRE FOR MARINE RESEARCH;;EL;REC;participant;358065,00
101134575;HORIZON;2024;999507401;HELMHOLTZ-ZENTRUM HEREON GMBH;HEREON;DE;REC;participant;744463,75
101134575;HORIZON;2024;999507983;SVERIGES METEOROLOGISKA OCH HYDROLOGISKA INSTITUT;SMHI;SE;PUB;participant;518662,50
101134575;HORIZON;2024;999461617;INSTITUTUL NATIONAL DE CERCETARE DEZVOLTARE PENTRU GEOLOGIE SI GEOECOLOGIE MARINA - GEOECOMAR;NATIONAL RESEARCH DEVELOPMENT INSTITUTE MARINE;RO;REC;participant;416736,25
101134575;HORIZON;2024;999876389;THE UNIVERSITY OF STIRLING;U STIRLING;UK;HES;associatedPartner;0,00
101134575;HORIZON;2024;999979500;CONSIGLIO NAZIONALE DELLE RICERCHE;CNR;IT;REC;participant;481035,00
101134575;HORIZON;2024;888458988;NANTES UNIVERSITE;;FR;HES;thirdParty;140270,00
101134575;HORIZON;2024;999520302;STICHTING DELTARES;Deltares;NL;REC;coordinator;1268090,00
101134575;HORIZON;2024;898055586;+ATLANTIC ASSOCIACAO PARA UM LABORATORIO COLABORATIVO DO ATLANTICO;;PT;REC;participant;336672,50
101134575;HORIZON;2024;999630300;INSTITUT FRANCAIS DE RECHERCHE POUR L'EXPLOITATION DE LA MER;;FR;REC;participant;721026,25
101134575;HORIZON;2024;972682342;UNIVERSITE DU LITTORAL;UNIVERSITE DU LITTORAL - COTE D'OPALE;FR;HES;thirdParty;149478,75
101134575;HORIZON;2024;998621694;MARIENE INFORMATIE SERVICE MARIS BV;MARIS;NL;PRC;participant;465931,25
101134575;HORIZON;2024;991672808;ETT SPA;ETT;IT;PRC;participant;520378,75
101134575;HORIZON;2024;999997930;CENTRE NATIONAL DE LA RECHERCHE SCIENTIFIQUE CNRS;CNRS;FR;REC;participant;122812,50
101134575;HORIZON;2024;905860788;NORCE RESEARCH AS;NORCE;NO;REC;participant;230782,50
101134575;HORIZON;2024;909875521;SORBONNE UNIVERSITE;;FR;HES;thirdParty;28255,00
101134954;HORIZON;2024;999645238;VLAAMSE INSTELLING VOOR TECHNOLOGISCH ONDERZOEK N.V.;VITO;BE;REC;participant;869586,25
101134954;HORIZON;2024;996403886;WCMC LBG;WCMC;UK;REC;associatedPartner;0,00
101134954;HORIZON;2024;999901318;LUNDS UNIVERSITET;;SE;HES;participant;355117,50
101134954;HORIZON;2024;999478010;SUOMEN YMPARISTOKESKUS;FINNISH ENVIRONMENT INSTITUTE;FI;REC;coordinator;938141,25
101134954;HORIZON;2024;984286452;BROCKMANN CONSULT GMBH;BC;DE;PRC;participant;378953,75
101134954;HORIZON;2024;999900833;UNIVERSITEIT TWENTE;UNIVERSITEIT TWENTE;NL;HES;participant;881562,50
101134954;HORIZON;2024;963746411;BROCKMANN GEOMATICS SWEDEN AB;BROCKMANN GEOMATICS;SE;PRC;participant;263036,25
101134954;HORIZON;2024;999976396;UNIVERSITAT ZURICH;UZH;CH;HES;associatedPartner;0,00
101134954;HORIZON;2024;998303631;PENSOFT PUBLISHERS;PENSOFT;BG;PRC;participant;299750,00
101134954;HORIZON;2024;999997930;CENTRE NATIONAL DE LA RECHERCHE SCIENTIFIQUE CNRS;CNRS;FR;REC;participant;755742,50
101134954;HORIZON;2024;999547365;STICHTING WAGENINGEN RESEARCH;WR;NL;REC;participant;562050,00
101135203;HORIZON;2024;998213324;CENTRO DE INVESTIGACAO EM ASTRONOMIA E ASTROFISICA DA UNIVERSIDADE DOPORTO ASSOCIACAO;CAUP;PT;REC;participant;31623,75
101135203;HORIZON;2024;999992401;COMMISSARIAT A L ENERGIE ATOMIQUE ET AUX ENERGIES ALTERNATIVES;CEA;FR;REC;participant;41250,00
101135203;HORIZON;2024;999868920;ISTITUTO NAZIONALE DI ASTROFISICA;INAF;IT;REC;participant;419847,50
101135203;HORIZON;2024;999974262;UNIVERSITY OF BRISTOL;;UK;HES;associatedPartner;0,00
101135203;HORIZON;2024;999993953;ALMA MATER STUDIORUM - UNIVERSITA DI BOLOGNA;UNIBO;IT;HES;coordinator;584152,50
101135203;HORIZON;2024;999923337;THE OPEN UNIVERSITY;OU;UK;HES;associatedPartner;0,00
101133983;HORIZON;2024;941584239;SIMBIOTICA SL;SIMBIOTICA;ES;PRC;participant;426187,50
101133983;HORIZON;2024;999645238;VLAAMSE INSTELLING VOOR TECHNOLOGISCH ONDERZOEK N.V.;VITO;BE;REC;participant;377750,00
101133983;HORIZON;2024;915056194;FCIENCIAS.ID - ASSOCIACAO PARA A INVESTIGACAO E DESENVOLVIMENTO DE CIENCIAS;FC.ID;PT;REC;participant;187500,00
101133983;HORIZON;2024;996403886;WCMC LBG;WCMC;UK;REC;associatedPartner;0,00
101133983;HORIZON;2024;999518362;KONINKLIJKE NEDERLANDSE AKADEMIE VAN WETENSCHAPPEN - KNAW;KNAW;NL;REC;participant;465595,00
101133983;HORIZON;2024;906552107;NATIONAL ECOLOGICAL CENTRE OF UKRAINE;NECU;UA;OTH;participant;100000,00
101133983;HORIZON;2024;951080248;STICHTING IHE DELFT INSTITUTE FOR WATER EDUCATION;IHE DELFT;NL;REC;coordinator;1010775,00
101133983;HORIZON;2024;996328905;TRABAJOS CATASTRALES SA SOCIEDAD UNIPERSONAL;TRACASA;ES;PRC;participant;343437,50
101133983;HORIZON;2024;882888666;IRISH COASTAL ENVIRONMENT GROUP COASTWATCH;;IE;OTH;participant;416250,00
101133983;HORIZON;2024;999654162;STIFTELSEN NILU;NILU;NO;REC;participant;448377,50
101133983;HORIZON;2024;999991043;KOBENHAVNS UNIVERSITET;UCPH;DK;HES;participant;541875,00
101133983;HORIZON;2024;892635517;DREAMOCRACY;;BE;PRC;participant;177187,50
101133983;HORIZON;2024;929081133;CONSERVATION EDUCATION AND RESEARCH TRUST;Earthwatch;UK;REC;associatedPartner;0,00
101133983;HORIZON;2024;999991431;RIJKSINSTITUUT VOOR VOLKSGEZONDHEID EN MILIEU (RIVM);RIVM;NL;REC;participant;281250,00
101133983;HORIZON;2024;937663402;VEREIN DER EUROPAISCHEN BURGEWISSENSCHAFTEN - ECSA EV;EUROPEAN CITIZEN SCIENCE ASSOCIATION;DE;REC;participant;159000,00
101133983;HORIZON;2024;998880005;CENTRO DE INVESTIGACION ECOLOGICA Y APLICACIONES FORESTALES;CREAF - CERCA;ES;REC;participant;388000,00
101133983;HORIZON;2024;997826585;NORSK INSTITUTT FOR VANNFORSKNING STI;NORWEGIAN INSTITUTE FOR WATER RESEARCH;NO;REC;participant;542285,00
101133983;HORIZON;2024;913608372;STOWARZYSZENIE ALARM SMOGOWY;STOWARZYSZENIE ALARM SMOGOWY;PL;OTH;participant;206250,00
101133983;HORIZON;2024;957944453;INSTITUT D'ARQUITECTURA AVANCADA DE CATALUNYA;IAAC;ES;REC;participant;193625,00
101133983;HORIZON;2024;895315239;VERDENS SKOVE;FORESTS OF THE WORLD;DK;OTH;participant;315625,00
101133983;HORIZON;2024;986361476;NORDISK FOND FOR MILJØ OG UDVIKLING;NORDECO;DK;OTH;participant;648113,75
101082327;HORIZON;2023;913108725;FRIENDS OF THE EARTH MALTA;FoE Malta;MT;OTH;participant;111250,00
101082327;HORIZON;2023;999612161;COVENTRY UNIVERSITY;COVENTRY UNIVERSITY;UK;HES;associatedPartner;0,00
101082327;HORIZON;2023;892112687;COSTA NOSTRUM CERTIFICATION ETAIRIA PERIORISMENIS EFTHYNIS;;EL;PRC;participant;202187,50
101082327;HORIZON;2023;998841593;TERO MONOPROSOPI IKE;Tero P.C.;EL;PRC;participant;310700,00
101082327;HORIZON;2023;999426018;ANATRACK LTD;ANATRACK;UK;PRC;associatedPartner;0,00
101082327;HORIZON;2023;952410118;FUNDACION IBERCIVIS;;ES;REC;participant;140500,00
101082327;HORIZON;2023;999588978;PANEPISTIMIO KRITIS;UNIVERSITY OF CRETE;EL;HES;participant;216625,00
101082327;HORIZON;2023;999854564;UNIVERSITAET LEIPZIG;ULEI;DE;HES;participant;221000,00
101082327;HORIZON;2023;887520028;TOTAL PR BUSINESS SRL;;RO;PRC;participant;80312,50
101082327;HORIZON;2023;998802793;UNIVERZA NA PRIMORSKEM UNIVERSITA DEL LITORALE;UP;SI;HES;participant;120250,00
101082327;HORIZON;2023;887766408;C. MAMMIDES CONSULTANTS LTD;;CY;PRC;participant;158000,00
101082327;HORIZON;2023;998308481;EUROPEAN SUSTAINABLE USE GROUP;ESUG;BE;REC;coordinator;452362,50
101082327;HORIZON;2023;887857685;ATLANTIC TECHNOLOGICAL UNIVERSITY;OLLSCOIL TEICNEOLAIOCHTA AN ATLANTAIGH;IE;HES;participant;171500,00
101082327;HORIZON;2023;999929836;FUNDACION CARTIF;CARTIF;ES;REC;participant;197325,00
101082327;HORIZON;2023;996511750;FREDERICK UNIVERSITY FU;FREDERICK UNIVERSITY FU;CY;HES;participant;181250,00
101082327;HORIZON;2023;953037708;PRIVREDNA KOMORA CRNE GORE PODGORICA;PKCG;ME;PRC;participant;77200,00
101082327;HORIZON;2023;999842536;TALLINNA TEHNIKAÜLIKOOL;TALLINN UNIVERSITY OF TECHNOLOGY;EE;HES;participant;107525,00
101082327;HORIZON;2023;999863585;UNIVERSITA DEL SALENTO;UNILE;IT;HES;participant;178000,00
101082327;HORIZON;2023;998080337;ELLINOGERMANIKI AGOGI SCHOLI PANAGEA SAVVA AE;EA;EL;HES;participant;129000,00
101082327;HORIZON;2023;999974456;UNIVERSITETET I BERGEN;UiB;NO;HES;participant;230375,00
101123325;HORIZON;2024;913909751;IES R&D;IES R&D;IE;PRC;participant;331875,00
101123325;HORIZON;2024;953545600;ARDEN ENERGY LIMITED;ENERGY SOLUTIONS;IE;PRC;participant;107919,00
101123325;HORIZON;2024;887711506;VERVOORT ARCHITECTEN;;NL;PRC;participant;103271,66
101123325;HORIZON;2024;958622095;AGENZIA MOBILITA' AMBIENTE E TERRITORIO SRL;AMAT;IT;PRC;participant;111570,00
101123325;HORIZON;2024;999604110;FUNDACION TECNALIA RESEARCH & INNOVATION;TECNALIA;ES;REC;participant;505600,00
101123325;HORIZON;2024;913604007;THE IMPACT LAB SARL;;LU;PRC;participant;199378,56
101123325;HORIZON;2024;898119509;SCHROEDER ET ASSOCIES SA;SCHROEDER & ASSOCIES;LU;PRC;participant;128250,00
101123325;HORIZON;2024;997516864;LISER - LUXEMBOURG INSTITUTE OF SOCIO-ECONOMIC RESEARCH;LISER;LU;REC;participant;972362,50
101123325;HORIZON;2024;907256618;STICHTING GTB LAB;;NL;REC;participant;333901,25
101123325;HORIZON;2024;934320200;LUXEMBOURG INSTITUTE OF SCIENCE AND TECHNOLOGY;LIST;LU;REC;coordinator;1065045,00
101123325;HORIZON;2024;884063627;KAW ARCHITECTEN EN ADVISEURS 3 BV;KAW;NL;PRC;participant;116625,00
101123325;HORIZON;2024;998702204;COMUNE DI MILANO;MIL;IT;PUB;participant;343750,00
101123325;HORIZON;2024;884166641;DINYCON SISTEMAS SL;;ES;PRC;participant;134205,00
101123325;HORIZON;2024;916226693;R2M Solution SAS;R2M Solution;FR;PRC;participant;365250,00
101123325;HORIZON;2024;986523078;DEMO CONSULTANTS BV;DEMO;NL;PRC;participant;332373,00
101123325;HORIZON;2024;992549979;DUBLIN CITY COUNCIL;DUBLIN CITY DEVELOPMENT BOARD;IE;PUB;participant;238880,00
101123325;HORIZON;2024;974602457;CITY OF DUBLIN ENERGY MANAGEMENT AGENCY LIMITED;CODEMA;IE;REC;participant;317057,50
101123325;HORIZON;2024;905424870;STICHTING INSTITUTE FOR URBAN EXCELLENCE;IUE;NL;REC;participant;314375,00
101123325;HORIZON;2024;913178274;AYUNTAMIENTO DE LAREDO;AYUNTAMIENTO DE LAREDO;ES;PUB;participant;437952,50
101123325;HORIZON;2024;888220368;COMMUNE DE BECKERICH;ADMINISTRATION COMMUNALE DE BECKERICH;LU;PUB;participant;320000,00
101123325;HORIZON;2024;884077886;FUNDACION BEGIRUNE FUNDAZIOA;;ES;OTH;participant;178125,00
101123325;HORIZON;2024;952850110;R2M SOLUTION SRL;;IT;PRC;participant;102375,00
101123325;HORIZON;2024;994163865;NOBATEK;NOBATEK;FR;REC;participant;429250,00
101137074;HORIZON;2024;995104086;THE EUROPEAN BRAIN COUNCIL AISBL;EBC LE CONSEIL EUROPEEN DU CERVEAU;BE;OTH;participant;268230,00
101137074;HORIZON;2024;999977948;TECHNISCHE UNIVERSITAET GRAZ;TU GRAZ;AT;HES;participant;705125,00
101137074;HORIZON;2024;999988230;EUROPEAN MOLECULAR BIOLOGY LABORATORY;EMBL;DE;REC;participant;300000,00
101137074;HORIZON;2024;999992110;STICHTING RADBOUD UNIVERSITEIT;;NL;HES;participant;123692,45
101137074;HORIZON;2024;909652518;EUROPESE VERENIGING VOOR PROFESSIONALS EN PERSONEN MET ALS;EUROPEAN ORGANISATION FOR PROFESSIONALS AND PEOPLE WITH ALS;BE;OTH;participant;152750,00
101137074;HORIZON;2024;882802433;CONSORCIO PARA LA EXPLOTACION DEL CENTRO NACIONAL DE ANALISIS GENOMICO;;ES;REC;participant;499276,25
101137074;HORIZON;2024;999861936;UNIVERSITA DEGLI STUDI DI TORINO;UNITO;IT;HES;participant;561768,75
101137074;HORIZON;2024;999548723;OBSERVA ASSOCIAZIONE;;IT;REC;participant;498750,00
101137074;HORIZON;2024;997329751;REGENTS OF THE UNIVERSITY OF COLORADO;UCD;US;HES;participant;671101,25
101137074;HORIZON;2024;892057785;STICHTING RADBOUD UNIVERSITAIR MEDISCH CENTRUM;RADBOUDUMC;NL;HES;participant;1137141,30
101137074;HORIZON;2024;999995602;UNIVERSITA DEGLI STUDI DI PADOVA;UNIPD;IT;HES;coordinator;1138046,25
101137074;HORIZON;2024;960782479;UNIVERSIDADE NOVA DE LISBOA;UNL;PT;HES;participant;498851,25
101137074;HORIZON;2024;952865630;SURF BV;;NL;PRC;participant;894465,00
101137074;HORIZON;2024;999479659;HAUTE ECOLE SPECIALISEE DE SUISSE OCCIDENTALE;HES-SO;CH;HES;associatedPartner;0,00
101137074;HORIZON;2024;951915806;FUNDACION EMPRESA UNIVERSIDAD GALLEGA;FEUGA;ES;OTH;participant;252125,00
101137074;HORIZON;2024;900925331;ONTOTEXT AD;ONTOTEXT;BG;PRC;participant;654375,00
101137074;HORIZON;2024;999991334;KATHOLIEKE UNIVERSITEIT LEUVEN;KU Leuven;BE;HES;participant;654271,25
101137074;HORIZON;2024;999544455;FUNDACIO CENTRE DE REGULACIO GENOMICA;CRG-CERCA;ES;REC;participant;178865,00
101137074;HORIZON;2024;999904034;AALBORG UNIVERSITET;AAU;DK;HES;participant;800000,00
101135130;HORIZON;2024;998776409;HASKOLINN A AKUREYRI;UNIVERSITY OF AKUREYRI;IS;HES;participant;278000,00
101135130;HORIZON;2024;999844670;OULUN YLIOPISTO;UOULU;FI;HES;coordinator;862375,00
101135130;HORIZON;2024;998208474;LAPIN YLIOPISTO;UNIVERSITY OF LAPLAND;FI;HES;participant;617500,00
101135130;HORIZON;2024;896361772;WOMEN OF THE ARCTIC RY;;FI;OTH;participant;378750,00
101135130;HORIZON;2024;999994632;HELMHOLTZ-ZENTRUM FUR UMWELTFORSCHUNG GMBH - UFZ;;DE;REC;participant;180831,25
101135130;HORIZON;2024;923394702;KASKAS MEDIA OY;;FI;PRC;participant;320000,00
101135130;HORIZON;2024;999839529;CHRISTIAN-ALBRECHTS-UNIVERSITAET  ZU KIEL;CAU;DE;HES;participant;559000,00
101135130;HORIZON;2024;999994341;GFZ HELMHOLTZ-ZENTRUM FUR GEOFORSCHUNG;GFZ;DE;REC;participant;247420,00
101135130;HORIZON;2024;900519289;FUNDACJA FORSCIENCE;FORSCIENCE FOUNDATION;PL;REC;participant;341250,00
101135130;HORIZON;2024;889261275;SCIDRONES TEXNOVLASTOS IKE;SCIDRONES P.C.;EL;PRC;participant;257500,00
101135130;HORIZON;2024;999979500;CONSIGLIO NAZIONALE DELLE RICERCHE;CNR;IT;REC;participant;292750,00
101135130;HORIZON;2024;999993274;INSTITUT NATIONAL DE RECHERCHE POUR L'AGRICULTURE, L'ALIMENTATION ET L'ENVIRONNEMENT;INRAE;FR;REC;participant;247812,50
101135130;HORIZON;2024;986090458;HELMHOLTZ-ZENTRUM FUR OZEANFORSCHUNG KIEL (GEOMAR);;DE;REC;participant;586371,25
101135130;HORIZON;2024;986014022;ECOLE NATIONALE VETERINAIRE, AGROALIMENTAIRE ET DE L'ALIMENTATION NANTES ATLANTIQUE;ONIRIS;FR;HES;participant;361250,00
101135130;HORIZON;2024;999655520;BARCELONA SUPERCOMPUTING CENTER CENTRO NACIONAL DE SUPERCOMPUTACION;BSC CNS;ES;REC;participant;293750,00
101135130;HORIZON;2024;902624480;ASSOCIACAO PARA O DESENVOLVIMENTO DO ATLANTIC INTERNATIONAL RESEARCH CENTRE;AD AIR CENTRE;PT;REC;participant;162500,00
101135258;HORIZON;2024;998424978;EUROPEAN PLASTICS CONVERTERS EUPC AISBL;EUPC;BE;OTH;participant;202500,00
101135258;HORIZON;2024;999984059;FRAUNHOFER GESELLSCHAFT ZUR FORDERUNG DER ANGEWANDTEN FORSCHUNG EV;Fraunhofer;DE;REC;participant;433213,75
101135258;HORIZON;2024;888063422;HOLOSS - HOLISTIC AND ONTOLOGICALSOLUTIONS FOR SUSTAINABILITY, LDA.;HOLOSS;PT;PRC;participant;410250,00
101135258;HORIZON;2024;963416417;ASOCIACION EMPRESARIAL DE INVESTIGACION CENTRO TECNOLOGICO DEL CALZADOY DEL PLASTICO DE LA REGION DE MURCIA;CETEC;ES;REC;participant;377500,00
101135258;HORIZON;2024;999860869;UNIVERSITY OF BALAMAND;UOB;LB;HES;participant;214375,00
101135258;HORIZON;2024;901322643;IDENER RESEARCH & DEVELOPMENT AIE;;ES;REC;coordinator;910000,00
101135258;HORIZON;2024;932889159;DNV BUSINESS ASSURANCE ITALY SRL;;IT;PRC;participant;325000,00
101135258;HORIZON;2024;997316559;Institut National des Sciences et Technologies de la Mer;INSTM;TN;REC;participant;196000,00
101135258;HORIZON;2024;989585950;POLYMER COMPLY EUROPE;PCE;BE;PRC;thirdParty;122500,00
101135258;HORIZON;2024;991390053;University of Sousse;US;TN;HES;thirdParty;100625,00
101135258;HORIZON;2024;955078394;SENIOR EUROPA SOCIEDAD LIMITADA;Kveloce I+D+i;ES;PRC;participant;368125,00
101135258;HORIZON;2024;998993786;IRIS TECHNOLOGY SOLUTIONS, SOCIEDAD LIMITADA;IRIS;ES;PRC;participant;339875,00
101147317;HORIZON;2024;999846028;UNIVERSITA DEGLI STUDI DI PARMA;UNIVERSITA DEGLI STUDI DI PARMA;IT;HES;coordinator;256442,88
101147317;HORIZON;2024;994158045;UNIVERSIDADE ESTADUAL DE MARINGA;UEM;BR;HES;associatedPartner;0,00
101147317;HORIZON;2024;998826946;ROYAL INSTITUTION FOR THE ADVANCEMENT OF LEARNING MCGILL UNIVERSITY;McGill University;CA;HES;associatedPartner;0,00
101153176;HORIZON;2024;999856019;UNIVERSITA DEGLI STUDI DI NAPOLI PARTHENOPE;UNIPARTH;IT;HES;associatedPartner;0,00
101153176;HORIZON;2024;999452596;INTERNATIONALES INSTITUT FUER ANGEWANDTE SYSTEMANALYSE;IIASA;AT;REC;coordinator;183600,96
101151329;HORIZON;2024;905527787;ICP -Instituto de Catálisis y Petroleoquímica;;ES;PRC;associatedPartner;0,00
101151329;HORIZON;2024;999977366;TECHNISCHE UNIVERSITEIT DELFT;TU Delft;NL;HES;coordinator;187624,32
101162542;HORIZON;2024;991809772;GALATASARAY UNIVERSITY;;TR;HES;participant;91281,25
101162542;HORIZON;2024;942587995;BOGAZICI ULUSLARARASI EGITIM DANISMANLIK MERKEZI VE TICARET LIMITED SIRKETI;BURC/INNOVASUB;TR;PRC;coordinator;119433,00
101162542;HORIZON;2024;998145036;AKDENIZ UNIVERSITY;;TR;HES;participant;88125,00
101145940;HORIZON;2025;999878135;UNIVERSITAET MANNHEIM;Universität Mannheim;DE;HES;coordinator;189687,36
101146660;HORIZON;2025;999859123;UNIVERSITE PARIS I PANTHEON-SORBONNE;;FR;HES;coordinator;195914,88
101162355;HORIZON;2024;880263943;MUSA scarl;MUSA;IT;PRC;associatedPartner;0,00
101162355;HORIZON;2024;986258171;FORMICABLU SRL;FORMICABLU;IT;PRC;participant;60125,00
101162355;HORIZON;2024;999838850;UNIVERSITA COMMERCIALE LUIGI BOCCONI;UB;IT;HES;participant;30512,63
101162355;HORIZON;2024;999654065;REGIONE LOMBARDIA;;IT;PUB;associatedPartner;0,00
101162355;HORIZON;2024;998702204;COMUNE DI MILANO;MIL;IT;PUB;associatedPartner;0,00
101162355;HORIZON;2024;999879881;POLITECNICO DI MILANO;POLIMI;IT;HES;participant;35125,00
101162355;HORIZON;2024;999995796;UNIVERSITA DEGLI STUDI DI MILANO;UMIL;IT;HES;participant;42481,25
101162355;HORIZON;2024;999923531;UNIVERSITA' DEGLI STUDI DI MILANO-BICOCCA;UNIMIB;IT;HES;coordinator;79207,50
101162355;HORIZON;2024;999854467;UNIVERSITA VITA-SALUTE SAN RAFFAELE;UNISR;IT;HES;participant;36862,50
101134447;HORIZON;2024;903166225;GAC;;FR;PRC;coordinator;386756,11
101134447;HORIZON;2024;999874934;UNIVERSITEIT HASSELT;UHASSELT;BE;HES;participant;256109,26
101134447;HORIZON;2024;999864555;THE UNIVERSITY OF EXETER;UNEXE;UK;HES;associatedPartner;0,00
101134447;HORIZON;2024;984556306;EUROPEAN NETWORK OF LIVING LABS IVZW;ENoLL  IVZW;BE;OTH;participant;291503,24
101134447;HORIZON;2024;949351126;WESTCOUNTRY RIVERS TRUST LBG;;UK;OTH;associatedPartner;0,00
101134447;HORIZON;2024;935222785;BARCELONA CICLE DE L'AIGUA SA;BCASA;ES;PRC;participant;186572,04
101134447;HORIZON;2024;952204478;EUROPEAN ASSOCIATION OF REMOTE SENSING COMPANIES;EARSC;BE;OTH;participant;379016,50
101134447;HORIZON;2024;999588978;PANEPISTIMIO KRITIS;UNIVERSITY OF CRETE;EL;HES;participant;297731,94
101134447;HORIZON;2024;999422235;A SUD ECOLOGIA E COOPERAZIONE APS;A SUD;IT;OTH;participant;382442,29
101134447;HORIZON;2024;999991722;AGENCIA ESTATAL CONSEJO SUPERIOR DE INVESTIGACIONES CIENTIFICAS;CSIC;ES;REC;participant;249148,06
101134447;HORIZON;2024;924057018;INSTITUTUL NATIONAL DE CERCETARE DEZVOLTARE IN SILVICULTURA MARIN DRACEA;INCDS;RO;REC;participant;152603,19
101134447;HORIZON;2024;964360324;BUSINESS DEVELOPMENT GROUP SRL;BDG;RO;PRC;participant;179187,29
101134447;HORIZON;2024;923491993;IDC CEMA SRO;;CZ;PRC;thirdParty;136862,11
101134447;HORIZON;2024;997237407;52 NORTH SPATIAL INFORMATION RESEARCH GMBH;52°North GmbH;DE;OTH;participant;337595,63
101134447;HORIZON;2024;890805515;ENRICH GLOBAL;;FR;OTH;participant;99659,23
101134447;HORIZON;2024;999452596;INTERNATIONALES INSTITUT FUER ANGEWANDTE SYSTEMANALYSE;IIASA;AT;REC;participant;295863,33
101134447;HORIZON;2024;951376971;IDC ITALIA SRL;;IT;PRC;participant;236237,11
101134447;HORIZON;2024;937663402;VEREIN DER EUROPAISCHEN BURGEWISSENSCHAFTEN - ECSA EV;EUROPEAN CITIZEN SCIENCE ASSOCIATION;DE;REC;participant;208536,93
101134447;HORIZON;2024;983282308;SINGULARLOGIC PLIROFORIAKON SYSTIMATON KAI EFARMOGON PLIROFORIKIS;SINGULARLOGIC SINGLE MEMBER S.A.;EL;PRC;participant;391785,34
101134447;HORIZON;2024;885664127;EVISIGHTS B.V.;;NL;PRC;participant;296408,96
101134447;HORIZON;2024;999870375;CENTRO INTERNAZIONALE DI ALTISTUDI AGRONOMICI MEDITERRANEI;CIHEAM-IAMB;IT;HES;participant;169420,69
101134447;HORIZON;2024;986152150;PANEPISTIMIO THESSALIAS;UNIVERSITY OF THESSALY - UTH;EL;HES;participant;239182,14
101134447;HORIZON;2024;884254717;KOINONIKI SYNETAIRISTIKI EPICHEIRISI SYLLOGIKIS KAI KOINONIKIS OFELEIAS AMARANTHUS;CIVIL COOPERATIVE ENTERPRISE AMARANTHUS;EL;PRC;participant;402872,43
101134447;HORIZON;2024;984550389;STICHTING WAAG SOCIETY;Waag Futurelab;NL;REC;participant;283549,19
101134447;HORIZON;2024;999854370;UNIVERSITAET BIELEFELD;UNIBI;DE;HES;participant;348371,29
101134447;HORIZON;2024;892171275;DIKIGORIKOS SYLLOGOS IRAKLEIOU;BAR ASSOCIATION OF HERAKLION;EL;PUB;participant;158084,45
101134447;HORIZON;2024;897171237;DIGITAL FOR PLANET-D4P;D4P;CH;OTH;associatedPartner;0,00
101148374;HORIZON;2024;999981537;JOANNEUM RESEARCH FORSCHUNGSGESELLSCHAFT MBH;JOANNEUM RESEARCH;AT;REC;participant;184125,00
101148374;HORIZON;2024;999997736;AARHUS UNIVERSITET;AU;DK;HES;participant;238000,00
101148374;HORIZON;2024;892884031;ENVIROPLAN MELETITIKI -SYMVOULOI ANAPTYKSIAKON & TEXNIKON ERGON ANONYMI ETAIREIA;;EL;PRC;participant;222750,00
101148374;HORIZON;2024;882229066;MUNICIPAL ENTERPRISE INSTITUTE OF URBAN DEVELOPMENT;;UA;OTH;participant;133750,00
101148374;HORIZON;2024;928510870;MUNICIPAL INSTITUTION CITY INSTITUTE;CITY INSTITUTE;UA;REC;participant;185000,00
101148374;HORIZON;2024;941141628;VYSKUMNE CENTRUM SLOVENSKEJ SPOLOCNOSTI PRE ZAHRANICNU POLITIKU NO;RESEARCH CENTER OF THE SLOVAK FOREIGNPOLICY ASSOCIATION;SK;OTH;participant;224375,00
101148374;HORIZON;2024;934190705;LEONID YUZKOV KHMELNITSKYI UNIVERSITY OF MANAGEMENT AND LAW;LYKUML;UA;HES;participant;138625,00
101148374;HORIZON;2024;881100374;HROMADSKA ORHANIZATSIYA KLUB MERIV;NON-GOVERNMENTAL ORGANIZATION MAYORS CLUB;UA;OTH;participant;235625,00
101148374;HORIZON;2024;999548917;DIN DEUTSCHES INSTITUT FUER NORMUNG EV;DIN e.V.;DE;OTH;participant;138125,00
101148374;HORIZON;2024;998145715;NATIONAL TECHNICAL UNIVERSITY OF UKRAINE IGOR SIKORSKY KYIV POLYTECHNIC INSTITUTE;Igor Sikorsky Kyiv Polytechnic Institute;UA;HES;participant;306875,00
101148374;HORIZON;2024;999859511;UNIVERSITA DEGLI STUDI DELL'AQUILA;UNIVAQ;IT;HES;participant;299125,00
101148374;HORIZON;2024;964860456;KHMELNITSKY NATIONAL UNIVERSITY;KHNU;UA;HES;participant;138250,00
101148374;HORIZON;2024;965770413;LANDESHAUPTSTADT DRESDEN;STATE CAPITAL DRESDEN;DE;PUB;participant;174375,00
101148374;HORIZON;2024;937663402;VEREIN DER EUROPAISCHEN BURGEWISSENSCHAFTEN - ECSA EV;EUROPEAN CITIZEN SCIENCE ASSOCIATION;DE;REC;participant;337875,00
101148374;HORIZON;2024;915924344;NON-GOVERNMENTAL ORGANIZATION  BUREAU OF RESEARCH, INNOVATIONS  AND TECHNOLOGIES;;UA;OTH;participant;80000,00
101148374;HORIZON;2024;906367322;KOMUNALNA USTANOVA AGENTSIYA ROZVYTKU MISTA ZHYTOMYRSKOYI MISKOYI RADY;MUNICIPAL INSTITUTION CITY DEVELOPMENT AGENCY OF ZHYTOMYR CITY COUNCIL;UA;PUB;participant;143125,00
101148374;HORIZON;2024;937384818;O.M. BEKETOV NATIONAL UNIVERSITY OF URBAN ECONOMY IN KHARKIV;;UA;HES;participant;169750,00
101148374;HORIZON;2024;998735863;FUNDACJA PARTNERSTWA TECHNOLOGICZNEGO TECHNOLOGY PARTNERS;TECHNOLOGY PARTNERS;PL;REC;participant;362500,00
101148374;HORIZON;2024;880865828;PUBLIC ORGANIZATION REGIONAL CENTER OF SUSTAINABLE DEVELOPMENT;PO RCSD;UA;OTH;participant;129750,00
101148374;HORIZON;2024;999845931;POLITECHNIKA WROCLAWSKA;PWR;PL;HES;participant;359875,00
101148374;HORIZON;2024;999897729;TECHNISCHE UNIVERSITAET DRESDEN;TUD;DE;HES;coordinator;797500,00
101152568;HORIZON;2024;999986096;UNIVERSITEIT GENT;UGent;BE;HES;associatedPartner;0,00
101152568;HORIZON;2024;877914409;University of Idaho;University of Idaho;US;PUB;associatedPartner;0,00
101152568;HORIZON;2024;999993953;ALMA MATER STUDIORUM - UNIVERSITA DI BOLOGNA;UNIBO;IT;HES;coordinator;288859,20
101162172;HORIZON;2024;999989782;RIJKSUNIVERSITEIT GRONINGEN;;NL;HES;coordinator;299581,39
101162306;HORIZON;2024;998531193;DALENIUM IDEELL FORENING;DALENIUM;SE;OTH;participant;13700,00
101162306;HORIZON;2024;887051906;EXPLORATORIET I SKELLEFTEA AB;EXPLORATORIET AB;SE;PRC;participant;14500,00
101162306;HORIZON;2024;999990946;KUNGLIGA TEKNISKA HOEGSKOLAN;KTH;SE;HES;participant;45740,00
101162306;HORIZON;2024;999901318;LUNDS UNIVERSITET;;SE;HES;participant;14200,00
101162306;HORIZON;2024;999579860;MITTUNIVERSITETET;MIUN;SE;HES;participant;14800,00
101162306;HORIZON;2024;999881821;UMEA UNIVERSITET;;SE;HES;participant;14960,00
101162306;HORIZON;2024;889463326;STIFTELSEN FRAMTIDSMUSEET I DALARNA;;SE;PRC;participant;14700,00
101162306;HORIZON;2024;889326847;MOLEKYLVERKSTAN AB;Molekylverkstan;SE;PRC;participant;12600,00
101162306;HORIZON;2024;999587814;HOGSKOLAN I SKOVDE;HOGSKOLAN I SKOVDE;SE;HES;participant;21300,00
101162306;HORIZON;2024;999914704;VETENSKAP & ALLMANHET, VA;VA;SE;OTH;coordinator;120000,00
101162306;HORIZON;2024;999874837;KARLSTADS UNIVERSITET;KU;SE;HES;participant;13500,00
101156759;HORIZON;2024;998572903;INSTITUTUL NATIONAL DE CERCETARE-DEZVOLTARE MARINA GRIGORE ANTIPA;INCDM - NIMRD;RO;REC;participant;202500,00
101156759;HORIZON;2024;972786423;WWF ITALIA;ASSOCIAZIONE PER IL WORLD WIDE FUND FOR NATURE FONDO MONDIALE PER LA NATURA;IT;OTH;thirdParty;151250,00
101156759;HORIZON;2024;891136673;MINISTERIO PARA LA TRANSICION ECOLOGICA Y EL RETO DEMOGRAFICO;MINISTRY FOR THE ECOLOGICAL TRANSITION AND THE DEMOGRAPHIC CHALLENGE;ES;PUB;associatedPartner;0,00
101156759;HORIZON;2024;999895013;TARTU ULIKOOL;UNIVERSITY OF TARTU;EE;HES;participant;438587,50
101156759;HORIZON;2024;999986096;UNIVERSITEIT GENT;UGent;BE;HES;participant;523000,00
101156759;HORIZON;2024;998437006;INSTITUT ROYAL DES SCIENCES NATURELLES DE BELGIQUE;KONINKLIJK BELGISCHINSTITUUT VOOR NATUURWETENSCHAPPENROYAL BELGIAN INSTITUTE OF NATURAL;BE;REC;participant;665000,00
101156759;HORIZON;2024;941176645;GRUP BALEAR D'ORNITOLOGIA I DEFENSA DE LA NATURALESA;;ES;OTH;associatedPartner;0,00
101156759;HORIZON;2024;873369377;SOCIEDAD PARA EL DESAROLLO DE LAS COMUNIDADES COSTERAS;SOLDECOCOS;ES;OTH;participant;223999,10
101156759;HORIZON;2024;886647610;SALT RESEARCH AS;SALT RESEARCH AS;NO;REC;participant;529722,50
101156759;HORIZON;2024;998853815;SERVICE PUBLIC FEDERAL SANTE PUBLIQUE, SECURITE DE LA CHAINE ALIMENTAIRE ET ENVIRONNEMENT;FEDERALE OVERHEIDSDIENST VOLKSGEZONDHEID, VEILIGHEID VAN DE VOEDSELKETEN EN LEEFMILIEU;BE;PUB;associatedPartner;0,00
101156759;HORIZON;2024;905548739;CENTYR ZA BREGOVI I MORSKI IZSLEDVANIYA;CENTER FOR COASTAL AND MARINE STUDIES;BG;REC;participant;530142,50
101156759;HORIZON;2024;951403840;JAN DE NUL NV;JAN DE NUL NV;BE;PRC;participant;221200,00
101156759;HORIZON;2024;951839273;FUNDACAO GASPAR FRUTUOSO;FGF;PT;REC;thirdParty;164000,00
101156759;HORIZON;2024;914402220;FONDAZIONE WWF MEDITERRANEAN;;IT;OTH;participant;429271,25
101156759;HORIZON;2024;999520302;STICHTING DELTARES;Deltares;NL;REC;participant;467407,50
101156759;HORIZON;2024;997826585;NORSK INSTITUTT FOR VANNFORSKNING STI;NORWEGIAN INSTITUTE FOR WATER RESEARCH;NO;REC;participant;466925,00
101156759;HORIZON;2024;999898311;UNIVERSIDAD DE MALAGA;UMA;ES;HES;participant;461250,00
101156759;HORIZON;2024;917832528;WWF ADRIA -UDRUGA ZA ZASTITU PRIRODE I OCUVANJE BIOLOSKE RAZNOLIKOSTI;ASSOCIATION FOR NATURE PROTECTION AND CONSERVATION OF BIODIVERSITY TN;HR;OTH;associatedPartner;0,00
101156759;HORIZON;2024;938480918;SUBMON;SUBMON;ES;OTH;participant;343437,50
101156759;HORIZON;2024;939498739;BALGARSKA FONDATSIYA BIORAZNOOBRAZIE;BULGARIAN BIODIVERSITY FOUNDATION;BG;OTH;participant;198750,00
101156759;HORIZON;2024;972498430;ASOCIACION PARA LA DEFENSA DE LA NATURALEZA;ASSOCIATION FOR THE DEFENSE OF THE NATURE;ES;OTH;thirdParty;29867,15
101156759;HORIZON;2024;999599939;VLAAMS INSTITUUT VOOR DE ZEE;FLANDERS MARINE INSTITUTE INSTITUT FLAMAND DE LA MER;BE;REC;participant;711250,00
101156759;HORIZON;2024;991015633;UNIVERSITY OF THE HIGHLANDS AND ISLANDS;UHI House;UK;HES;associatedPartner;0,00
101156759;HORIZON;2024;905111560;THE BALTIC MARINE ENVIRONMENT PROTECTION COMMISSION;;FI;PUB;participant;200000,00
101156759;HORIZON;2024;998175688;UNIVERSIDADE DOS ACORES;UNIVERSIDADE DOS ACORES;PT;HES;participant;243750,00
101156759;HORIZON;2024;917927782;SUBMARINER NETWORK FOR BLUE GROWTH EWIV;SUBMARINER NETWORK;DE;OTH;coordinator;1087500,00
101156759;HORIZON;2024;881234040;FUNDACAO MAIO BIODIVERSIDADE;MAIO BIODIVERSITY FOUNDATION;CV;OTH;participant;86250,00
101125731;HORIZON;2024;999896468;EOTVOS LORAND TUDOMANYEGYETEM;ELTE;HU;HES;coordinator;2573296,00
101132698;HORIZON;2024;900641121;RE-IMAGINE EUROPA;;BE;OTH;participant;235312,50
101132698;HORIZON;2024;942478773;INSTITUT ZA DEMOKRATIJA SOCIETAS CIVILIS SKOPJE;IDSCS;MK;REC;participant;82031,25
101132698;HORIZON;2024;999845155;UNIWERSYTET WROCLAWSKI;UWr;PL;HES;participant;198437,50
101132698;HORIZON;2024;999866883;UNIVERSITAT WIEN;UNIVIE;AT;HES;participant;753000,00
101132698;HORIZON;2024;999536986;ASM RESEARCH SOLUTIONS STRATEGY SPOLKA Z OGRANICZONA ODPOWIEDZIALNOSCIA;;PL;REC;coordinator;359062,50
101132698;HORIZON;2024;888578783;THE EUROPEAN CENTER FOR POPULISM STUDIES;ECPS;BE;REC;participant;269125,00
101132698;HORIZON;2024;999991043;KOBENHAVNS UNIVERSITET;UCPH;DK;HES;participant;474112,50
101132698;HORIZON;2024;999548529;CENTER FOR THE STUDY OF DEMOCRACY;;BG;REC;participant;294375,00
101132698;HORIZON;2024;995549995;UNIVERZITET U SARAJEVU;UNSA;BA;HES;participant;122437,50
101132698;HORIZON;2024;887037162;PREDICTBY RESEARCH AND CONSULTING S.L.;PREDICTBY;ES;PRC;participant;247500,00
101157886;HORIZON;2024;999520108;BIOLOGICKE CENTRUM AV CR VVI;BIOLOGICKE CENTRUM AV CR;CZ;REC;participant;130000,00
101157886;HORIZON;2024;999874643;UNIVERSITETET I TROMSOE - NORGES ARKTISKE UNIVERSITET;UiT;NO;HES;participant;360000,00
101157886;HORIZON;2024;997459052;FUNDACIO INSTITUT CATALA DE RECERCA DE L'AIGUA;ICRA-CERCA;ES;REC;participant;139980,00
101157886;HORIZON;2024;999558617;FACULTY OF SCIENCE UNIVERSITY OF ZAGREB;PMF;HR;HES;participant;139922,50
101157886;HORIZON;2024;972472240;INSTITUTUL NATIONAL DE CERCETARE-DEZVOLTARE DELTA DUNARII;INCDDD;RO;REC;participant;100000,00
101157886;HORIZON;2024;999643007;ETHNIKO KAI KAPODISTRIAKO PANEPISTIMIO ATHINON;UOA;EL;HES;participant;300000,00
101157886;HORIZON;2024;999879784;UNIVERSITATEA DUNAREA DE JOS DIN GALATI;UDJG;RO;HES;participant;350000,00
101157886;HORIZON;2024;952966704;HELLENIC SOCIETY FOR THE PROTECTION OF NATURE;HSPN;EL;OTH;participant;110125,00
101157886;HORIZON;2024;906316979;CINTECH SOLUTIONS LTD;;CY;PRC;participant;200812,50
101157886;HORIZON;2024;999897341;UNIVERSITA CA' FOSCARI  VENEZIA;UNIVE;IT;HES;participant;143746,25
101157886;HORIZON;2024;891900451;JAVNA USTANOVA PARK PRIRODE VRANSKO JEZERO;PUBLIC INSTITUTION NATURE PARK VRANSKO JEZERO;HR;PUB;participant;40000,00
101157886;HORIZON;2024;999872218;GEOPONIKO PANEPISTIMION ATHINON;AGRICULTURAL UNIVERSITY OF ATHENS;EL;HES;participant;159995,00
101157886;HORIZON;2024;999987357;UNIVERSITAET FUER BODENKULTUR WIEN;BOKU;AT;HES;coordinator;936338,75
101157886;HORIZON;2024;923831396;STATSKOG SF;;NO;PRC;associatedPartner;0,00
101157886;HORIZON;2024;944056866;PARIS SCHOOL OF BUSINESS;PSB PARIS SCHOOL OF BUSINESS;FR;PRC;participant;126175,00
101157886;HORIZON;2024;902449880;ALCHEMIA-NOVA RESEARCH & INNOVATION GEMEINNUTZIGE GMBH;;AT;REC;participant;280125,00
101157886;HORIZON;2024;952091861;ALTFACTOR SRL;Altfactor SRL;RO;PRC;participant;230881,00
101157886;HORIZON;2024;998307123;KWB KOMPETENZZENTRUM WASSER BERLIN GEMEINNUTZIGE GMBH;KWB;DE;REC;participant;220125,00
101135051;HORIZON;2024;998116809;O.A.SYS - OCEAN ATMOSPHERE SYSTEMS GMBH;OASYS;DE;PRC;participant;164115,00
101135051;HORIZON;2024;999874643;UNIVERSITETET I TROMSOE - NORGES ARKTISKE UNIVERSITET;UiT;NO;HES;participant;176490,00
101135051;HORIZON;2024;999997736;AARHUS UNIVERSITET;AU;DK;HES;participant;1554593,75
101135051;HORIZON;2024;998365711;EIDGENOESSISCHES DEPARTEMENT FUER WIRTSCHAFT, BILDUNG UND FORSCHUNG;WBF;CH;PUB;associatedPartner;0,00
101135051;HORIZON;2024;921422013;Peking University People's Hospital;;CN;PUB;associatedPartner;0,00
101135051;HORIZON;2024;999844670;OULUN YLIOPISTO;UOULU;FI;HES;participant;735318,75
101135051;HORIZON;2024;872534886;SJUKRAHUSVERKID;FAROE ISLANDS HOSPITAL SERVICE;FO;PUB;participant;539997,50
101135051;HORIZON;2024;883820545;ARCTIC KNOWLEDGE AS;Arctic Knowledge;NO;PRC;participant;225000,00
101135051;HORIZON;2024;986305410;Ilisimatusarfik;Ilisimatusarfik;GL;HES;participant;203750,00
101135051;HORIZON;2024;999497507;ALFRED-WEGENER-INSTITUT HELMHOLTZ-ZENTRUM FUR POLAR- UND MEERESFORSCHUNG;AWI;DE;REC;participant;189987,50
101135051;HORIZON;2024;999902967;NORGES MILJO-OG BIOVITENSKAPELIGE UNIVERSITET;NMBU;NO;HES;participant;1437250,00
101135051;HORIZON;2024;998222927;NORD UNIVERSITET;NORD UNIVERSITET;NO;HES;coordinator;935625,00
101135051;HORIZON;2024;998908426;MEMORIAL UNIVERSITY OF NEWFOUNDLAND;;CA;HES;associatedPartner;0,00
101135051;HORIZON;2024;998180053;Arctic Monitoring and Assessment Programme Secretariat;AMAP;NO;PUB;participant;153750,00
101135051;HORIZON;2024;941316325;NORDLANDSFORSKNING AS;NORDLAND RESEARCH INSTITUTE;NO;REC;participant;283000,00
101168576;HORIZON;2025;959886490;AGENZIA NAZIONALE PER I SERVIZI SANITARI REGIONALI;AGE.NA.S;IT;PUB;associatedPartner;0,00
101168576;HORIZON;2025;889642388;International Network of Health Promoting Hospitals and Health Services;International Network of Health Promoting Hospitals and Health Services;DE;OTH;associatedPartner;0,00
101168576;HORIZON;2025;917201058;Egton Medical Information Systems Limited;Egton;UK;PRC;associatedPartner;0,00
101168576;HORIZON;2025;984052488;THE ROYAL COLLEGE OF GENERAL PRACTITIONERS;RCGP;UK;PUB;associatedPartner;0,00
101168576;HORIZON;2025;945709067;OPTIMEDIS AG;OM;DE;PRC;participant;781617,60
101168576;HORIZON;2025;998823842;REGIONE TOSCANA;RT;IT;PUB;associatedPartner;0,00
101168576;HORIZON;2025;917347431;ASKLEPIOS KLINIKEN HAMBURG GMBH;;DE;PRC;associatedPartner;0,00
101168576;HORIZON;2025;893304914;FORUM DES PATIENTS EUROPEENS;EUROPEAN PATIENTS FORUM;BE;OTH;associatedPartner;0,00
101168576;HORIZON;2025;924193012;STICHTING PHAROS EXPERTISECENTRUM GEZONDHEIDSVERSCHILLEN;PHAROS NL;NL;OTH;associatedPartner;0,00
101168576;HORIZON;2025;948891346;NACIONALNI INSTITUT ZA JAVNO ZDRAVJE;NIJZ;SI;REC;participant;484358,40
101168576;HORIZON;2025;898689287;National Authority for Quality Management in Healthcare;;RO;PUB;associatedPartner;0,00
101168576;HORIZON;2025;898602860;WOLFRAM RESEARCH EUROPE LIMITED;;UK;PRC;associatedPartner;0,00
101168576;HORIZON;2025;884430093;Allianz Kommunaler Großkrankenhäuser e.V.;;DE;OTH;associatedPartner;0,00
101168576;HORIZON;2025;985926237;INSTITUTUL NATIONAL DE SANATATE PUBLICA;INSP;RO;PUB;associatedPartner;0,00
101168576;HORIZON;2025;888956210;Fundament Subsidieadvies;Fundament;NL;PRC;associatedPartner;0,00
101168576;HORIZON;2025;929545375;SCHLESINGER GROUP MARKET RESEARCH SPAIN SL;SCHLESINGER GROUP SPAIN;ES;PRC;associatedPartner;0,00
101168576;HORIZON;2025;999884731;SCUOLA SUPERIORE DI STUDI UNIVERSITARI E DI PERFEZIONAMENTO S ANNA;SSSA;IT;HES;participant;518875,20
101168576;HORIZON;2025;889726390;Registered Nurses Association of Ontario;Registered Nurses' Association of Ontario;CA;OTH;associatedPartner;0,00
101168576;HORIZON;2025;898023188;ASOCIATIA COALITIA ORGANIZATIILOR PACIENTILOR CU AFECTIUNI CRONICE DIN ROMANIA;COPAC - RO;RO;OTH;associatedPartner;0,00
101168576;HORIZON;2025;997381064;REGION NORDJYLLAND (NORTH DENMARK REGION);NORTH DENMARK REGION;DK;PUB;participant;603576,00
101168576;HORIZON;2025;997381452;REGION MIDTJYLLAND;;DK;PUB;associatedPartner;0,00
101168576;HORIZON;2025;893802427;Hampshire Hospitals NHS Trust;Hampshire Hospitals NHS Trust;UK;HES;associatedPartner;0,00
101168576;HORIZON;2025;919322739;STICHTING AMSTERDAM UMC;;NL;REC;coordinator;823111,20
101168576;HORIZON;2025;959576478;EUROPEAN FORUM FOR PRIMARY CARE;EFPC;NL;OTH;associatedPartner;0,00
101168576;HORIZON;2025;898754859;HEALTH CARE WITHOUT HARM EUROPE;;BE;OTH;associatedPartner;0,00
101168576;HORIZON;2025;884377422;Canadian Institute for Health Information;Canadian Institute for Health Information;CA;OTH;associatedPartner;0,00
101168576;HORIZON;2025;951714046;FUNDACION PARA EL FOMENTO DE LA INVESTIGACION SANITARIA Y BIOMEDICA DE LA COMUNITAT VALENCIANA;FISABIO;ES;REC;associatedPartner;0,00
101168576;HORIZON;2025;999854079;Private Universitaet Witten/Herdecke gGmbH;UWH;DE;HES;associatedPartner;0,00
101168576;HORIZON;2025;999984350;THE CHANCELLOR, MASTERS AND SCHOLARS OF THE UNIVERSITY OF OXFORD;UOXF;UK;HES;associatedPartner;0,00
101168576;HORIZON;2025;998888153;MINISTERE DE LA SANTE ET DE LA SECURITE SOCIALE;MINISTRY OF HEALTH AND SOCIAL SECURITY;LU;PUB;participant;525240,00
101168576;HORIZON;2025;998923752;ORGANISATION FOR ECONOMIC CO-OPERATION AND DEVELOPMENT;ORGANISATION DE COOPERATION ET DE DEVELOPPEMENT ECONOMIQUES - OCDE - OECD;FR;PUB;associatedPartner;0,00
101168576;HORIZON;2025;919801337;AZIENDA USL TOSCANA NORD OVEST;;IT;PUB;associatedPartner;0,00
101168576;HORIZON;2025;884500224;DASYS;Dansk Sygepleje Selskab;DK;OTH;associatedPartner;0,00
101168576;HORIZON;2025;880325538;OptiMedis-COBIC UK Limited;OptiMedis-COBIC UK Limited;UK;PRC;associatedPartner;0,00
101168576;HORIZON;2025;881592843;Serectrix srls;Serectrix srls;IT;PRC;associatedPartner;0,00
101168576;HORIZON;2025;999904034;AALBORG UNIVERSITET;AAU;DK;HES;associatedPartner;0,00
101168576;HORIZON;2025;994557879;EUROPEAN HOSPITAL AND HEALTHCARE FEDERATION;HOPE;BE;OTH;associatedPartner;0,00
101168576;HORIZON;2025;999875613;UNIVERSITATEA DE MEDICINA SI FARMACIE CAROL DAVILA DIN BUCURESTI;CAROL DAVILA UNIVERSITY OF MEDICINE AND PHARMACY;RO;HES;participant;220269,60
101168576;HORIZON;2025;880611009;Sindacato Pensionati Italiani SPI CGIL;Sindacato Pensionati Italiani;IT;OTH;associatedPartner;0,00
101168576;HORIZON;2025;999923240;UNIVERZA V LJUBLJANI;UL;SI;HES;associatedPartner;0,00
101168576;HORIZON;2025;999985708;UNIVERSITEIT VAN AMSTERDAM;UvA;NL;HES;associatedPartner;0,00
101123291;HORIZON;2024;999662310;MUSEUM NATIONAL D'HISTOIRE NATURELLE;MNHN;FR;HES;coordinator;150000,00
101142006;HORIZON;2025;999985708;UNIVERSITEIT VAN AMSTERDAM;UvA;NL;HES;coordinator;2500000,00
101162844;HORIZON;2025;999980664;UNIVERSITE CATHOLIQUE DE LOUVAIN;UCLouvain;BE;HES;coordinator;1499614,00
101181774;HORIZON;2025;997708924;ADICONSUM ASSOCIAZIONE DIFESA CONSUMATORI APS;ADICONSUM;IT;OTH;participant;212460,00
101181774;HORIZON;2025;999838074;UNIVERSITA DEGLI STUDI DI VERONA;UNIVR;IT;HES;participant;531418,75
101181774;HORIZON;2025;900348375;SPHERICAL PIXEL S.L.;;ES;PRC;participant;291225,00
101181774;HORIZON;2025;879828413;INSTITOUTO EREVNAS LIANEMPORIOU KATANALOTIKON AGATHON (I.E.L.K.A.);INSTITUTE OF RESEARCH OF CONSUMER GOODS RETAIL (I.E.L.K.A.);EL;REC;participant;150658,75
101181774;HORIZON;2025;902067991;REEDU GMBH & CO. KG;;DE;PRC;participant;774975,00
101181774;HORIZON;2025;999780165;GOSPODARSKA ZBORNICA SLOVENIJE;CHAMBER OF COMMERCE AND INDUSTRY OF SLOVENIA;SI;OTH;participant;417555,00
101181774;HORIZON;2025;916768923;HOGSKULEN PA VESTLANDET;HVL;NO;HES;coordinator;903387,50
101181774;HORIZON;2025;999839335;ERASMUS UNIVERSITEIT ROTTERDAM;EUR;NL;HES;participant;996642,50
101181774;HORIZON;2025;986152150;PANEPISTIMIO THESSALIAS;UNIVERSITY OF THESSALY - UTH;EL;HES;participant;428255,00
101181774;HORIZON;2025;998222539;STOWARZYSZENIE CENTRUM ROZWIAZAN SYSTEMOWYCH;Stowarzyszenie CRS;PL;REC;participant;291388,75
101180146;HORIZON;2024;903166225;GAC;;FR;PRC;thirdParty;43250,00
101180146;HORIZON;2024;952237749;NAZKA MAPPS BVBA;NAZKA;BE;PRC;participant;253750,00
101180146;HORIZON;2024;999991722;AGENCIA ESTATAL CONSEJO SUPERIOR DE INVESTIGACIONES CIENTIFICAS;CSIC;ES;REC;participant;324375,00
101180146;HORIZON;2024;890805515;ENRICH GLOBAL;;FR;OTH;participant;260000,00
101180146;HORIZON;2024;983282308;SINGULARLOGIC PLIROFORIAKON SYSTIMATON KAI EFARMOGON PLIROFORIKIS;SINGULARLOGIC SINGLE MEMBER S.A.;EL;PRC;coordinator;424375,00
101180146;HORIZON;2024;986152150;PANEPISTIMIO THESSALIAS;UNIVERSITY OF THESSALY - UTH;EL;HES;participant;250000,00
101180146;HORIZON;2024;884254717;KOINONIKI SYNETAIRISTIKI EPICHEIRISI SYLLOGIKIS KAI KOINONIKIS OFELEIAS AMARANTHUS;CIVIL COOPERATIVE ENTERPRISE AMARANTHUS;EL;PRC;participant;145625,00
101169293;HORIZON;2025;896727656;Centre de Ressour-ces et dExpertise Scientifique sur lEau en Bretagne;;FR;PRC;associatedPartner;0,00
101169293;HORIZON;2025;924487116;Biomathematics and Statistics Scotland;BioSS;UK;PUB;associatedPartner;0,00
101169293;HORIZON;2025;966152496;POSTNOVA ANALYTICS GMBH;Postnova;DE;PRC;associatedPartner;0,00
101169293;HORIZON;2025;966626341;THE JAMES HUTTON INSTITUTE;THE JAMES HUTTON INSTITUTE;UK;REC;associatedPartner;0,00
101169293;HORIZON;2025;999974359;UNIVERSITY COLLEGE DUBLIN, NATIONAL UNIVERSITY OF IRELAND, DUBLIN;NUID UCD;IE;HES;participant;286488,00
101169293;HORIZON;2025;999980470;FORSCHUNGSZENTRUM JULICH GMBH;FZJ;DE;REC;participant;260539,20
101169293;HORIZON;2025;999865137;SZKOLA GLOWNA GOSPODARSTWA WIEJSKIEGO;SGGW WARSAW UNIVERSITY OF LIFE SCIENCES;PL;HES;associatedPartner;0,00
101169293;HORIZON;2025;998348639;WASSERKLUSTER LUNZ BIOLOGISCHE STATION GMBH;;AT;REC;participant;270331,20
101169293;HORIZON;2025;997385429;TRIOS MESS- UND DATENTECHNIK GMBH;;DE;PRC;associatedPartner;0,00
101169293;HORIZON;2025;999994632;HELMHOLTZ-ZENTRUM FUR UMWELTFORSCHUNG GMBH - UFZ;;DE;REC;participant;260539,20
101169293;HORIZON;2025;984178200;UNIVERSITY OF NEW HAMPSHIRE CORPORATION;;US;HES;associatedPartner;0,00
101169293;HORIZON;2025;999935074;AGRIFOOD AND BIOSCIENCES INSTITUTE;AFBI;UK;REC;associatedPartner;0,00
101169293;HORIZON;2025;907678859;CONSORCI BESOS TORDERA;;ES;PUB;associatedPartner;0,00
101169293;HORIZON;2025;990867805;University of Notre Dame du Lac;Notre Dame;US;HES;associatedPartner;0,00
101169293;HORIZON;2025;926068313;Chivas Brothers Ltd;Chivas Brothers Ltd;UK;PRC;associatedPartner;0,00
101169293;HORIZON;2025;929081133;CONSERVATION EDUCATION AND RESEARCH TRUST;Earthwatch;UK;REC;associatedPartner;0,00
101169293;HORIZON;2025;999991722;AGENCIA ESTATAL CONSEJO SUPERIOR DE INVESTIGACIONES CIENTIFICAS;CSIC;ES;REC;participant;251971,20
101169293;HORIZON;2025;999507983;SVERIGES METEOROLOGISKA OCH HYDROLOGISKA INSTITUT;SMHI;SE;PUB;associatedPartner;0,00
101169293;HORIZON;2025;897060560;EasyMining Sweden AB;EasyMining;SE;PRC;associatedPartner;0,00
101169293;HORIZON;2025;999887350;SVERIGES LANTBRUKSUNIVERSITET;SWEDISH UNIVERSITY OF AGRICULTURAL SCIENCES;SE;HES;coordinator;293709,60
101169293;HORIZON;2025;999466952;TEAGASC - AGRICULTURE AND FOOD DEVELOPMENT AUTHORITY;;IE;HES;participant;286488,00
101169293;HORIZON;2025;999980276;RHEINISCHE FRIEDRICH-WILHELMS-UNIVERSITAT BONN;;DE;HES;associatedPartner;0,00
101169293;HORIZON;2025;999854855;UNIVERSITAET POTSDAM;UP;DE;HES;associatedPartner;0,00
101169293;HORIZON;2025;999634859;LUODE CONSULTING OY;LC;FI;PRC;associatedPartner;0,00
101169293;HORIZON;2025;895461515;INSTITUT NATIONAL D'ENSEIGNEMENT SUPERIEUR POUR L'AGRICULTURE, L'ALIMENTATION ET L'ENVIRONNEMENT;INSTITUT AGRO;FR;HES;associatedPartner;0,00
101169293;HORIZON;2025;999986387;UNIVERSITAT DE BARCELONA;UB;ES;HES;associatedPartner;0,00
101169293;HORIZON;2025;999840984;UNIVERSITY OF LANCASTER;Lancaster University;UK;HES;associatedPartner;0,00
101169293;HORIZON;2025;999987357;UNIVERSITAET FUER BODENKULTUR WIEN;BOKU;AT;HES;associatedPartner;0,00
101169293;HORIZON;2025;987086066;INTEL RESEARCH AND DEVELOPMENT IRELAND LIMITED;ISL;IE;PRC;associatedPartner;0,00
101169293;HORIZON;2025;997826585;NORSK INSTITUTT FOR VANNFORSKNING STI;NORWEGIAN INSTITUTE FOR WATER RESEARCH;NO;REC;associatedPartner;0,00
101169293;HORIZON;2025;999533882;ENVIRONMENTAL PROTECTION AGENCY;EPAGHNIOMHAIREACHT UM CHAOMHNU COMHSHAOIL;IE;REC;associatedPartner;0,00
101169293;HORIZON;2025;918459536;SCOTTISH ENVIRONMENT PROTECTION AGENCY;SEPA;UK;PUB;associatedPartner;0,00
101169293;HORIZON;2025;999993274;INSTITUT NATIONAL DE RECHERCHE POUR L'AGRICULTURE, L'ALIMENTATION ET L'ENVIRONNEMENT;INRAE;FR;REC;participant;282693,60
101169293;HORIZON;2025;937267351;CARBERY FOOD INGREDIENTS LIMITED;;IE;PRC;associatedPartner;0,00
101169293;HORIZON;2025;923079646;Landesbetrieb für Hochwasserschutz und Wasserwirtschaft;;DE;PUB;associatedPartner;0,00
101169293;HORIZON;2025;999885313;UNIVERSITY OF ULSTER;Ulster;UK;HES;associatedPartner;0,00
101169293;HORIZON;2025;998175882;AGENCIA CATALANA DE L'AIGUA;ACA;ES;PUB;associatedPartner;0,00
101181413;HORIZON;2025;999997736;AARHUS UNIVERSITET;AU;DK;HES;participant;217891,25
101181413;HORIZON;2025;879800186;Irish Ocean Literacy Network;Irish Ocean Literacy Network CLG;IE;OTH;participant;219718,75
101181413;HORIZON;2025;987950045;EIGEN VERMOGEN VAN HET INSTITUUT VOOR NATUUR- EN BOSONDERZOEK;EV INBO;BE;REC;participant;659052,00
101181413;HORIZON;2025;999927120;FORSCHUNGSVERBUND BERLIN EV;;DE;REC;participant;477571,25
101181413;HORIZON;2025;879750910;Nelson Artificial Intelligence Institute Limited;Nelson Artificial Intelligence Institute;NZ;PRC;participant;80080,00
101181413;HORIZON;2025;999895789;UNIVERSITA DEGLI STUDI DI FIRENZE;UNIFI;IT;HES;participant;212618,75
101181413;HORIZON;2025;911539847;ERINN INNOVATION LIMITED;ERINN INNOVATION;IE;PRC;participant;96775,00
101181413;HORIZON;2025;879488331;NNIT;;BE;PRC;participant;100633,75
101181413;HORIZON;2025;999991722;AGENCIA ESTATAL CONSEJO SUPERIOR DE INVESTIGACIONES CIENTIFICAS;CSIC;ES;REC;participant;378587,50
101181413;HORIZON;2025;892197174;INTERNATIONAL ESTUARINE & COASTAL SPECIALISTS LTD;;UK;PRC;participant;211531,25
101181413;HORIZON;2025;998403929;THE UNIVERSITY OF SYDNEY;UNSYD;AU;HES;associatedPartner;0,00
101181413;HORIZON;2025;999893752;UNIVERSITA DEGLI STUDI DI PAVIA;UNIPV;IT;HES;participant;414225,00
101181413;HORIZON;2025;880202445;International Association for Open Knowledge on Invasive Alien Species;;FI;OTH;participant;356232,50
101181413;HORIZON;2025;998222927;NORD UNIVERSITET;NORD UNIVERSITET;NO;HES;participant;844312,50
101181413;HORIZON;2025;999904422;KLAIPEDOS UNIVERSITETAS;KU_LT;LT;HES;participant;303950,00
101181413;HORIZON;2025;883063460;Sequench Limited;Sequench;NZ;PRC;participant;380275,00
101181413;HORIZON;2025;999840693;PANEPISTIMIO AIGAIOU;UNIVERSITY OF THE AEGEAN;EL;HES;coordinator;889375,00
101181413;HORIZON;2025;999599939;VLAAMS INSTITUUT VOOR DE ZEE;FLANDERS MARINE INSTITUTE INSTITUT FLAMAND DE LA MER;BE;REC;participant;288875,00
101181413;HORIZON;2025;887217582;LOBSTER INNOVATIONS B.V.;LOBSTER ROBOTICS;NL;PRC;participant;344176,00
101181413;HORIZON;2025;999992304;JRC -JOINT RESEARCH CENTRE- EUROPEAN COMMISSION;JRC;BE;REC;participant;0,00
101187606;HORIZON;2025;997826391;UNIVERSIDADE DE COIMBRA;UNIVERSIDADE DE COIMBRA;PT;HES;coordinator;2498945,78
101181878;HORIZON;2025;999981537;JOANNEUM RESEARCH FORSCHUNGSGESELLSCHAFT MBH;JOANNEUM RESEARCH;AT;REC;participant;270218,75
101181878;HORIZON;2025;867388163;HUN-REN OKOLOGIAI KUTATOKOZPONT;;HU;REC;participant;210218,54
101181878;HORIZON;2025;888419994;SPRAVA NARODNIHO PARKU SUMAVA;SUMAVA NATIONAL PARK;CZ;PUB;participant;79250,00
101181878;HORIZON;2025;999844670;OULUN YLIOPISTO;UOULU;FI;HES;coordinator;1101620,00
101181878;HORIZON;2025;998378030;CHIANG MAI UNIVERSITY;CMU;TH;HES;participant;141862,50
101181878;HORIZON;2025;879610066;PROPARK-FUNDATIA PENTRU ARII PROTEJATE;;RO;OTH;participant;161000,00
101181878;HORIZON;2025;879189668;The Lifescape Project;The Lifescape Project;UK;OTH;participant;473247,50
101181878;HORIZON;2025;934887262;LUONNONVARAKESKUS;LUKE;FI;REC;participant;364937,50
101181878;HORIZON;2025;999452596;INTERNATIONALES INSTITUT FUER ANGEWANDTE SYSTEMANALYSE;IIASA;AT;REC;participant;657110,00
101181878;HORIZON;2025;913783845;PILISI PARKERDO ZARTKORUEN MUKODO RESZVENYTARSASAG;PILIS PARK FORESTRY LTD;HU;PRC;participant;187573,75
101181878;HORIZON;2025;999995796;UNIVERSITA DEGLI STUDI DI MILANO;UMIL;IT;HES;participant;380266,25
101181878;HORIZON;2025;960510394;MINISTERO DELLA DIFESA;MINISTRY DEFENCE;IT;PUB;participant;203500,00
101181878;HORIZON;2025;999993953;ALMA MATER STUDIORUM - UNIVERSITA DI BOLOGNA;UNIBO;IT;HES;participant;409960,00
101181878;HORIZON;2025;896556160;Lumina Sprl;Luminaconsult;BE;PRC;participant;211718,75
101181878;HORIZON;2025;876850028;Ocolul Silvic Ingleby;;RO;PRC;participant;60500,00
101181878;HORIZON;2025;999896371;UNIVERSITA DEGLI STUDI DELLA TUSCIA;UNITUS;IT;HES;participant;385753,75
101181878;HORIZON;2025;999912570;CESKA ZEMEDELSKA UNIVERZITA V PRAZE;CZECH UNIVERSITY OF LIFE SCIENCES PRAGUE;CZ;HES;participant;517500,00
101181878;HORIZON;2025;888260235;STICHTING WILD EUROPE;;NL;OTH;participant;150000,00
101181878;HORIZON;2025;954674292;HUN-REN OKOLOGIAI KUTATOKOZPONT;HUN-REN CENTRE FOR ECOLOGICAL RESEARCH;HU;REC;participant;1281,46
101182299;HORIZON;2024;917939810;FONDAZIONE ICONS;ICONS;IT;OTH;participant;304937,50
101182299;HORIZON;2024;893434894;HOT OR COOL INSTITUTE;;DE;REC;participant;344375,00
101182299;HORIZON;2024;953813514;FUNDACION DE LA COMUNITAT VALENCIANA PARA LA PROMOCION ESTRATEGICA EL DESARROLLO Y LA INNOVACION URBANA;LAS NAVES;ES;OTH;participant;260750,00
101182299;HORIZON;2024;999584128;AIT AUSTRIAN INSTITUTE OF TECHNOLOGY GMBH;AIT;AT;REC;participant;397986,25
101182299;HORIZON;2024;999551148;COLLABORATING CENTRE ON SUSTAINABLE CONSUMPTION AND PRODUCTION GGMBH;CSCP;DE;REC;coordinator;693687,50
101182299;HORIZON;2024;903174082;PNO INNOVATION SL;;ES;PRC;participant;185625,00
101182299;HORIZON;2024;912359400;RETE DELLE CASE DEL QUARTIERE ETS;;IT;OTH;participant;156850,00
101182299;HORIZON;2024;879683883;Stadmakers vzw;De Republiek;BE;OTH;participant;308086,25
101182299;HORIZON;2024;907048747;INCOMMON NON-PROFIT CIVIL LAW COMPANY;;EL;OTH;participant;192687,50
101182299;HORIZON;2024;998175591;EIGEN VERMOGEN VAN HET INSTITUUT VOOR LANDBOUW- EN VISSERIJONDERZOEK;EV ILVO;BE;REC;participant;596875,00
101182299;HORIZON;2024;901829759;SCIENCE FOR CHANGE, SL;SCIENCE FOR CHANGE;ES;PRC;participant;163250,00
101182299;HORIZON;2024;986538792;COMUNE DI TORINO;CITTA DI TORINO;IT;PUB;participant;96750,00
101182299;HORIZON;2024;965342449;DIMOS THESSALONIKIS;MUNICIPALITY OF THESSALONIKI;EL;PUB;participant;48875,00
101182299;HORIZON;2024;937057540;ITC - INOVACIJSKO TEHNOLOSKI GROZD MURSKA SOBOTA;ITC - INNOVATION TECHNOLOGY CLUSTER MURSKA SOBOTA;SI;REC;participant;315000,00
101182299;HORIZON;2024;947424124;HOCHSCHULE FUR BILDENDE KUNSTE BRAUNSCHWEIG;BRAUNSCHWEIG UNIVERSITY OF FINE ARTS;DE;HES;participant;429807,50
101182299;HORIZON;2024;911533736;JIBE COMPANY BV;;NL;PRC;participant;527375,00
101180559;HORIZON;2025;892844164;ASSOCIACAO BIOPOLIS;;PT;REC;participant;451262,50
101180559;HORIZON;2025;999997736;AARHUS UNIVERSITET;AU;DK;HES;participant;573763,75
101180559;HORIZON;2025;997817176;UNIVERSITATEA OVIDIUS DIN CONSTANTA;OVIDIUS UNIVERSITY OF CONSTANTA;RO;HES;participant;247200,00
101180559;HORIZON;2025;999864555;THE UNIVERSITY OF EXETER;UNEXE;UK;HES;participant;112900,00
101180559;HORIZON;2025;999612161;COVENTRY UNIVERSITY;COVENTRY UNIVERSITY;UK;HES;participant;394692,50
101180559;HORIZON;2025;999851654;LINCOLN UNIVERSITY;;NZ;HES;participant;203900,00
101180559;HORIZON;2025;987950045;EIGEN VERMOGEN VAN HET INSTITUUT VOOR NATUUR- EN BOSONDERZOEK;EV INBO;BE;REC;participant;433815,00
101180559;HORIZON;2025;999866883;UNIVERSITAT WIEN;UNIVIE;AT;HES;participant;311336,25
101180559;HORIZON;2025;999994632;HELMHOLTZ-ZENTRUM FUR UMWELTFORSCHUNG GMBH - UFZ;;DE;REC;participant;321572,50
101180559;HORIZON;2025;999551633;BOTANICKY USTAV AV CR, V.V.I.;;CZ;REC;participant;206225,00
101180559;HORIZON;2025;879488331;NNIT;;BE;PRC;participant;76881,88
101180559;HORIZON;2025;999991722;AGENCIA ESTATAL CONSEJO SUPERIOR DE INVESTIGACIONES CIENTIFICAS;CSIC;ES;REC;associatedPartner;0,00
101180559;HORIZON;2025;937139602;PLATFORM KINETICS LIMITED;;UK;PRC;participant;266008,75
101180559;HORIZON;2025;934887262;LUONNONVARAKESKUS;LUKE;FI;REC;participant;262850,00
101180559;HORIZON;2025;897953251;UK CENTRE FOR ECOLOGY & HYDROLOGY;;UK;REC;participant;559587,50
101180559;HORIZON;2025;935884325;AGENTSCHAP PLANTENTUIN MEISE;AGENTSCHAP PLANTENTUIN MEISE;BE;REC;coordinator;1065315,62
101180559;HORIZON;2025;998303631;PENSOFT PUBLISHERS;PENSOFT;BG;PRC;participant;211435,00
101180559;HORIZON;2025;883461548;GREENFORMATION KFT;;HU;PRC;participant;94281,25
101180559;HORIZON;2025;965934440;THE CYPRUS INSTITUTE;;CY;HES;participant;71400,00
101180559;HORIZON;2025;999877359;STELLENBOSCH UNIVERSITY;SU UNIVERSITY OF STELLENBOSCH;ZA;HES;participant;135562,50
101180559;HORIZON;2025;999992304;JRC -JOINT RESEARCH CENTRE- EUROPEAN COMMISSION;JRC;BE;REC;participant;0,00
101181692;HORIZON;2024;973964488;ASTIKI MI KERDOSKOPIKI ETAIREIA PROLIPTIKIS PERIVALLONTIKIS KAI ERGASIAKIS IATRIKIS;INSTITOUTO PROLEPSIS;EL;OTH;participant;183756,27
101181692;HORIZON;2024;907398723;SAFE FOOD ADVOCACY EUROPE;;BE;OTH;participant;358312,50
101181692;HORIZON;2024;894585605;ADCOGITO ELGSENOS TYRIMU INSTITUTAS, VSI;ADCOGITO, INSTITUTE FOR ADVANCED BEHAVIORAL RESEARCH;LT;REC;participant;475312,50
101181692;HORIZON;2024;998191305;VLAAMS INSTITUUT VOOR GEZONDHEIDSPROMOTIE EN ZIEKTEPREVENTIE VZW;VIGEZ;BE;OTH;participant;241640,63
101181692;HORIZON;2024;878501259;SMARTMAT NV;Smartmat NV;BE;PRC;participant;106312,50
101181692;HORIZON;2024;969038343;DIETHNES PANEPISTIMIO ELLADOS;INTERNATIONAL HELLENIC UNIVERSITY IHU;EL;HES;participant;228187,50
101181692;HORIZON;2024;999893170;VILNIAUS UNIVERSITETAS;Vilniaus universitetas;LT;HES;participant;171375,00
101181692;HORIZON;2024;879572430;VILNIAUS MIESTO SAVIVALDYBES VISUOMENES SVEIKATOS BIURAS;;LT;PUB;participant;161875,00
101181692;HORIZON;2024;999991334;KATHOLIEKE UNIVERSITEIT LEUVEN;KU Leuven;BE;HES;coordinator;743343,10
101181692;HORIZON;2024;999654356;EREVNITIKO PANEPISTIMIAKO INSTITOUTO SYSTIMATON EPIKOINONION KAI YPOLOGISTON;RESEARCH UNIVERSITY INSTITUTE OF COMMUNICATION AND COMPUTER SYSTEMS;EL;REC;participant;286635,00
101188210;HORIZON;2025;905834016;ARS ELECTRONICA LINZ GMBH & CO KG;;AT;REC;participant;326000,00
101188210;HORIZON;2025;952410118;FUNDACION IBERCIVIS;;ES;REC;coordinator;256465,00
101188210;HORIZON;2025;883637603;CITIZEN SCIENCE GLOBAL PARTNERSHIP (CSGP) - GLOBALE PARTNERSCHAFT FUER BUERGERWISSENSCHAFTEN (GPBW);;AT;OTH;participant;89062,00
101188210;HORIZON;2025;954810286;CENTAR ZA PROMOCIJU NAUKE;CENTER FOR THE PROMOTION OF SCIENCE;RS;PUB;participant;109250,00
101188210;HORIZON;2025;999991722;AGENCIA ESTATAL CONSEJO SUPERIOR DE INVESTIGACIONES CIENTIFICAS;CSIC;ES;REC;participant;215070,75
101188210;HORIZON;2025;999452596;INTERNATIONALES INSTITUT FUER ANGEWANDTE SYSTEMANALYSE;IIASA;AT;REC;participant;166810,50
101188210;HORIZON;2025;937663402;VEREIN DER EUROPAISCHEN BURGEWISSENSCHAFTEN - ECSA EV;EUROPEAN CITIZEN SCIENCE ASSOCIATION;DE;REC;participant;421750,00
101188210;HORIZON;2025;999976396;UNIVERSITAT ZURICH;UZH;CH;HES;associatedPartner;0,00
101188210;HORIZON;2025;940719872;ZENTRUM FUR SOZIALE INNOVATION GMBH;Zentrum fuer Soziale Innovation GmbH;AT;REC;participant;301625,00
101188210;HORIZON;2025;999923531;UNIVERSITA' DEGLI STUDI DI MILANO-BICOCCA;UNIMIB;IT;HES;participant;332375,00
101188210;HORIZON;2025;999647857;VILNIAUS GEDIMINO TECHNIKOS UNIVERSITETAS;VILNIUS TECH;LT;HES;participant;223437,50
101188210;HORIZON;2025;989879860;OEAD GMBH - AGENTUR FUR BILDUNG UND INTERNATIONALISIERUNG;OeAD-GmbH;AT;OTH;participant;270500,00
101188210;HORIZON;2025;999847192;MALMO UNIVERSITET;MALMO UNIVERSITY;SE;HES;participant;285550,00
101188028;HORIZON;2025;911633161;SEASCAPE BELGIUM;;BE;PRC;participant;424375,00
101188028;HORIZON;2025;999985611;UNIVERSITY OF EAST ANGLIA;UEA;UK;HES;participant;159978,75
101188028;HORIZON;2025;999864555;THE UNIVERSITY OF EXETER;UNEXE;UK;HES;participant;911375,00
101188028;HORIZON;2025;999544940;WORLD METEOROLOGICAL ORGANIZATION;ORGANISATION METEOROLOGIQUE MONDIALE - WMO - OMM;CH;PUB;participant;438790,00
101188028;HORIZON;2025;922983713;INTEGRATED CARBON OBSERVATION SYSTEM EUROPEAN RESEARCH INFRASTRUCTURECONSORTIUM;ICOS ERIC;FI;REC;participant;155625,00
101188028;HORIZON;2025;949128026;EURO-ARGO ERIC;EURO-ARGO ERIC;FR;REC;participant;1244500,00
101188028;HORIZON;2025;887375886;IMOCA;;FR;OTH;participant;100000,00
101188028;HORIZON;2025;952163738;SUBCTECH GMBH;SUBCTECH GMBH;DE;PRC;participant;227500,00
101188028;HORIZON;2025;909980087;EUROPEAN MARINE BIOLOGICAL RESOURCE CENTRE EUROPEAN RESEARCH INFRASTRUCTURE CONSORTIUM;EMBRC-ERIC;FR;REC;participant;263750,00
101188028;HORIZON;2025;999488971;INSTYTUT OCEANOLOGII POLSKIEJ AKADEMII NAUK;IO PAN;PL;REC;participant;295000,00
101188028;HORIZON;2025;951676701;NKE INSTRUMENTATION;;FR;PRC;participant;179875,00
101188028;HORIZON;2025;907520846;SOUTH ATLANTIC ENVIRONMENTAL RESEARCH INSTITUTE;;UK;REC;participant;191255,00
101188028;HORIZON;2025;898797054;NATIONAL OCEANOGRAPHY CENTRE;;UK;REC;participant;1736876,25
101188028;HORIZON;2025;986090458;HELMHOLTZ-ZENTRUM FUR OZEANFORSCHUNG KIEL (GEOMAR);;DE;REC;participant;952500,00
101188028;HORIZON;2025;999997930;CENTRE NATIONAL DE LA RECHERCHE SCIENTIFIQUE CNRS;CNRS;FR;REC;participant;447500,00
101188028;HORIZON;2025;999599939;VLAAMS INSTITUUT VOOR DE ZEE;FLANDERS MARINE INSTITUTE INSTITUT FLAMAND DE LA MER;BE;REC;participant;503500,00
101188028;HORIZON;2025;905860788;NORCE RESEARCH AS;NORCE;NO;REC;coordinator;1230650,00
101188028;HORIZON;2025;909875521;SORBONNE UNIVERSITE;;FR;HES;participant;536250,00
101157269;HORIZON;2024;996713801;ANAPTYXIAKI ATHINAS ANONYMI ETAIREIA - ANAPTYXIAKOS ORGANISMOS TOPIKIS AYTODIOIKISIS;DEVELOP ATHENS S.A. - LOCAL GOVERNMENT ORGANISATION;EL;PRC;participant;231250,00
101157269;HORIZON;2024;998771171;BUNDESINSTITUT FUER RISIKOBEWERTUNG;BFR;DE;REC;participant;671250,00
101157269;HORIZON;2024;999997736;AARHUS UNIVERSITET;AU;DK;HES;participant;502485,00
101157269;HORIZON;2024;999584128;AIT AUSTRIAN INSTITUTE OF TECHNOLOGY GMBH;AIT;AT;REC;participant;638527,33
101157269;HORIZON;2024;999971837;INSTITUT JOZEF STEFAN;JSI;SI;REC;participant;422500,00
101157269;HORIZON;2024;999507886;INSTITUTO DE SALUD CARLOS III;ISCIII;ES;REC;participant;447500,00
101157269;HORIZON;2024;999895692;ARISTOTELIO PANEPISTIMIO THESSALONIKIS;ARISTOTLE UNIVERSITY OF THESSALONIKI;EL;HES;participant;770000,00
101157269;HORIZON;2024;999991722;AGENCIA ESTATAL CONSEJO SUPERIOR DE INVESTIGACIONES CIENTIFICAS;CSIC;ES;REC;participant;367750,00
101157269;HORIZON;2024;916943523;EXUS SOFTWARE MONOPROSOPI ETAIRIA PERIORISMENIS EVTHINIS;EXUS SOFTWARESINGLE MEMBER LIMITED LIABILITY COMPANY;EL;PRC;participant;462286,25
101157269;HORIZON;2024;998308190;INSTITUTO NACIONAL DE SAUDE DR. RICARDO JORGE;;PT;REC;participant;439375,00
101157269;HORIZON;2024;999978239;"""NATIONAL CENTER FOR SCIENTIFIC RESEARCH ""DEMOKRITOS""""";"""NCSR ""D""""";EL;REC;participant;460000,00
101157269;HORIZON;2024;899910129;ENVE.X SINGLE MEMBER PC;;EL;PRC;participant;550000,00
101157269;HORIZON;2024;999835940;INSTYTUT MEDYCYNY PRACY IMIENIA PROF. DRA MED. JERZEGO NOFERA W LODZI;NIOM;PL;REC;participant;386250,00
101157269;HORIZON;2024;985772104;FUNDACIO INSTITUT D'INVESTIGACIO SANITARIA PERE VIRGILI (IISPV);Institut de Recerca Biomedica Catalunya Sud (IRBCatSud);ES;REC;participant;490000,00
101157269;HORIZON;2024;999479853;ETHNIKO IDRYMA EREVNON;NATIONAL HELLENIC RESEARCH FOUNDATION EIE NHRF;EL;REC;coordinator;956875,00
101157269;HORIZON;2024;907509788;DIKTYO POLEON GIA TI VIOSIMI ANAPTYXI KAI KYKLIKI OIKONOMIA A.M.K.E.;;EL;OTH;participant;203750,00
101139637;HORIZON;2025;902868726;STOWARZYSZENIE INICJATYWA MIASTO;;PL;REC;participant;191250,00
101139637;HORIZON;2025;966466485;MUNICIPIUL CLUJ-NAPOCA;MUNICIPALITYOF CLUJ-NAPOCA UAT CLUJ-NAPOCA;RO;PUB;participant;314750,00
101139637;HORIZON;2025;889113738;ASOCIATIA CLUSTER DE EDUCATIE C-EDU;;RO;OTH;participant;169750,00
101139637;HORIZON;2025;984556306;EUROPEAN NETWORK OF LIVING LABS IVZW;ENoLL  IVZW;BE;OTH;participant;400000,00
101139637;HORIZON;2025;882028470;FORENINGEN PADRIV TRONDHEIM;PADRIV TRONDHEIM;NO;OTH;participant;111250,00
101139637;HORIZON;2025;939158754;ANAPTYXIAKI MEIZONOS ASTIKIS THESSALONIKIS AE - ANAPTYXIAKOS ORGANISMOS TOPIKIS AUTODIOIKISIS;;EL;OTH;participant;135625,00
101139637;HORIZON;2025;999895692;ARISTOTELIO PANEPISTIMIO THESSALONIKIS;ARISTOTLE UNIVERSITY OF THESSALONIKI;EL;HES;participant;322250,00
101139637;HORIZON;2025;998526052;ASOCIACION DE INDUSTRIAS DE CONOCIMIENTO Y TECNOLOGIA - GAIA - EUSKALHERRIKO EZAGUTZA ETA TEKNOLOGIA INDUSTRIEN ELKARTEA;GAIA;ES;OTH;participant;305625,00
101139637;HORIZON;2025;996380024;TARTU LINN;TARTU CITY;EE;PUB;participant;793750,00
101139637;HORIZON;2025;898834205;BORSBOOM-VAN BEURDEN JUDITH ANNA MARIA;LOCALITY;NL;PRC;participant;101062,50
101139637;HORIZON;2025;954810286;CENTAR ZA PROMOCIJU NAUKE;CENTER FOR THE PROMOTION OF SCIENCE;RS;PUB;participant;78750,00
101139637;HORIZON;2025;910945140;SINTEF AS;SINTEF;NO;REC;participant;673125,00
101139637;HORIZON;2025;998824327;TRONDHEIM KOMMUNE;TRONDHEIM;NO;PUB;participant;1257325,00
101139637;HORIZON;2025;946358773;JUNIOR ACHIEVEMENT EUROPE;JA EUROPE;BE;OTH;participant;574375,00
101139637;HORIZON;2025;911297735;ORTI GENERALI SRL - IMPRESA SOCIALE;ORTI GENERALI SRL;IT;OTH;thirdParty;160325,00
101139637;HORIZON;2025;986156418;GMINA MIASTA GDANSKA;MIASTO GDANSK;PL;PUB;participant;584875,00
101139637;HORIZON;2025;999529323;BALTI UURINGUTE INSTITUUT;INSTITUTE OF BALTIC STUDIES;EE;REC;participant;310625,00
101139637;HORIZON;2025;986538792;COMUNE DI TORINO;CITTA DI TORINO;IT;PUB;participant;580500,00
101139637;HORIZON;2025;993619889;GEMEENTE EINDHOVEN;EINDHOVEN;NL;PUB;participant;908900,00
101139637;HORIZON;2025;886292978;TH!NK EUROPE;TH!NK EUROPE;BE;PRC;participant;117666,50
101139637;HORIZON;2025;928399029;CENTRE FOR EXPERIMENTS IN URBAN STUDIES  - CEUS;CEUS;RS;REC;participant;179500,00
101139637;HORIZON;2025;949852422;ESKILARA S KOOP TXIKIA;ESKILARA;ES;OTH;participant;215350,00
101139637;HORIZON;2025;952129982;TH!NK E;TH!NK E;BE;PRC;participant;322511,00
101139637;HORIZON;2025;920286919;STIFTUNG GLOBAL INFRASTRUCTURE BASEL;GOBAL INFRASTRUCTURE BASEL FOUNDATION;CH;OTH;associatedPartner;0,00
101139637;HORIZON;2025;916573856;FONDAZIONE LINKS - LEADING INNOVATION & KNOWLEDGE FOR SOCIETY;FONDAZIONE LINKS;IT;REC;participant;264375,00
101139637;HORIZON;2025;939608446;GRAD BEOGRAD;;RS;PUB;participant;725625,00
101139637;HORIZON;2025;913606820;FONDAZIONE DELLA COMUNITA DI MIRAFIORI ENTE FILANTROPICO E.T.S.;FONDAZIONE MIRAFIORI ENTE FILANTROPICO E.T.S.;IT;OTH;participant;225000,00
101139637;HORIZON;2025;882157189;NYHAVNA EIENDOM AS;;NO;PRC;participant;100231,25
101139637;HORIZON;2025;897354858;GERNIKA-LUMOKO KULTUR ETXEA;CASA DE CULTURA DE GERNIKA-LUMO;ES;PUB;participant;183500,00
101139637;HORIZON;2025;999588784;POLITECHNIKA GDANSKA;GDANSK UNIVERSITY OF TECHNOLOGY;PL;HES;participant;225750,00
101139637;HORIZON;2025;999977851;NORGES TEKNISK-NATURVITENSKAPELIGE UNIVERSITET NTNU;NTNU;NO;HES;coordinator;1211625,00
101139637;HORIZON;2025;999842536;TALLINNA TEHNIKAÜLIKOOL;TALLINN UNIVERSITY OF TECHNOLOGY;EE;HES;participant;188625,00
101139637;HORIZON;2025;916314381;ROSENDAL INTERNASJONALE TEATER;;NO;OTH;participant;65625,00
101161971;HORIZON;2025;999591306;ILMATIETEEN LAITOS;FMI;FI;REC;coordinator;2459229,00
101169640;HORIZON;2025;999988812;RUHR-UNIVERSITAET BOCHUM;RUHR-UNIVERSITAET BOCHUM;DE;HES;coordinator;1998018,00
101169706;HORIZON;2025;999975717;UNIVERSITY COLLEGE CORK -  NATIONAL UNIVERSITY OF IRELAND, CORK;UCC;IE;HES;coordinator;1999519,00
101198735;HORIZON;2025;992204077;PRESIDENT AND FELLOWS OF HARVARD COLLEGE;OFFICE FOR SPONSORED PROGRAMS;US;HES;associatedPartner;0,00
101198735;HORIZON;2025;999953019;UNIVERSITAT DE VALENCIA;UVEG;ES;HES;coordinator;333129,36
101198735;HORIZON;2025;999849132;THE AUSTRALIAN NATIONAL UNIVERSITY;ANU;AU;HES;associatedPartner;228172,08
101204042;HORIZON;2026;999974941;THE UNIVERSITY OF EDINBURGH;UEDIN;UK;HES;coordinator;260347,92
101209275;HORIZON;2026;892344129;UNIVERSIDAD AUTONOMA DE CAMPECHE;UAC;MX;HES;associatedPartner;0,00
101209275;HORIZON;2026;933415481;UNIVERSIDAD JUAREZ AUTONOMA DE TABASCO;UJAT;MX;HES;associatedPartner;0,00
101209275;HORIZON;2026;999991722;AGENCIA ESTATAL CONSEJO SUPERIOR DE INVESTIGACIONES CIENTIFICAS;CSIC;ES;REC;coordinator;256753,20
101244205;HORIZON;2025;999894916;UNIVERSIDADE DO PORTO;U PORTO;PT;HES;coordinator;191343,12
101215153;HORIZON;2025;888396811;STICHTING INTERNATIONAL INSTITUTE FOR ENVIRONMENT AND DEVELOPMENT EUROPE;IIED Europe;NL;REC;participant;250125,00
101215153;HORIZON;2025;999693350;ADELPHI RESEARCH GEMEINNÜTZIGE GMBH;;DE;REC;participant;181000,00
101215153;HORIZON;2025;948986115;ETABLISSEMENT D'ENSEIGNEMENT SUPERIEUR CONSULAIRE HAUTES ETUDES COMMERCIALES DE PARIS;;FR;HES;coordinator;607296,87
101215153;HORIZON;2025;999604110;FUNDACION TECNALIA RESEARCH & INNOVATION;TECNALIA;ES;REC;participant;278140,63
101215153;HORIZON;2025;952610423;FRESH-THOUGHTS CONSULTING GMBH;FT;AT;PRC;participant;218625,00
101215153;HORIZON;2025;878875582;STICHTING CLIMATE-KIC INTERNATIONAL FOUNDATION;Climate KIC;NL;OTH;participant;401250,00
101215153;HORIZON;2025;999452596;INTERNATIONALES INSTITUT FUER ANGEWANDTE SYSTEMANALYSE;IIASA;AT;REC;participant;368750,00
101215153;HORIZON;2025;998341364;ICLEI EUROPEAN SECRETARIAT GMBH (ICLEI EUROPASEKRETARIAT GMBH);ICLEI EURO;DE;OTH;participant;425000,00
101215153;HORIZON;2025;999419422;FONDAZIONE CENTRO EURO-MEDITERRANEOSUI CAMBIAMENTI CLIMATICI;FONDAZIONE CMCC;IT;REC;participant;268750,00
101214613;HORIZON;2025;888059833;OUTBE SRL SOCIETA BENEFIT;;IT;PRC;participant;107312,50
101214613;HORIZON;2025;911633161;SEASCAPE BELGIUM;;BE;PRC;participant;175000,00
101214613;HORIZON;2025;999454245;UNITED NATIONS EDUCATIONAL SCIENTIFIC AND CULTURAL ORGANIZATION;ORGANISATION DES NATIONS UNIES POUR L'EDUCATION LA SCIENCE ET LA CULTURE - UNESCO;FR;REC;associatedPartner;0,00
101214613;HORIZON;2025;998055505;IEEE FRANCE SECTION;IEEE;FR;OTH;participant;50000,00
101214613;HORIZON;2025;999991722;AGENCIA ESTATAL CONSEJO SUPERIOR DE INVESTIGACIONES CIENTIFICAS;CSIC;ES;REC;participant;144991,25
101214613;HORIZON;2025;999507983;SVERIGES METEOROLOGISKA OCH HYDROLOGISKA INSTITUT;SMHI;SE;PUB;participant;104000,00
101214613;HORIZON;2025;937663402;VEREIN DER EUROPAISCHEN BURGEWISSENSCHAFTEN - ECSA EV;EUROPEAN CITIZEN SCIENCE ASSOCIATION;DE;REC;participant;156700,00
101214613;HORIZON;2025;999630300;INSTITUT FRANCAIS DE RECHERCHE POUR L'EXPLOITATION DE LA MER;;FR;REC;participant;74031,25
101214613;HORIZON;2025;985620396;AMERICAN UNIVERSITY OF ARMENIA FOUNDATION;AUAF;AM;HES;participant;90000,00
101214613;HORIZON;2025;999887059;UNIVERSITA TA MALTA;UNIVERSITY OF MALTA;MT;HES;participant;71023,75
101214613;HORIZON;2025;998621694;MARIENE INFORMATIE SERVICE MARIS BV;MARIS;NL;PRC;participant;188750,00
101214613;HORIZON;2025;898797054;NATIONAL OCEANOGRAPHY CENTRE;;UK;REC;participant;63933,75
101214613;HORIZON;2025;999419422;FONDAZIONE CENTRO EURO-MEDITERRANEOSUI CAMBIAMENTI CLIMATICI;FONDAZIONE CMCC;IT;REC;coordinator;292500,00
101214613;HORIZON;2025;991672808;ETT SPA;ETT;IT;PRC;participant;194375,00
101214613;HORIZON;2025;999599939;VLAAMS INSTITUUT VOOR DE ZEE;FLANDERS MARINE INSTITUTE INSTITUT FLAMAND DE LA MER;BE;REC;participant;163000,00
101181560;HORIZON;2025;984807924;STAD ANTWERPEN;CITY OF ANTWERPEN;BE;PUB;associatedPartner;0,00
101181560;HORIZON;2025;999902870;UNIVERSITEIT ANTWERPEN;UANTWERPEN;BE;HES;participant;331699,84
101181560;HORIZON;2025;999976881;THE UNIVERSITY OF SHEFFIELD;USFD;UK;HES;participant;397063,79
101181560;HORIZON;2025;880422635;TERRRA BREZOI;;RO;OTH;participant;158450,41
101181560;HORIZON;2025;999991043;KOBENHAVNS UNIVERSITET;UCPH;DK;HES;participant;496124,74
101181560;HORIZON;2025;913367618;REGATHER LIMITED;;UK;OTH;participant;218162,63
101181560;HORIZON;2025;902999288;TAMPEREEN KORKEAKOULUSAATIO SR;TAMPERE UNIVERSITY;FI;HES;coordinator;1016587,18
101181560;HORIZON;2025;913692471;NATUURPUNT STUDIE - VERENIGING VOOR NATUURSTUDIE IN VLAANDEREN;;BE;REC;participant;99757,06
101181560;HORIZON;2025;998829080;TAMPEREEN KAUPUNKI;TAMMERFORS STADCITY OF TAMPERE;FI;PUB;participant;172899,90
101181560;HORIZON;2025;974788115;KOBENHAVNS KOMMUNE;;DK;PUB;associatedPartner;0,00
101181560;HORIZON;2025;999842148;SHEFFIELD HALLAM UNIVERSITY;SHEFFIELD HALLAM UNIVERSITY;UK;HES;participant;98720,90
101181560;HORIZON;2025;879945201;KLIMAATPLATFORM ANTWERPEN;klimplant vzw;BE;OTH;participant;243591,26
101181560;HORIZON;2025;880019794;OTTO WILLY;GROENCOACH;BE;PRC;participant;30257,49
101181560;HORIZON;2025;890026605;Oras Brezoi;Primaria Brezoi;RO;PUB;participant;9880,00
101181560;HORIZON;2025;885403682;Finnora Oy;Crowdsorsa;FI;PRC;participant;202292,88
101181560;HORIZON;2025;879943746;TIL VAEGS;;DK;OTH;participant;25552,50
101181560;HORIZON;2025;876778927;AKK - ALMENE KUNSTKLUBBER;AKK;DK;OTH;participant;318111,15
101181560;HORIZON;2025;879076469;VILLI VYOHYKE RY;;FI;OTH;participant;197494,91
101181560;HORIZON;2025;999985805;UNIVERSITEIT UTRECHT;UU;NL;HES;participant;271699,84
101181560;HORIZON;2025;880067615;COMMONS LAB VZW;;BE;OTH;participant;220126,28
101181560;HORIZON;2025;929626176;ATELIER D ARCHITECTURE AUTOGEREE;;FR;OTH;participant;491285,99
101181351;HORIZON;2025;999997736;AARHUS UNIVERSITET;AU;DK;HES;coordinator;1742120,00
101181351;HORIZON;2025;997980718;EIFER EUROPAISCHES INSTITUT FUR ENERGIEFORSCHUNG EDF KIT EWIV;EIFER;DE;REC;participant;271375,00
101181351;HORIZON;2025;878485254;Samsø Landboforening;;DK;OTH;associatedPartner;0,00
101181351;HORIZON;2025;999865137;SZKOLA GLOWNA GOSPODARSTWA WIEJSKIEGO;SGGW WARSAW UNIVERSITY OF LIFE SCIENCES;PL;HES;participant;371500,00
101181351;HORIZON;2025;997539756;Uniwersytet Przyrodniczy w Lublinie;UP w Lublinie;PL;HES;participant;349125,00
101181351;HORIZON;2025;907678859;CONSORCI BESOS TORDERA;;ES;PUB;participant;130125,00
101181351;HORIZON;2025;928293784;BIURO URZADZANIA LASU I GEODEZJI LESNEJ;BULiGL;PL;PRC;participant;42000,00
101181351;HORIZON;2025;999507401;HELMHOLTZ-ZENTRUM HEREON GMBH;HEREON;DE;REC;participant;544150,00
101181351;HORIZON;2025;932674207;BODENSEE STIFTUNG;;DE;OTH;participant;228500,00
101181351;HORIZON;2025;999979500;CONSIGLIO NAZIONALE DELLE RICERCHE;CNR;IT;REC;participant;513750,00
101181351;HORIZON;2025;999976202;UNIVERSITAT POLITECNICA DE CATALUNYA;UPC;ES;HES;participant;498062,50
101181351;HORIZON;2025;995624006;UICN, BUREAU DE REPRESENTATION AUPRES DE L'UNION EUROPEENNE AISBL;IUCNEUROPEAN UNION REPRESENTATIVE OFFICE;BE;OTH;participant;447500,00
101181351;HORIZON;2025;999879881;POLITECNICO DI MILANO;POLIMI;IT;HES;participant;339470,00
101181351;HORIZON;2025;891703056;INSTITUT MUNICIPAL D URBANISME;;ES;PUB;participant;80625,00
101181351;HORIZON;2025;888575970;FUNDACIO RIVUS;;ES;REC;participant;35050,00
101181351;HORIZON;2025;998341364;ICLEI EUROPEAN SECRETARIAT GMBH (ICLEI EUROPASEKRETARIAT GMBH);ICLEI EURO;DE;OTH;participant;605312,50
101181351;HORIZON;2025;937759529;BRANDENBURGISCHE TECHNISCHE UNIVERSITAT COTTBUS-SENFTENBERG;BTU CS;DE;HES;participant;336516,25
101181351;HORIZON;2025;992597994;AARHUS KOMMUNE;AAKS;DK;PUB;associatedPartner;0,00
101181351;HORIZON;2025;919340878;SAMSO KOMMUNE;;DK;PUB;participant;127250,00
101181351;HORIZON;2025;999873188;UNIVERSITAET GRAZ;UNI GRAZ;AT;HES;participant;429750,00
101181351;HORIZON;2025;879326826;Poleski Park Narodowy;Poleski PN;PL;PUB;associatedPartner;0,00
101181351;HORIZON;2025;999977269;TECHNISCHE UNIVERSITEIT EINDHOVEN;TU/e;NL;HES;participant;505380,00
101181351;HORIZON;2025;916295951;EUROPEAN SCIENCE COMMUNICATION INSTITUTE (ESCI) GGMBH;;DE;OTH;participant;350250,00
101181351;HORIZON;2025;950897306;AJUNTAMENT DE GRANOLLERS;AJUNTAMENT DE GRANOLLERS;ES;PUB;participant;0,00
101181351;HORIZON;2025;952817712;NATURALEA CONSERVACIO, SL;NATURALEA;ES;PRC;participant;34142,50
101206245;HORIZON;2025;997836285;SENCKENBERG GESELLSCHAFT FUR NATURFORSCHUNG;SGN;DE;REC;participant;1068360,00
101206245;HORIZON;2025;999895886;UNIVERSIDAD DE ALICANTE;UNIVERSIDAD DE ALICANTE;ES;HES;participant;262386,25
101206245;HORIZON;2025;876906482;BRUCOOP;;BE;PRC;participant;97168,75
101206245;HORIZON;2025;891496931;GREENOV-ITES;;FR;OTH;participant;568437,50
101206245;HORIZON;2025;999974359;UNIVERSITY COLLEGE DUBLIN, NATIONAL UNIVERSITY OF IRELAND, DUBLIN;NUID UCD;IE;HES;participant;425912,50
101206245;HORIZON;2025;999587135;TURKIYE BILIMSEL VE TEKNOLOJIK ARASTIRMA KURUMU;TUBITAK;TR;REC;participant;461250,00
101206245;HORIZON;2025;999548917;DIN DEUTSCHES INSTITUT FUER NORMUNG EV;DIN e.V.;DE;OTH;participant;117666,25
101206245;HORIZON;2025;999829635;UNIVERSIDAD DE SANTIAGO DE COMPOSTELA;UNIVERSIDADE DE SANTIAGO DE COMPOSTELA;ES;HES;participant;384500,00
101206245;HORIZON;2025;876935000;ASOCIACION EDMAKTUB;EDMAKTUB;ES;REC;participant;207250,00
101206245;HORIZON;2025;998669806;STICHTING EUROCEAN;EUROCEAN;NL;OTH;participant;283070,00
101206245;HORIZON;2025;909045783;WWF PORTUGAL   ASSOCIACAO  WORLD WIDE FU;WWF PORTUGAL;PT;OTH;thirdParty;75081,25
101206245;HORIZON;2025;999976202;UNIVERSITAT POLITECNICA DE CATALUNYA;UPC;ES;HES;coordinator;1018500,00
101206245;HORIZON;2025;999904616;SYDDANSK UNIVERSITET;SDU;DK;HES;participant;871625,00
101206245;HORIZON;2025;919763604;GOLEM - GESELLSCHAFT FUR INTEGRIERTE MIKROELEKTRONISCHE KOMPLETTLOESUNGEN GMBH;;AT;PRC;participant;756218,75
101206245;HORIZON;2025;999557453;UNIVERSITE DE LA REUNION;UR;FR;HES;participant;664197,50
101206245;HORIZON;2025;876958280;LIGHT & MOVE BV - LORENZO MITTIGA FINE ART PHOTOGRAPHY YOGA SENSIBILE;LIGHT & MOVE;BQ;PRC;participant;101806,25
101206245;HORIZON;2025;950186005;WWF EUROPEAN POLICY PROGRAMME;WWF EPO;BE;OTH;participant;419718,75
101206245;HORIZON;2025;950660238;ARDITI - AGENCIA REGIONAL PARA O DESENVOLVIMENTO DA INVESTIGACAO, TECNOLOGIA E INOVACAO - ASSOCIACAO;ARDITI;PT;REC;participant;693132,50
101206245;HORIZON;2025;915426055;IMC- INDUSTRIAL MANAGEMENT CONSULTING SLOVAKIA, S.R.O.;;SK;PRC;participant;430937,50
101206245;HORIZON;2025;986090458;HELMHOLTZ-ZENTRUM FUR OZEANFORSCHUNG KIEL (GEOMAR);;DE;REC;participant;405625,00
101206245;HORIZON;2025;996741252;TECNICAS Y SERVICIOS DE INGENIERÍA, S.L.;TSI;ES;PRC;participant;234491,25
101206245;HORIZON;2025;953767827;QUIET OCEANS;QO;FR;PRC;participant;724876,25
101206245;HORIZON;2025;905860788;NORCE RESEARCH AS;NORCE;NO;REC;participant;317172,50
101206245;HORIZON;2025;917927782;SUBMARINER NETWORK FOR BLUE GROWTH EWIV;SUBMARINER NETWORK;DE;OTH;participant;505985,00
101217160;HORIZON;2025;999825755;UNIVERZITET U NOVOM SADU FAKULTET TEHNICKIH NAUKA;FTN;RS;HES;participant;161500,00
101217160;HORIZON;2025;999880754;GDANSKI UNIWERSYTET MEDYCZNY;GUMed;PL;HES;participant;185625,00
101217160;HORIZON;2025;960782479;UNIVERSIDADE NOVA DE LISBOA;UNL;PT;HES;coordinator;337500,00
101217160;HORIZON;2025;986364095;MINISTERIO DA SAUDE;MINISTRY OF HEALTH;PT;PUB;associatedPartner;0,00
101217160;HORIZON;2025;900885658;F6S NETWORK IRELAND LIMITED;F6S IE;IE;PRC;participant;866250,00
101217160;HORIZON;2025;896845026;SHINE 2EUROPE LDA;;PT;PRC;participant;257500,00
101217160;HORIZON;2025;875995264;Fundacja OmeaLife Rak piersi nie ogranicza;FUNDACJA OMEALIFE  RAK PIERSI NIE OGRANICZA;PL;OTH;participant;58125,00
101217160;HORIZON;2025;892836404;UMOVI EVROPE - INSTITUT ZA NAUCNU IZVRSNOST I TEHNOLOSKI NAPREDAK;;RS;REC;participant;126250,00
101217160;HORIZON;2025;912334762;EIT HEALTH INNOSTARS EV;;DE;OTH;associatedPartner;0,00
101216923;HORIZON;2025;891567256;FCG FINNISH CONSULTING GROUP OY;;FI;PRC;participant;197031,00
101216923;HORIZON;2025;902999288;TAMPEREEN KORKEAKOULUSAATIO SR;TAMPERE UNIVERSITY;FI;HES;coordinator;871067,50
101216923;HORIZON;2025;998829080;TAMPEREEN KAUPUNKI;TAMMERFORS STADCITY OF TAMPERE;FI;PUB;participant;159998,75
101216923;HORIZON;2025;986178728;TAMPEREEN AMMATTIKORKEAKOULU OY;TAMPERE UNIVERSITY OF APPLIED SCIENCES LTD;FI;HES;participant;511750,00
101216923;HORIZON;2025;936441008;EKOKUMPPANIT OY;;FI;OTH;participant;260000,00
101216412;HORIZON;2026;999902870;UNIVERSITEIT ANTWERPEN;UANTWERPEN;BE;HES;participant;521045,00
101216412;HORIZON;2026;887166657;EMPACT;;BE;OTH;participant;326020,00
101216412;HORIZON;2026;999839335;ERASMUS UNIVERSITEIT ROTTERDAM;EUR;NL;HES;coordinator;640133,75
101216412;HORIZON;2026;877015510;STICHTING CULTUURWERKPLAATS TARWEWIJK;STICHTING CULTUURWERKPLAATS TARWEWIJK;NL;OTH;participant;322250,00
101216412;HORIZON;2026;999977366;TECHNISCHE UNIVERSITEIT DELFT;TU Delft;NL;HES;participant;190210,00
101235455;HORIZON;2025;943385141;NEMO Nature and Environment Management Operators S.r.l;NEMO srl;IT;PRC;associatedPartner;0,00
101235455;HORIZON;2025;999846028;UNIVERSITA DEGLI STUDI DI PARMA;UNIVERSITA DEGLI STUDI DI PARMA;IT;HES;coordinator;190380,00
101235455;HORIZON;2025;999866883;UNIVERSITAT WIEN;UNIVIE;AT;HES;participant;150300,00
101235455;HORIZON;2025;999895789;UNIVERSITA DEGLI STUDI DI FIRENZE;UNIFI;IT;HES;participant;90180,00
101235455;HORIZON;2025;998269196;UNIVERSIDADE DE EVORA;UNIVERSIDADE DE EVORA;PT;HES;participant;80160,00
101235455;HORIZON;2025;905390338;SPOTTERON GMBH;SPOTTERON;AT;PRC;participant;30060,00
101235455;HORIZON;2025;994158045;UNIVERSIDADE ESTADUAL DE MARINGA;UEM;BR;HES;associatedPartner;0,00
101235455;HORIZON;2025;999858444;UNIVERSITATEA DIN ORADEA;;RO;HES;participant;70140,00
101235455;HORIZON;2025;998556801;KINDERBURO UNIVERSITAT WIEN GMBH;KUW;AT;OTH;participant;15030,00
101235455;HORIZON;2025;936830366;Opcina Vrsar;Opcina Vrsar;HR;PUB;participant;90180,00
101235455;HORIZON;2025;999992304;JRC -JOINT RESEARCH CENTRE- EUROPEAN COMMISSION;JRC;BE;REC;associatedPartner;0,00
101222637;HORIZON;2026;999980276;RHEINISCHE FRIEDRICH-WILHELMS-UNIVERSITAT BONN;;DE;HES;participant;0,00
101222637;HORIZON;2026;984222238;LEIBNIZ-INSTITUT ZUR ANALYSE DES BIODIVERSITATSWANDELS;;DE;REC;coordinator;1491415,00
101233051;HORIZON;2026;877066823;EIT CULTURE AND CREATIVITY SOUTH WEST SL;;ES;PRC;participant;139125,00
101233051;HORIZON;2026;998263958;STICHTING EUROPEANA;;NL;OTH;participant;625625,00
101233051;HORIZON;2026;964416487;FACTS & FILES - HISTORISCHES FORSCHUNGSINSTITUT BERLIN DRAUSCHKE - SCHREIBER PARTNERSCHAFTSGESELLSCHAFT -ARCHIV-, GESCHICHTS- U. LITERATURWISSENSCHAFTLER;FACTS & FILES;DE;PRC;thirdParty;87250,10
101233051;HORIZON;2026;999584128;AIT AUSTRIAN INSTITUTE OF TECHNOLOGY GMBH;AIT;AT;REC;associatedPartner;0,00
101233051;HORIZON;2026;999845155;UNIWERSYTET WROCLAWSKI;UWr;PL;HES;participant;100353,95
101233051;HORIZON;2026;999586359;INSTYTUT CHEMII BIOORGANICZNEJ POLSKIEJ AKADEMII NAUK;;PL;REC;participant;616812,50
101233051;HORIZON;2026;999973971;ECOLE POLYTECHNIQUE FEDERALE DE LAUSANNE;EPFL;CH;HES;associatedPartner;0,00
101233051;HORIZON;2026;999868726;FRIEDRICH-SCHILLER-UNIVERSITÄT JENA;UNI JENA;DE;HES;participant;500000,00
101233051;HORIZON;2026;999979500;CONSIGLIO NAZIONALE DELLE RICERCHE;CNR;IT;REC;thirdParty;100190,89
101233051;HORIZON;2026;882749956;STORYPACT GMBH;;AT;PRC;participant;385314,65
101233051;HORIZON;2026;999993953;ALMA MATER STUDIORUM - UNIVERSITA DI BOLOGNA;UNIBO;IT;HES;coordinator;888699,84
101233051;HORIZON;2026;929687480;DIGITAL PATHS SRL;;IT;PRC;participant;204164,25
101233051;HORIZON;2026;999439695;MINISTERO DELLA CULTURA;MINISTRY OF CULTURE;IT;PUB;participant;200000,00
101233051;HORIZON;2026;895853783;TIME MACHINE ORGANISATION (TMO)- ORGANISATION FUR INTERNATIONALE ZUSAMMENARBEIT IN TECHNOLOGIE UND WISSENSCHAFT UND KULTURELLEM ERBE;TMO;AT;REC;participant;227750,00
101233051;HORIZON;2026;999968345;STICHTING NEDERLANDS INSTITUUT VOORBEELD EN GELUID;BEELD EN GELUID;NL;OTH;participant;1252937,50
101233051;HORIZON;2026;893658479;FACTS & FILES DIGITAL SERVICES GMBH;F&F Digital Services GmbH;DE;PRC;participant;136412,50
101233051;HORIZON;2026;999974941;THE UNIVERSITY OF EDINBURGH;UEDIN;UK;HES;participant;506525,03
101234870;HORIZON;2026;998901539;NANTES METROPOLE;NMCU;FR;PUB;participant;175000,00
101234870;HORIZON;2026;904959658;TREE TECHNOLOGY SA;;ES;PRC;participant;285250,00
101234870;HORIZON;2026;953813514;FUNDACION DE LA COMUNITAT VALENCIANA PARA LA PROMOCION ESTRATEGICA EL DESARROLLO Y LA INNOVACION URBANA;LAS NAVES;ES;OTH;participant;252750,00
101234870;HORIZON;2026;948858366;RYBNIK - MIASTO NA PRAWACH POWIATU;MIASTO RYBNIK;PL;PUB;associatedPartner;0,00
101234870;HORIZON;2026;875091321;KINTSUGI-LOWCARBON;KINTSUGI-LOWCARBON;FR;PRC;participant;337375,00
101234870;HORIZON;2026;999994729;HELMHOLTZ ZENTRUM MUENCHEN DEUTSCHES FORSCHUNGSZENTRUM FUER GESUNDHEIT UND UMWELT GMBH;HMGU;DE;REC;coordinator;533313,00
101234870;HORIZON;2026;876559804;substitute ApS;;DK;PRC;participant;310875,00
101234870;HORIZON;2026;999900833;UNIVERSITEIT TWENTE;UNIVERSITEIT TWENTE;NL;HES;participant;395000,00
101234870;HORIZON;2026;996702064;ACOUCITE;;FR;REC;participant;72500,00
101234870;HORIZON;2026;999633889;UNINOVA-INSTITUTO DE DESENVOLVIMENTO DE NOVAS TECNOLOGIAS-ASSOCIACAO;UNINOVA;PT;REC;participant;311750,00
101234870;HORIZON;2026;955484436;EUROPEAN PUBLIC HEALTH ALLIANCE;EPHA;BE;OTH;participant;375500,00
101234870;HORIZON;2026;998886116;ACONDICIONAMIENTO TARRASENSE ASSOCIACION;LEITAT;ES;REC;participant;323062,00
101234870;HORIZON;2026;875568464;Healthy Cities S.L.;Healthy Cities;ES;PRC;participant;295125,00
101234870;HORIZON;2026;999598678;UNIVERSITAET AUGSBURG;UAU;DE;HES;participant;148281,00
101234870;HORIZON;2026;999543776;EUROQUALITY SAS;;FR;PRC;participant;164375,00
101234870;HORIZON;2026;873751654;Air Pays de la Loire;;FR;OTH;participant;81250,00
101234870;HORIZON;2026;999898408;UMIT TIROL - PRIVATE UNIVERSITAT FUR GESUNDHEITSWISSENSCHAFTEN UND TECHNOLOGIE GMBH;UMIT TIROL;AT;HES;participant;449737,00
101234870;HORIZON;2026;999630494;UNIVERSIDAD DE VIGO;UVIGO;ES;HES;participant;167500,00
101234870;HORIZON;2026;999591209;LAPPEENRANNAN-LAHDEN TEKNILLINEN YLIOPISTO LUT;LUT University;FI;HES;participant;258875,00
101212647;HORIZON;2026;999895886;UNIVERSIDAD DE ALICANTE;UNIVERSIDAD DE ALICANTE;ES;HES;coordinator;1167420,00
101212647;HORIZON;2026;897134571;ALTUM INGENIERIA Y SERVICIOS SL;ALTUM;ES;PRC;participant;197695,75
101212647;HORIZON;2026;884987164;SOCIETE COOPERATIVE MARITIME DES PECHEURS DE SETE MOLE;SATHOAN;FR;PRC;participant;144504,50
101212647;HORIZON;2026;999895983;UNIVERSITAT DE GIRONA;UNIVERSITAT DE GIRONA;ES;HES;participant;273356,25
101212647;HORIZON;2026;999577532;HELLENIC CENTRE FOR MARINE RESEARCH;;EL;REC;participant;490125,00
101212647;HORIZON;2026;999587135;TURKIYE BILIMSEL VE TEKNOLOJIK ARASTIRMA KURUMU;TUBITAK;TR;REC;participant;244343,75
101212647;HORIZON;2026;999468310;STAZIONE ZOOLOGICA ANTON DOHRN;;IT;REC;participant;548325,00
101212647;HORIZON;2026;883785625;FISHTEK MARINE;FISHTEK MARINE;UK;PRC;participant;415478,88
101212647;HORIZON;2026;950099578;ETHIC OCEAN;;FR;OTH;participant;175062,50
101212647;HORIZON;2026;998079949;LIVERPOOL JOHN MOORES UNIVERSITY;LJMU;UK;HES;participant;460501,25
101212647;HORIZON;2026;999829635;UNIVERSIDAD DE SANTIAGO DE COMPOSTELA;UNIVERSIDADE DE SANTIAGO DE COMPOSTELA;ES;HES;participant;579062,50
101212647;HORIZON;2026;999991722;AGENCIA ESTATAL CONSEJO SUPERIOR DE INVESTIGACIONES CIENTIFICAS;CSIC;ES;REC;participant;183248,75
101212647;HORIZON;2026;961026337;KRITI;PERIFEREIA;EL;PUB;participant;157562,50
101212647;HORIZON;2026;998669806;STICHTING EUROCEAN;EUROCEAN;NL;OTH;participant;383675,25
101212647;HORIZON;2026;999979500;CONSIGLIO NAZIONALE DELLE RICERCHE;CNR;IT;REC;participant;581468,75
101212647;HORIZON;2026;999976202;UNIVERSITAT POLITECNICA DE CATALUNYA;UPC;ES;HES;participant;423625,00
101212647;HORIZON;2026;998391222;ISTANBUL UNIVERSITESI;ISTANBUL UNIVERSITY IU;TR;HES;participant;224875,00
101212647;HORIZON;2026;950660238;ARDITI - AGENCIA REGIONAL PARA O DESENVOLVIMENTO DA INVESTIGACAO, TECNOLOGIA E INOVACAO - ASSOCIACAO;ARDITI;PT;REC;participant;307762,50
101212647;HORIZON;2026;938480918;SUBMON;SUBMON;ES;OTH;participant;190116,25
101212647;HORIZON;2026;888782289;MINDS TECHNOLOGIES KAI EPISTIMES PERIVALLONTOS I.K.E.;MINDS TECHNOLOGIES AND ENVIRONMENTAL SCIENCES PRIVATE COMPANY;EL;PRC;participant;300834,63
101212647;HORIZON;2026;897085392;SCITATION - SCIENCE COMMUNICATION,UNIPESSOAL LDA;Science Crunchers;PT;PRC;participant;170406,25
101212647;HORIZON;2026;999741171;ECOLOGIC INSTITUT GEMEINNUTZIGE GMBH;ECOLOGIC INSTITUT;DE;REC;participant;379750,00
101230145;HORIZON;2026;999903064;TURUN YLIOPISTO;UNIVERSITY OF TURKU;FI;HES;coordinator;1983773,00
101275571;HORIZON;2026;999467340;THE REGENTS OF THE UNIVERSITY OF CALIFORNIA;LOS ANGELES UCLA SANTA BARBARA UCSB DAVIS UCD RIVERSIDE UCR SAN DIEGO UCSD SANTA CRUZ UCSC IRVIN;US;HES;associatedPartner;0,00
101275571;HORIZON;2026;928992960;Georgia Southern University Research & Service Foundation, Inc.;GSURSF;US;HES;associatedPartner;0,00
101275571;HORIZON;2026;999862518;UNIVERSIDAD DE SEVILLA;USE;ES;HES;coordinator;420966,72
101276165;HORIZON;2026;999975620;UNIVERSITY COLLEGE LONDON;;UK;HES;coordinator;276187,92
101270173;HORIZON;2026;999546395;SKELLEFTEA KOMMUN;;SE;PUB;participant;304975,00
101270173;HORIZON;2026;870769874;INSTITUT GOLEMI DANNI V POLZA NA INTELIGENTNOTO OBSHTESTVO;BIG DATA FOR SMART SOCIETY GATE;BG;HES;participant;382687,50
101270173;HORIZON;2026;885240722;DIMOS KALAMATAS;MUNICIPALITY OF KALAMATA;EL;PUB;associatedPartner;0,00
101270173;HORIZON;2026;875618710;Sigulda County Digital Center;;LV;PUB;associatedPartner;0,00
101270173;HORIZON;2026;950442667;GEMEENTE AMERSFOORT;CITY OF AMERSFOORT;NL;PUB;participant;341690,00
101270173;HORIZON;2026;991350089;DIMOS ATHINAION EPICHEIRISI MICHANOGRAFISIS;DAEM MUNICIPALITY OF ATHENS INFORMATION TECHNOLOGY COMPANY;EL;PRC;participant;136609,38
101270173;HORIZON;2026;923366184;MUNICIPALITY OF SOUTHERN KYNOURIA;MUNICIPALITY OF SOUTHERN KYNOURIA;EL;PUB;associatedPartner;0,00
101270173;HORIZON;2026;999902094;VRIJE UNIVERSITEIT BRUSSEL;VUB;BE;HES;participant;530546,88
101270173;HORIZON;2026;968916414;TYGRON BV;TYGRON;NL;PRC;participant;325077,38
101270173;HORIZON;2026;999973971;ECOLE POLYTECHNIQUE FEDERALE DE LAUSANNE;EPFL;CH;HES;participant;601189,25
101270173;HORIZON;2026;954418115;PROVINCIE UTRECHT;;NL;PUB;participant;498596,25
101270173;HORIZON;2026;996711570;STOLICHNA OBSHTINA;SOFIA MUNICIPALITY;BG;PUB;associatedPartner;0,00
101270173;HORIZON;2026;983820173;AYUNTAMIENTO DE MURCIA;;ES;PUB;participant;226602,50
101270173;HORIZON;2026;914722417;GEMEENTE NIEUWEGEIN;Nieuwegein;NL;PUB;associatedPartner;0,00
101270173;HORIZON;2026;993619889;GEMEENTE EINDHOVEN;EINDHOVEN;NL;PUB;associatedPartner;0,00
101270173;HORIZON;2026;996621457;MAGGIOLI S.P.A.;MAG;IT;PRC;coordinator;341009,38
101270173;HORIZON;2026;895830891;D.TSAKALIDIS-G.DOMALIS OE;NOVELCORE OE;EL;PRC;participant;411971,88
101270173;HORIZON;2026;920499058;JURMALAS VALSTSPILSETAS ADMINISTRACIJA;ADMINISTRATION OF JURMALA LOCAL GOVERNMENT;LV;PUB;associatedPartner;0,00
101270173;HORIZON;2026;999452596;INTERNATIONALES INSTITUT FUER ANGEWANDTE SYSTEMANALYSE;IIASA;AT;REC;participant;406245,63
101270173;HORIZON;2026;970538448;RIGAS PLANOSANAS REGIONS;;LV;PUB;participant;245426,88
101270173;HORIZON;2026;953628244;DIMOS PALAIO FALIRO;MUNICIPALITY OF PALAIO FALIRO;EL;PUB;associatedPartner;0,00
101270173;HORIZON;2026;998341364;ICLEI EUROPEAN SECRETARIAT GMBH (ICLEI EUROPASEKRETARIAT GMBH);ICLEI EURO;DE;OTH;participant;519290,00
101270173;HORIZON;2026;872328470;FWDFASTER AI RESEARCH BV;;NL;PRC;participant;307323,63
101270173;HORIZON;2026;999654356;EREVNITIKO PANEPISTIMIAKO INSTITOUTO SYSTIMATON EPIKOINONION KAI YPOLOGISTON;RESEARCH UNIVERSITY INSTITUTE OF COMMUNICATION AND COMPUTER SYSTEMS;EL;REC;participant;362562,50
101270173;HORIZON;2026;883195477;PLEIADES SYNERGATIKOS SCHIMATISMOS TECHNOLOGIAS KAI KAINOTOMIAS ASTIKI MI KERDOSKOPIKI ETAIREIA;;EL;OTH;participant;57750,00
101270173;HORIZON;2026;936955108;STAD OOSTENDE;CITY OF OSTEND;BE;PUB;associatedPartner;0,00
101292911;HORIZON;2026;869875340;ELTE TARSADALOMTUDOMANYI KUTATOKOZPONT;ELTE Társadalomtudományi Kutatóközpont;HU;REC;participant;280375,00
101292911;HORIZON;2026;999880657;Masarykova univerzita;MU;CZ;HES;participant;146641,25
101292911;HORIZON;2026;869547189;Conanan Christlin Joy;;PH;PRC;participant;30025,00
101292911;HORIZON;2026;875866157;MIGRANTS' CITIZEN SCIENCE ASSOCIATION;MIGRANTS' CITIZEN SCIENCE ASSOCIATION (MCSA);NO;REC;participant;111201,25
101292911;HORIZON;2026;869468716;INKLUZIO s.r.o;INKLUZIO;CZ;PRC;participant;20000,00
101292911;HORIZON;2026;999980664;UNIVERSITE CATHOLIQUE DE LOUVAIN;UCLouvain;BE;HES;participant;81500,00
101292911;HORIZON;2026;934614401;MARIUPOL STATE UNIVERSITY;MARIUPOLSKYI DERZHAVNYI UNIVERSYTET;UA;HES;participant;15000,00
101292911;HORIZON;2026;937663402;VEREIN DER EUROPAISCHEN BURGEWISSENSCHAFTEN - ECSA EV;EUROPEAN CITIZEN SCIENCE ASSOCIATION;DE;REC;participant;382812,50
101292911;HORIZON;2026;999975814;UNIVERSITETET I OSLO;UNIVERSITY OF OSLO;NO;HES;coordinator;653678,75
101292911;HORIZON;2026;951473777;ALL EUROPEAN ACADEMIES (ALLEA) e.V.;ALLEA;DE;OTH;participant;55437,50
101292911;HORIZON;2026;999986484;UNIVERSITAT AUTONOMA DE BARCELONA;UAB;ES;HES;participant;222912,50
101277689;HORIZON;2026;999923240;UNIVERZA V LJUBLJANI;UL;SI;HES;coordinator;198557,52
101288580;HORIZON;2026;999974359;UNIVERSITY COLLEGE DUBLIN, NATIONAL UNIVERSITY OF IRELAND, DUBLIN;NUID UCD;IE;HES;participant;760927,13
101288580;HORIZON;2026;999903840;THE UNIVERSITY OF MANCHESTER;UNIVERSITY OF MANCHESTER;UK;HES;participant;338324,15
101288580;HORIZON;2026;999434942;NTNU SAMFUNNSFORSKNING AS;;NO;REC;participant;528582,52
101288580;HORIZON;2026;959582492;MAPPING FOR CHANGE CIC;;UK;REC;participant;275380,73
101288580;HORIZON;2026;867023928;Heinäveden kunta;Heinäveden kunta;FI;PUB;participant;326875,00
101288580;HORIZON;2026;938672493;PODSLON ZA CHOVECHESTVOTO;HABITAT FOR HUMANITY BULGARIA;BG;OTH;participant;159296,90
101288580;HORIZON;2026;998223994;PERIFEREIAKO TAMEIO ANAPTIXIS DYTIKIS MAKEDONIAS;REGIONAL DEVELOPMENT FUND OF WESTERN MACEDONIA;EL;OTH;participant;235937,50
101288580;HORIZON;2026;923763690;INSTITUTE FOR EUROPEAN ENERGY AND CLIMATE POLICY STICHTING;IEECP;NL;REC;coordinator;521250,00
101288580;HORIZON;2026;999586941;UNIVERSITY OF PIRAEUS RESEARCH CENTER;UNIVERSITY OF PIRAEUS;EL;HES;participant;354006,26
101288580;HORIZON;2026;934029394;RESEAU EUROPEEN POUR DES INITIATIVES COMMUNAUTAIRES SUR LES CHANGEMENTS CLIMATIQUES ET LE DEVELOPPEMENT DURABLE;ECOLISE;BE;OTH;participant;339187,50
101288580;HORIZON;2026;879502008;OSTFOLD FYLKESKOMMUNE;;NO;PUB;participant;391562,51
101288580;HORIZON;2026;999879881;POLITECNICO DI MILANO;POLIMI;IT;HES;participant;311875,01
101288580;HORIZON;2026;974288080;SDRUZHENIE SAYUZ NA ASOTSIATSIITE NA SOBSTVENITSI;CAC CENTRE FOR SUSTAINABLE HOUSING;BG;OTH;participant;221500,00
101288580;HORIZON;2026;938441924;SAVILLS (UK) LTD;SAVILLS (UK) LTD;UK;PRC;participant;342187,50
101288580;HORIZON;2026;950340720;DELTA 2000 SOCIETA CONSORTILE RESPONSABILITA LIMITATA;DELTA 2000;IT;PRC;participant;209062,50
101288580;HORIZON;2026;991207984;ITA-SUOMEN YLIOPISTO;UNIVERSITY OF EASTERN FINLAND (UEF);FI;HES;participant;371625,00
101288580;HORIZON;2026;999839626;UNIVERSITA DEGLI STUDI DI FERRARA;Unife;IT;HES;participant;289218,75
101262484;HORIZON;2026;940521895;VEOLIA NV-SA;;BE;PRC;thirdParty;55000,00
101262484;HORIZON;2026;998959642;UNIVERSIDAD DE BURGOS;UBU;ES;HES;participant;456062,50
101262484;HORIZON;2026;901322643;IDENER RESEARCH & DEVELOPMENT AIE;;ES;REC;participant;404962,03
101262484;HORIZON;2026;933205185;INOSENS DOO NOVI SAD;INOSENS DOO NOVI SAD;RS;PRC;participant;298250,00
101262484;HORIZON;2026;999887350;SVERIGES LANTBRUKSUNIVERSITET;SWEDISH UNIVERSITY OF AGRICULTURAL SCIENCES;SE;HES;participant;342000,00
101262484;HORIZON;2026;937663402;VEREIN DER EUROPAISCHEN BURGEWISSENSCHAFTEN - ECSA EV;EUROPEAN CITIZEN SCIENCE ASSOCIATION;DE;REC;participant;366187,50
101262484;HORIZON;2026;999884440;UNIVERSIDAD DE ALMERIA;UNIVERSIDAD DE ALMERIA;ES;HES;participant;518062,50
101262484;HORIZON;2026;969047752;VEOLIA SERVICIOS LECAM SA;VEOLIA;ES;PRC;participant;132500,00
101262484;HORIZON;2026;999926635;RAMBOLL DANMARK AS;;DK;PRC;participant;154906,25
101262484;HORIZON;2026;871827174;BIOPTERRE CENTRE DE DEVELOPPEMENT DES BIOPRODUITS;BIOPTERRE CENTRE DE DEVELOPPEMENT DES BIOPRODUITS;CA;HES;participant;286416,29
101262484;HORIZON;2026;906000274;NOVOBIOM;;BE;PRC;participant;378987,50
101262484;HORIZON;2026;998993786;IRIS TECHNOLOGY SOLUTIONS, SOCIEDAD LIMITADA;IRIS;ES;PRC;coordinator;604058,08
101291194;HORIZON;2026;999978433;LUDWIG-MAXIMILIANS-UNIVERSITAET MUENCHEN;LMU MUENCHEN;DE;HES;participant;197662,50
101291194;HORIZON;2026;999595380;UNIVERSITA' DEGLI STUDI DI BERGAMO;;IT;HES;participant;142500,00
101291194;HORIZON;2026;900747821;EUROPEAN PLATE OBSERVING SYSTEM - EUROPEAN RESEARCH INFRASTRUCTURE CONSORTIUM;;IT;REC;participant;203750,00
101291194;HORIZON;2026;999661534;LABORATORIO DE INSTRUMENTACAO E FISICA EXPERIMENTAL DE PARTICULAS LIP;LIP;PT;REC;participant;230036,25
101291194;HORIZON;2026;999991722;AGENCIA ESTATAL CONSEJO SUPERIOR DE INVESTIGACIONES CIENTIFICAS;CSIC;ES;REC;participant;587500,00
101291194;HORIZON;2026;999862712;UNIVERSITA DI PISA;UNIPI;IT;HES;participant;79633,75
101291194;HORIZON;2026;999994341;GFZ HELMHOLTZ-ZENTRUM FUR GEOFORSCHUNG;GFZ;DE;REC;participant;570752,69
101291194;HORIZON;2026;897379108;UNIVERSITE GRENOBLE ALPES;UGA;FR;HES;thirdParty;10487,50
101291194;HORIZON;2026;879085975;NORGES GEOTEKNISKE INSTITUTT AS;NORWEGIAN GEOTECHNICAL INSTITUTE;NO;REC;participant;307893,13
101291194;HORIZON;2026;999979015;EIDGENOESSISCHE TECHNISCHE HOCHSCHULE ZUERICH;ETH Zürich;CH;HES;coordinator;2379416,87
101291194;HORIZON;2026;997012076;STICHTING ORFEUS;;NL;REC;participant;217500,00
101291194;HORIZON;2026;998779222;ASSOCIATION CENTRE SISMOLOGIQUE EURO-MEDITERRANEEN;EURO-MEDITERRANEAN SEISMOLOGICAL CENTRE;FR;REC;participant;349875,00
101291194;HORIZON;2026;897691060;UNIVERSITE PARIS CITE;UPCité;FR;HES;thirdParty;7638,75
101291194;HORIZON;2026;897556521;UNIVERSITE GUSTAVE EIFFEL;Uni-Eiffel;FR;HES;thirdParty;8086,25
101291194;HORIZON;2026;999898311;UNIVERSIDAD DE MALAGA;UMA;ES;HES;participant;141000,00
101291194;HORIZON;2026;999472675;ISTITUTO NAZIONALE DI GEOFISICA E VULCANOLOGIA;;IT;REC;participant;1459600,63
101291194;HORIZON;2026;999843409;CINECA CONSORZIO INTERUNIVERSITARIO;CINECA;IT;REC;participant;424531,25
101291194;HORIZON;2026;999513803;INSTITUT DE RECHERCHE POUR LE DEVELOPPEMENT;IRD;FR;REC;thirdParty;13291,25
101291194;HORIZON;2026;999997930;CENTRE NATIONAL DE LA RECHERCHE SCIENTIFIQUE CNRS;CNRS;FR;REC;participant;407446,08
101291194;HORIZON;2026;999599939;VLAAMS INSTITUUT VOOR DE ZEE;FLANDERS MARINE INSTITUTE INSTITUT FLAMAND DE LA MER;BE;REC;participant;80000,00
101291194;HORIZON;2026;999655520;BARCELONA SUPERCOMPUTING CENTER CENTRO NACIONAL DE SUPERCOMPUTACION;BSC CNS;ES;REC;participant;1546500,00
101291194;HORIZON;2026;889553730;MONDAIC AG;;CH;PRC;participant;397375,00
101291194;HORIZON;2026;996625337;Instytut Geofizyki Polskiej Akademii Nauk;IGF PAS;PL;REC;participant;236625,00
101287608;HORIZON;2026;998572903;INSTITUTUL NATIONAL DE CERCETARE-DEZVOLTARE MARINA GRIGORE ANTIPA;INCDM - NIMRD;RO;REC;participant;364250,00
101287608;HORIZON;2026;870959024;Aggestam Filip;Orbis Green Policy and Governance;FR;PRC;participant;266050,00
101287608;HORIZON;2026;999754848;NIBIO - NORSK INSTITUTT FOR BIOOKONOMI;NIBIO;NO;REC;participant;578895,00
101287608;HORIZON;2026;998180926;GLOBAL BIODIVERSITY INFORMATION FACILITY;GBIFS;DK;PUB;participant;528750,00
101287608;HORIZON;2026;936495134;PROSPEX INSTITUTE;PROSPEX INSTITUTE;BE;OTH;participant;482187,50
101287608;HORIZON;2026;972472240;INSTITUTUL NATIONAL DE CERCETARE-DEZVOLTARE DELTA DUNARII;INCDDD;RO;REC;participant;373525,00
101287608;HORIZON;2026;867399318;HUN-REN Balatoni Limnologiai Kutatointezet;HUN-REN Balaton Limnological Research Institute;HU;REC;participant;310356,25
101287608;HORIZON;2026;999895789;UNIVERSITA DEGLI STUDI DI FIRENZE;UNIFI;IT;HES;participant;335670,00
101287608;HORIZON;2026;999991043;KOBENHAVNS UNIVERSITET;UCPH;DK;HES;coordinator;1090150,00
101287608;HORIZON;2026;911539847;ERINN INNOVATION LIMITED;ERINN INNOVATION;IE;PRC;participant;345375,00
101287608;HORIZON;2026;999991722;AGENCIA ESTATAL CONSEJO SUPERIOR DE INVESTIGACIONES CIENTIFICAS;CSIC;ES;REC;participant;497562,50
101287608;HORIZON;2026;934887262;LUONNONVARAKESKUS;LUKE;FI;REC;participant;938625,00
101287608;HORIZON;2026;999887350;SVERIGES LANTBRUKSUNIVERSITET;SWEDISH UNIVERSITY OF AGRICULTURAL SCIENCES;SE;HES;participant;665250,00
101287608;HORIZON;2026;999987357;UNIVERSITAET FUER BODENKULTUR WIEN;BOKU;AT;HES;participant;502713,75
101287608;HORIZON;2026;999976396;UNIVERSITAT ZURICH;UZH;CH;HES;participant;328072,50
101287608;HORIZON;2026;908958095;TAXUS IT SPOLKA Z OGRANICZONA ODPOWIEDZIALNOSCIA;TAXUS IT;PL;PRC;participant;434935,00
101287608;HORIZON;2026;999981634;WAGENINGEN UNIVERSITY;WU;NL;HES;participant;641277,50
101287608;HORIZON;2026;999898311;UNIVERSIDAD DE MALAGA;UMA;ES;HES;participant;229687,50
101287608;HORIZON;2026;999840693;PANEPISTIMIO AIGAIOU;UNIVERSITY OF THE AEGEAN;EL;HES;participant;719375,00
101287608;HORIZON;2026;999974844;UNIVERSIDAD POLITECNICA DE MADRID;UPM;ES;HES;participant;282500,00
101287608;HORIZON;2026;999987745;UNIVERSITA DEGLI STUDI DI ROMA LA SAPIENZA;UNIROMA1;IT;HES;participant;435522,50
101287608;HORIZON;2026;999547365;STICHTING WAGENINGEN RESEARCH;WR;NL;REC;participant;648500,00
101302215;HORIZON;2026;985452489;MINISTRY OF NATIONAL EDUCATION;MILLI EGITIM BAKANLIGI;TR;PUB;participant;36125,50
101302215;HORIZON;2026;999866592;ISTANBUL TEKNIK UNIVERSITESI;ITU;TR;HES;participant;51563,00
101302215;HORIZON;2026;997203651;YILDIZ TECHNICAL UNIVERSITY;YTU;TR;HES;coordinator;152560,00
101302215;HORIZON;2026;998174233;GAZI UNIVERSITESI;GU;TR;HES;participant;39062,50
101305179;HORIZON;2026;999934686;SLOVENSKA ORGANIZACIA PRE VYSKUMNE A VYVOJOVE AKTIVITY;SOVVA;SK;OTH;coordinator;314125,00
101305179;HORIZON;2026;951533044;CENTRUM VEDECKO TECHNICKYCH INFORMACII SLOVENSKEJ REPUBLIKY;CVTISR;SK;PUB;participant;11000,00
101305179;HORIZON;2026;999530390;SLOVENSKA AKADEMIA VIED;SLOVAK ACADEMY OF SCIENCES;SK;REC;participant;10475,00
101305179;HORIZON;2026;999920815;I-EUROPA SRO;;SK;PRC;participant;14300,00
101289005;HORIZON;2026;998180926;GLOBAL BIODIVERSITY INFORMATION FACILITY;GBIFS;DK;PUB;participant;155625,00
101289005;HORIZON;2026;999911115;THE UNIVERSITY OF HERTFORDSHIRE HIGHER EDUCATION CORPORATION;UNIVERSITY OF HERTFORDSHIRE;UK;HES;participant;121911,41
101289005;HORIZON;2026;891939736;Stichting Observation International;Observation International;NL;OTH;participant;125000,00
101289005;HORIZON;2026;896926700;STICKYDOT SRL;STICKYDOT SRL;BE;PRC;participant;211015,63
101289005;HORIZON;2026;952410118;FUNDACION IBERCIVIS;;ES;REC;participant;194218,75
101289005;HORIZON;2026;999991043;KOBENHAVNS UNIVERSITET;UCPH;DK;HES;participant;314787,50
101289005;HORIZON;2026;883637603;CITIZEN SCIENCE GLOBAL PARTNERSHIP (CSGP) - GLOBALE PARTNERSCHAFT FUER BUERGERWISSENSCHAFTEN (GPBW);;AT;OTH;participant;115339,14
101289005;HORIZON;2026;951354079;CONSORTIUM OF EUROPEAN TAXONOMIC FACILITIES;CETAF;BE;OTH;participant;106709,36
101289005;HORIZON;2026;996854451;MUSEUM FUR NATURKUNDE - LEIBNIZ-INSTITUT FUR EVOLUTIONS- UND BIODIVERSITATSFORSCHUNG AN DER HUMBOLDT-UNIVERSITAT ZU BERLIN;MFN;DE;REC;participant;289375,00
101289005;HORIZON;2026;999452596;INTERNATIONALES INSTITUT FUER ANGEWANDTE SYSTEMANALYSE;IIASA;AT;REC;participant;297445,00
101289005;HORIZON;2026;937663402;VEREIN DER EUROPAISCHEN BURGEWISSENSCHAFTEN - ECSA EV;EUROPEAN CITIZEN SCIENCE ASSOCIATION;DE;REC;participant;477867,13
101289005;HORIZON;2026;997242645;NUCLIO NUCLEO INTERACTIVO DE ASTRONOMIA ASSOCIACAO;NUCLIO;PT;REC;participant;232575,00
101289005;HORIZON;2026;940719872;ZENTRUM FUR SOZIALE INNOVATION GMBH;Zentrum fuer Soziale Innovation GmbH;AT;REC;coordinator;407500,00
101289005;HORIZON;2026;999662310;MUSEUM NATIONAL D'HISTOIRE NATURELLE;MNHN;FR;HES;participant;310690,50
101289005;HORIZON;2026;999419422;FONDAZIONE CENTRO EURO-MEDITERRANEOSUI CAMBIAMENTI CLIMATICI;FONDAZIONE CMCC;IT;REC;participant;135625,00
101289005;HORIZON;2026;986361476;NORDISK FOND FOR MILJØ OG UDVIKLING;NORDECO;DK;OTH;participant;504315,56
101305453;HORIZON;2026;876068693;MOKSLO IR INOVACIJU SKLAIDOS CENTRAS;MOKSLO SALA;LT;PUB;participant;57187,50
101305453;HORIZON;2026;996876082;MYKOLO ROMERIO UNIVERSITETAS;MYKOLAS ROMERIS UNIVERSITY;LT;HES;participant;57187,50
101305453;HORIZON;2026;999893170;VILNIAUS UNIVERSITETAS;Vilniaus universitetas;LT;HES;participant;57187,50
101305453;HORIZON;2026;999590627;VYTAUTO DIDZIOJO UNIVERSITETAS;VMU;LT;HES;participant;57187,50
101305453;HORIZON;2026;999904422;KLAIPEDOS UNIVERSITETAS;KU_LT;LT;HES;coordinator;71250,00
101292567;HORIZON;2027;998289081;UNIVERSIDADE DE TRAS-OS-MONTES E ALTO DOURO;UTAD;PT;HES;participant;74025,00
101292567;HORIZON;2027;999971837;INSTITUT JOZEF STEFAN;JSI;SI;REC;participant;71800,00
101292567;HORIZON;2027;999976590;UNIVERSITA DEGLI STUDI DI NAPOLI FEDERICO II;UNINA;IT;HES;associatedPartner;0,00
101292567;HORIZON;2027;940964215;PREMOTEC GMBH;;CH;PRC;participant;186187,50
101292567;HORIZON;2027;952410118;FUNDACION IBERCIVIS;;ES;REC;participant;132000,00
101292567;HORIZON;2027;999988521;AGENZIA NAZIONALE PER LE NUOVE TECNOLOGIE, L'ENERGIA E LO SVILUPPO ECONOMICO SOSTENIBILE;ENEA;IT;REC;participant;104009,04
101292567;HORIZON;2027;890060749;ANALYSIS AND EXPERIMENTATION ON ECOSYSTEMS ERIC;AnaEE EERIC;FR;REC;participant;143187,50
101292567;HORIZON;2027;999976396;UNIVERSITAT ZURICH;UZH;CH;HES;associatedPartner;0,00
101292567;HORIZON;2027;999870375;CENTRO INTERNAZIONALE DI ALTISTUDI AGRONOMICI MEDITERRANEI;CIHEAM-IAMB;IT;HES;participant;66243,75
101292567;HORIZON;2027;999912570;CESKA ZEMEDELSKA UNIVERZITA V PRAZE;CZECH UNIVERSITY OF LIFE SCIENCES PRAGUE;CZ;HES;participant;56250,00
101292567;HORIZON;2027;999987745;UNIVERSITA DEGLI STUDI DI ROMA LA SAPIENZA;UNIROMA1;IT;HES;participant;101753,84
101292567;HORIZON;2027;906160809;SCIENSANO;Sciensano;BE;REC;coordinator;561937,50
101292372;HORIZON;2026;998295095;COMUNE DI GENOVA;CDG;IT;PUB;participant;115000,00
101292372;HORIZON;2026;876068693;MOKSLO IR INOVACIJU SKLAIDOS CENTRAS;MOKSLO SALA;LT;PUB;participant;425625,00
101292372;HORIZON;2026;983211983;GLOBAZ SA;LOBA;PT;PRC;participant;425312,50
101292372;HORIZON;2026;994265909;KAUNO MIESTO SAVIVALDYBES ADMINISTRACIJA;KMSA;LT;PUB;participant;138437,50
101292372;HORIZON;2026;999514191;AGENZIA PER LA PROMOZIONE DELLA RICERCA EUROPEA;APRE;IT;REC;coordinator;429875,00
101292372;HORIZON;2026;960782479;UNIVERSIDADE NOVA DE LISBOA;UNL;PT;HES;participant;311170,00
101292372;HORIZON;2026;901829759;SCIENCE FOR CHANGE, SL;SCIENCE FOR CHANGE;ES;PRC;participant;176250,00
101292372;HORIZON;2026;940719872;ZENTRUM FUR SOZIALE INNOVATION GMBH;Zentrum fuer Soziale Innovation GmbH;AT;REC;participant;286500,00
101292372;HORIZON;2026;891917523;MUNICIPIO DE OEIRAS;;PT;PUB;participant;284737,50
101292372;HORIZON;2026;999844961;KAUNO TECHNOLOGIJOS UNIVERSITETAS;UNIVERSITY OF TECHNOLOGY, KAUNAS;LT;HES;participant;800375,00
101292372;HORIZON;2026;992597994;AARHUS KOMMUNE;AAKS;DK;PUB;participant;332500,00
101292372;HORIZON;2026;915816092;EUREC OFFICE GUG;;DE;OTH;participant;115000,00
101292372;HORIZON;2026;887819467;AHMED SHAEEMA ZAMAN;SCIENCE MELTING POT;DK;PRC;participant;568103,75
101292372;HORIZON;2026;988730022;ASSOCIAZIONE FESTIVAL DELLA SCIENZA;FESTIVAL DELLA SCIENZA;IT;OTH;participant;1252375,00
101292372;HORIZON;2026;999776964;FAST - FEDERAZIONE DELLE ASSOCIAZIONI SCIENTIFICHE E TECNICHE;;IT;OTH;participant;338000,00
101288740;HORIZON;2026;917939810;FONDAZIONE ICONS;ICONS;IT;OTH;participant;534875,00
101288740;HORIZON;2026;917128502;INSTITUT ZA ZDRAVJE IN OKOLJE;INSTITUTE FOR HEALTH AND ENVIRONMENT;SI;OTH;participant;329875,00
101288740;HORIZON;2026;996219683;HOCHSCHULEN FRESENIUS GEMEINNUTZIGE TRAGERGESELLSCHAFT MBH;HSF;DE;HES;participant;411567,50
101288740;HORIZON;2026;999645238;VLAAMSE INSTELLING VOOR TECHNOLOGISCH ONDERZOEK N.V.;VITO;BE;REC;coordinator;496843,75
101288740;HORIZON;2026;998323516;NOVAMECHANICS LIMITED;Novamechanics;CY;PRC;participant;287500,00
101288740;HORIZON;2026;999994535;HELSINGIN YLIOPISTO;;FI;HES;participant;535570,00
101288740;HORIZON;2026;894595111;REAR WINDOW;;BE;PRC;participant;246875,00
101288740;HORIZON;2026;886753146;NOVAMECHANICS MONOPROSOPI IKE;NOVAMECHANICS SINGLE MEMBER PRIVATE COMPANY;EL;PRC;thirdParty;195000,00
101288740;HORIZON;2026;999895692;ARISTOTELIO PANEPISTIMIO THESSALONIKIS;ARISTOTLE UNIVERSITY OF THESSALONIKI;EL;HES;participant;364750,00
101288740;HORIZON;2026;928905757;DIMOS PEIRAIA;MUNICIPALITY OF PIRAEUS;EL;PUB;participant;185125,00
101288740;HORIZON;2026;997718624;University of Novi Sad Faculty of Sciences;UNSPMF;RS;HES;participant;330125,00
101288740;HORIZON;2026;998054050;EUROPEAN RESEARCH SERVICES GMBH;ERS;DE;PRC;participant;172217,50
101288740;HORIZON;2026;889320736;ZENTRIX LAB OU;;EE;PRC;participant;380000,00
101288740;HORIZON;2026;998756718;KEMIJSKI INSTITUT;NIC;SI;REC;participant;470625,00
101288740;HORIZON;2026;999851557;MESTNA OBCINA LJUBLJANA;MUNICIPALITY OF LJUBLJANA;SI;PUB;participant;227293,75
101288740;HORIZON;2026;934320200;LUXEMBOURG INSTITUTE OF SCIENCE AND TECHNOLOGY;LIST;LU;REC;participant;612608,75
101288740;HORIZON;2026;889261275;SCIDRONES TEXNOVLASTOS IKE;SCIDRONES P.C.;EL;PRC;participant;314375,00
101288740;HORIZON;2026;999586941;UNIVERSITY OF PIRAEUS RESEARCH CENTER;UNIVERSITY OF PIRAEUS;EL;HES;participant;449375,00
101288740;HORIZON;2026;900512402;VALSTYBINIS MOKSLINIU TYRIMU INSTITUTAS INOVATYVIOS MEDICINOS CENTRAS;IMC;LT;REC;participant;458750,00
101288740;HORIZON;2026;999929836;FUNDACION CARTIF;CARTIF;ES;REC;participant;413750,00
101288740;HORIZON;2026;999981925;GOETEBORGS UNIVERSITET;UGOT - GOETEBORGS UNIVERSITET/UNIVERSITY OF GOTHENBURG;SE;HES;participant;288562,50
101294308;HORIZON;2026;999548432;HAVFORSKNINGSINSTITUTTET;IMR;NO;REC;associatedPartner;0,00
101294308;HORIZON;2026;941609750;KLIIMAMINISTEERIUM;MINISTRY OF CLIMATE;EE;PUB;participant;61489,25
101294308;HORIZON;2026;999895013;TARTU ULIKOOL;UNIVERSITY OF TARTU;EE;HES;coordinator;1248160,00
101294308;HORIZON;2026;909022018;E-SCIENCE EUROPEAN INFRASTRUCTURE FOR BIODIVERSITY AND ECOSYSTEM RESEARCH;LIFEWATCH ERIC;ES;REC;participant;698125,00
101294308;HORIZON;2026;950154868;VALSTYBINE SAUGOMU TERITORIJU TARNYBA PRIE APLINKOS MINISTERIJOS;vstt;LT;PUB;participant;57687,50
101294308;HORIZON;2026;893177844;LONGYEARBYEN LOKALSTYRE;;NO;PUB;participant;589305,00
101294308;HORIZON;2026;892165843;STICHTING HUMMEL FOUNDATION FOR SUSTAINABLE SOLUTIONS;;NL;OTH;participant;1093065,00
101294308;HORIZON;2026;870832827;HUMBER NATURE PARTNERSHIP;;UK;OTH;participant;152339,25
101294308;HORIZON;2026;998712001;ENVIRONMENT AGENCY;;UK;REC;participant;201262,50
101294308;HORIZON;2026;926874868;COMUNE DI CABRAS;;IT;PUB;participant;319700,00
101294308;HORIZON;2026;999603916;UNIVERSITATEA DIN BUCURESTI;UB;RO;HES;participant;300250,00
101294308;HORIZON;2026;972472240;INSTITUTUL NATIONAL DE CERCETARE-DEZVOLTARE DELTA DUNARII;INCDDD;RO;REC;participant;143250,00
101294308;HORIZON;2026;866496345;CURONIAN SPIT NATIONAL PARK DIRECTORATE;CURONIAN SPIT NATIONAL PARK DIRECTORATE;LT;PUB;participant;292437,50
101294308;HORIZON;2026;881817592;CHRISTCHURCH CITY COUNCIL;;NZ;PUB;participant;264794,75
101294308;HORIZON;2026;999577532;HELLENIC CENTRE FOR MARINE RESEARCH;;EL;REC;participant;377006,25
101294308;HORIZON;2026;998425560;AKVAPLAN NIVA AS;;NO;REC;participant;679260,00
101294308;HORIZON;2026;998225449;UNIVERSITETSSENTERET PA SVALBARD AS;UNIS;NO;HES;associatedPartner;0,00
101294308;HORIZON;2026;865523241;Adalar Belediyesi;Adalar Belediyesi;TR;PUB;associatedPartner;0,00
101294308;HORIZON;2026;998172972;KARADENIZ TEKNIK UNIVERSITESI;KARADENIZ TECHNICAL UNIVERSITY;TR;HES;participant;528500,00
101294308;HORIZON;2026;961026337;KRITI;PERIFEREIA;EL;PUB;participant;197500,00
101294308;HORIZON;2026;999876001;UNIWERSYTET GDANSKI;UNIVERSITY OF GDANSK;PL;HES;participant;384687,50
101294308;HORIZON;2026;999873673;UNIVERSITY OF CANTERBURY;;NZ;HES;participant;487582,00
101294308;HORIZON;2026;999979500;CONSIGLIO NAZIONALE DELLE RICERCHE;CNR;IT;REC;participant;667632,50
101294308;HORIZON;2026;892197174;INTERNATIONAL ESTUARINE & COASTAL SPECIALISTS LTD;;UK;PRC;participant;809128,25
101294308;HORIZON;2026;999824009;MINISTRY OF AGRICULTURE AND FORESTRY;TARIM VE ORMANCILIK BAKANLIGI;TR;PUB;participant;78706,25
101294308;HORIZON;2026;933272115;SECRETARIA REGIONAL DE TURISMO, AMBIENTE E CULTURA;;PT;PUB;participant;107497,50
101294308;HORIZON;2026;998391222;ISTANBUL UNIVERSITESI;ISTANBUL UNIVERSITY IU;TR;HES;participant;466437,50
101294308;HORIZON;2026;913522624;Slowinski Park Narodowy;;PL;PUB;associatedPartner;0,00
101294308;HORIZON;2026;997786233;DANUBE DELTA BIOSPHERE RESERVE AUTHORITY;DDBRA;RO;PUB;participant;107250,00
101294308;HORIZON;2026;999904422;KLAIPEDOS UNIVERSITETAS;KU_LT;LT;HES;participant;736875,00
101294308;HORIZON;2026;950660238;ARDITI - AGENCIA REGIONAL PARA O DESENVOLVIMENTO DA INVESTIGACAO, TECNOLOGIA E INOVACAO - ASSOCIACAO;ARDITI;PT;REC;participant;597011,25
101294308;HORIZON;2026;973040272;REGIONAL ACTIVITY CENTRE FOR SPECIALLY PROTECTED AREAS;CENTRE D'ACTIVITES REGIONALES POUR LES AIRES SPECIALEMENT PROTEGEES (CAR/ASP);TN;PUB;participant;103406,25
101294308;HORIZON;2026;869381513;Mazosios Lietuvos saugomu teritoriju direkcija;Administration of Lithuania Minor protected areas;LT;PUB;participant;59937,50
101294308;HORIZON;2026;865818412;PORSANGER KOMMUNE;PORSANGER KOMMUNE;NO;PUB;participant;660555,00
101294308;HORIZON;2026;891929939;MINISTERUL MEDIULUI, APELOR SI PADURILOR;MINISTRY OF ENVIRONMENT, WATER AND FORESTS;RO;PUB;participant;72401,25
101295540;HORIZON;2026;885322881;NORIA BV;;NL;PRC;participant;71312,50
101295540;HORIZON;2026;878697975;F&Z SOLUTIONS AS;F & Z SOLUTIONS;NO;PRC;participant;163498,13
101295540;HORIZON;2026;998425560;AKVAPLAN NIVA AS;;NO;REC;thirdParty;563750,00
101295540;HORIZON;2026;886647610;SALT RESEARCH AS;SALT RESEARCH AS;NO;REC;participant;627343,75
101295540;HORIZON;2026;941833626;STIFTELSEN GRID ARENDAL;GRID ARENDAL;NO;OTH;participant;564000,00
101295540;HORIZON;2026;999854661;UNIVERSITY OF PLYMOUTH;UOP;UK;HES;participant;494530,00
101295540;HORIZON;2026;954982461;OSLOMET - STORBYUNIVERSITETET;OSLOMET - OSLO METROPOLITAN UNIVERSITY;NO;HES;participant;139738,75
101295540;HORIZON;2026;999981731;DEUTSCHES ZENTRUM FUR LUFT - UND RAUMFAHRT EV;DLR;DE;REC;participant;356680,00
101295540;HORIZON;2026;998669806;STICHTING EUROCEAN;EUROCEAN;NL;OTH;participant;375725,00
101295540;HORIZON;2026;870725933;Hold Norge Rent;;NO;OTH;participant;66650,00
101295540;HORIZON;2026;883199260;The Ocean Cleanup Projects B.V.;;NL;PRC;participant;73412,50
101295540;HORIZON;2026;997826585;NORSK INSTITUTT FOR VANNFORSKNING STI;NORWEGIAN INSTITUTE FOR WATER RESEARCH;NO;REC;coordinator;1204172,50
101295540;HORIZON;2026;997223536;CENTRO INTERDISCIPLINAR DE INVESTIGACAO MARINHA E AMBIENTAL;CENTRO INTERDISCIPLINAR DE INVESTIGACAO MARINHA E AMBIENTAL;PT;REC;participant;459162,50
101295540;HORIZON;2026;999599939;VLAAMS INSTITUUT VOOR DE ZEE;FLANDERS MARINE INSTITUTE INSTITUT FLAMAND DE LA MER;BE;REC;participant;221875,00
101295540;HORIZON;2026;904193746;THE GREAT BUBBLE BARRIER B.V.;;NL;PRC;participant;116913,13
101296045;HORIZON;2026;884351523;Zajednica tehnicke kulture Dubrovacko-neretvanske zupanije;;HR;OTH;participant;152000,00
101296045;HORIZON;2026;868919502;Agencija za vodno podrucje Jadranskog mora Mostar;Agencija za vodno područje Jadranskog mora Mostar;BA;PUB;associatedPartner;0,00
101296045;HORIZON;2026;910744350;SYNETAIRISMOS ERGAZOMENON COMMONSPACE - ARCHITEKTONIKI, ASTIKOS SCHEDIASMOS, CHORIKES STRATIGIKES KAI SYMMETOCHIKOS SCHEDIASMOS;COMMONSPACE SIN.ERG.;EL;PRC;participant;199850,00
101296045;HORIZON;2026;953666850;SVEUCILISTE U ZAGREBU ARHITEKTONSKI FAKULTET;AF;HR;HES;coordinator;815000,00
101296045;HORIZON;2026;906229194;TRANSFOLAB BCN;TRANSFOLAB BCN;ES;REC;participant;428125,00
101296045;HORIZON;2026;869045020;KYVELI - ANAPTYXIAKOS ORGANISMOS TOPIKIS AFTODIOIKISIS MONOPROSOPI A.E.;KYVELI M.A.E.;EL;PRC;participant;234512,50
101296045;HORIZON;2026;890588235;ASSOCIACIO LICHEN INNOVACION SOCIAL;LICHEN SOCIAL INNOVATION;ES;OTH;participant;253675,00
101296045;HORIZON;2026;999991722;AGENCIA ESTATAL CONSEJO SUPERIOR DE INVESTIGACIONES CIENTIFICAS;CSIC;ES;REC;participant;330623,75
101296045;HORIZON;2026;896531813;CoLab House;Κοινωνική Συνεταιριστική Επιχείρηση Συλλογικής και Κοινωνικής Ωφέλειας ΚΟΛΑΜΠ ΧΑΟΥΖ;EL;OTH;participant;364525,00
101296045;HORIZON;2026;966318366;UNIVERZITET DZEMAL BIJEDIC U MOSTARU;Dzemal Bijedic University of Mostar;BA;HES;associatedPartner;0,00
101296045;HORIZON;2026;898447854;INSTITUT PODUZETNICKOG OBRAZOVANJA I INOVACIJA;INSTITUT POI;HR;OTH;participant;153750,00
101296045;HORIZON;2026;868968390;DECODE IKE;Decode Fabricaton Lab;EL;PRC;participant;225531,25
101296045;HORIZON;2026;900218007;REGIONALNA AGENCIJA DUNEA;REGIONAL AGENCY DUNEA;HR;PUB;participant;337470,00
101296045;HORIZON;2026;886822889;TECHNAI TECHNOLOGY CULTURE AND SOCIETY SL;;ES;PRC;participant;194285,00
101296045;HORIZON;2026;999654356;EREVNITIKO PANEPISTIMIAKO INSTITOUTO SYSTIMATON EPIKOINONION KAI YPOLOGISTON;RESEARCH UNIVERSITY INSTITUTE OF COMMUNICATION AND COMPUTER SYSTEMS;EL;REC;participant;410250,00
101296045;HORIZON;2026;998812396;SVEUCILISTE U DUBROVNIKU;UNIDU;HR;HES;participant;114375,00
101296045;HORIZON;2026;936577875;FABLAB UDRUGA ZA PROMICANJE DIGITALNE FABRIKACIJE;CIVIL ASSOCIATION FOR PROMOTING DIGITAL FABRICATION;HR;REC;participant;386250,00
101296045;HORIZON;2026;929115665;TEAMLABS SL;TEAMLABS;ES;PRC;participant;297283,88
101296089;HORIZON;2026;909022018;E-SCIENCE EUROPEAN INFRASTRUCTURE FOR BIODIVERSITY AND ECOSYSTEM RESEARCH;LIFEWATCH ERIC;ES;REC;participant;211875,00
101296089;HORIZON;2026;893171054;EUROGATE CONTAINER TERMINAL LIMASSOL LIMITED;;CY;PRC;participant;116000,00
101296089;HORIZON;2026;999787052;INNOVA SRL;;IT;PRC;participant;132687,00
101296089;HORIZON;2026;999978142;ETHNICON METSOVION POLYTECHNION;NATIONAL TECHNICAL UNIVERSITY OF ATHENS - NTUA;EL;HES;participant;240178,00
101296089;HORIZON;2026;997098018;UNIVERSITE ABDELMALEK ESSAADI;UAE;MA;HES;participant;60812,00
101296089;HORIZON;2026;966064323;BPIFRANCE;BPIFRANCE;FR;PRC;participant;262562,00
101296089;HORIZON;2026;884909370;WAVES OF CHANGE;WAVES OF CHANGE;FR;OTH;participant;219042,00
101296089;HORIZON;2026;996699348;KINNO INNOVATION INTERMEDIARIES LTD;KINNO INNOVATION INTERMEDIARIES;EL;PRC;participant;293495,00
101296089;HORIZON;2026;899786163;CMMI CYPRUS MARINE AND MARITIME INSTITUTE;;CY;REC;coordinator;624375,00
101296089;HORIZON;2026;998137082;ARAB ACADEMY FOR SCIENCE, TECHNOLOGY AND MARITIME TRANSPORT;AASTMT;EG;HES;participant;142912,00
101296089;HORIZON;2026;927784243;MEDITERRANEAN SEA AND COAST FOUNDATION;MEDSEA;IT;OTH;participant;236062,00
101296089;HORIZON;2026;893618903;VLADA HERCEGOVACKO-NERETVANSKOG KANTONA;THE GOVERNMENT OF THE HERZEGOVINA-NERETVA CANTON;BA;PUB;participant;60312,00
101296089;HORIZON;2026;999565407;CONSEIL NATIONAL DE LA RECHERCHE SCIENTIFIQUE;CNRS;LB;REC;associatedPartner;0,00
101296089;HORIZON;2026;997316559;Institut National des Sciences et Technologies de la Mer;INSTM;TN;REC;participant;48875,00
101296089;HORIZON;2026;874056137;HIVE VENTURES LIMITED;Hive Ventures;MT;PRC;participant;183603,00
101296089;HORIZON;2026;915368340;CLUSTER MARITIMO MARINO DE ANDALUCIA;ANDALUSIAN MARITIME CLUSTER;ES;REC;participant;137937,00
101296089;HORIZON;2026;886928619;JADRANSKI INOVACIJSKI CENTAR;Jadranski Inovacijski Centar / Adria Innovation Harbour;HR;OTH;participant;128750,00
101296089;HORIZON;2026;883655645;SARL LEANOVATOR;;DZ;PRC;associatedPartner;0,00
101296089;HORIZON;2026;943055632;VTEK Bilisim Teknolojileri Anonim Sirketi;VTEK;TR;PRC;participant;122021,00
101296089;HORIZON;2026;996827485;SVEUCILISTE U ZAGREBU, FAKULTET STROJARSTVA I BRODOGRADNJE;UNIZAG FSB;HR;HES;participant;275382,00
101295874;HORIZON;2026;998804636;UNIVERSITY OF BRITISH COLUMBIA;UBC;CA;HES;participant;102615,00
101295874;HORIZON;2026;999878911;UNIVERSITY OF GHANA;;GH;HES;participant;103272,50
101295874;HORIZON;2026;999848841;UNIVERSIDADE FEDERAL DO RIO DE JANEIRO;UFRJ;BR;HES;associatedPartner;0,00
101295874;HORIZON;2026;999643007;ETHNIKO KAI KAPODISTRIAKO PANEPISTIMIO ATHINON;UOA;EL;HES;participant;205887,50
101295874;HORIZON;2026;887173932;LEHR-UND VERSUCHSANSTALT FURGARTENBAU UND ARBORISTIK EV(LVGA);;DE;HES;participant;195261,25
101295874;HORIZON;2026;869193430;David Zimmerling;Pflanzendesign. Vegetationsmanagement.;DE;PRC;associatedPartner;0,00
101295874;HORIZON;2026;999895692;ARISTOTELIO PANEPISTIMIO THESSALONIKIS;ARISTOTLE UNIVERSITY OF THESSALONIKI;EL;HES;participant;298271,25
101295874;HORIZON;2026;998463002;INSTITUTO SUPERIOR DE AGRONOMIA;;PT;HES;participant;312939,13
101295874;HORIZON;2026;999497507;ALFRED-WEGENER-INSTITUT HELMHOLTZ-ZENTRUM FUR POLAR- UND MEERESFORSCHUNG;AWI;DE;REC;participant;643543,75
101295874;HORIZON;2026;999464042;POTSDAM-INSTITUT FUR KLIMAFOLGENFORSCHUNG EV;PIK;DE;REC;participant;812562,50
101295874;HORIZON;2026;999994341;GFZ HELMHOLTZ-ZENTRUM FUR GEOFORSCHUNG;GFZ;DE;REC;participant;435473,75
101295874;HORIZON;2026;999878814;UNIVERSIDAD NACIONAL DE COLOMBIA;UNAL;CO;HES;participant;133125,00
101295874;HORIZON;2026;999979500;CONSIGLIO NAZIONALE DELLE RICERCHE;CNR;IT;REC;participant;424358,75
101295874;HORIZON;2026;999879881;POLITECNICO DI MILANO;POLIMI;IT;HES;coordinator;569375,10
101295874;HORIZON;2026;999839335;ERASMUS UNIVERSITEIT ROTTERDAM;EUR;NL;HES;participant;471062,50
101295874;HORIZON;2026;999985805;UNIVERSITEIT UTRECHT;UU;NL;HES;participant;375701,00
101295874;HORIZON;2026;888075353;FINRES;;FR;PRC;participant;182500,00
101295874;HORIZON;2026;965934440;THE CYPRUS INSTITUTE;;CY;HES;participant;457625,00
101295874;HORIZON;2026;999981925;GOETEBORGS UNIVERSITET;UGOT - GOETEBORGS UNIVERSITET/UNIVERSITY OF GOTHENBURG;SE;HES;participant;270020,00
101305260;HORIZON;2026;891874843;Roger Van Overstraeten Society;;BE;OTH;participant;70000,00
101305260;HORIZON;2026;999494403;MUSEE ROYAL DE L'AFRIQUE CENTRALE;MRAC KMMA;BE;REC;coordinator;144595,00
101305260;HORIZON;2026;869358815;THE FOOD BRIDGE;THE FOOD BRIDGE;BE;OTH;participant;49850,00
101305260;HORIZON;2026;935884325;AGENTSCHAP PLANTENTUIN MEISE;AGENTSCHAP PLANTENTUIN MEISE;BE;REC;participant;49010,00
101305260;HORIZON;2026;999991334;KATHOLIEKE UNIVERSITEIT LEUVEN;KU Leuven;BE;HES;participant;36435,00
101266061;HORIZON;2026;907398723;SAFE FOOD ADVOCACY EUROPE;;BE;OTH;participant;381965,81
101266061;HORIZON;2026;999865428;UNIVERSITAT FUR WEITERBILDUNG KREMS;DONAU UNIVERSITAT KREMS;AT;HES;coordinator;666830,88
101266061;HORIZON;2026;999984156;THE UNIVERSITY OF READING;;UK;HES;participant;295659,02
101266061;HORIZON;2026;999643007;ETHNIKO KAI KAPODISTRIAKO PANEPISTIMIO ATHINON;UOA;EL;HES;participant;270312,50
101266061;HORIZON;2026;998348639;WASSERKLUSTER LUNZ BIOLOGISCHE STATION GMBH;;AT;REC;participant;330456,50
101266061;HORIZON;2026;994512095;FUNDACIO INSTITUT UNIVERSITARI PERA LA RECERCA A L'ATENCIO PRIMARIA DE SALUT JORDI GOL I GURINA;IDIAP Jordi Gol;ES;REC;participant;306875,00
101266061;HORIZON;2026;999994632;HELMHOLTZ-ZENTRUM FUR UMWELTFORSCHUNG GMBH - UFZ;;DE;REC;participant;369285,00
101266061;HORIZON;2026;875616673;ANEUSTART LTD;;IL;PRC;participant;288906,25
101266061;HORIZON;2026;994336040;ROEHAMPTON UNIVERSITY LBG;RU;UK;HES;participant;240397,13
101266061;HORIZON;2026;999849908;UNIVERSITAT BAYREUTH;;DE;HES;participant;498589,37
101266061;HORIZON;2026;999975038;THE HEBREW UNIVERSITY OF JERUSALEM;THE HEBREW UNIVERSITY OF JERUSALEM;IL;HES;participant;395782,50
101266061;HORIZON;2026;999650088;OREBRO UNIVERSITY;ORU;SE;HES;participant;489221,89
101266061;HORIZON;2026;991207984;ITA-SUOMEN YLIOPISTO;UNIVERSITY OF EASTERN FINLAND (UEF);FI;HES;participant;405481,63
101289021;HORIZON;2026;914409107;NATIONAL INSTITUTE FOR STATISTICS;INSTITUTUL NATIONAL DE STATISTICA;RO;PUB;participant;428037,50
101289021;HORIZON;2026;969022726;VIDZEMES AUGSTSKOLA;VIDZEME UNIVERSITY OF APPLIED SCIENCES;LV;HES;participant;531715,30
101289021;HORIZON;2026;948433215;Keszthely Város Önkormányzata;;HU;PUB;associatedPartner;0,00
101289021;HORIZON;2026;926077043;ARADIPPOU MUNICIPALITY;ARADIPPOU MUNICIPALITY;CY;PUB;participant;386050,00
101289021;HORIZON;2026;909380433;THE HUB NICOSIA LTD;;CY;OTH;participant;475737,50
101289021;HORIZON;2026;998390737;UC LIMBURG;;BE;HES;coordinator;747786,25
101289021;HORIZON;2026;950436556;STAD HASSELT;STAD HASSELT;BE;PUB;participant;520937,50
101289021;HORIZON;2026;998405966;ACADEMIA DE STUDII ECONOMICE DIN BUCURESTI;ASE Bucuresti;RO;HES;participant;501382,50
101289021;HORIZON;2026;891269563;MAGYAR AGRAR- ES ELETTUDOMANYI EGYETEM;MATE;HU;HES;associatedPartner;0,00
101289021;HORIZON;2026;937663402;VEREIN DER EUROPAISCHEN BURGEWISSENSCHAFTEN - ECSA EV;EUROPEAN CITIZEN SCIENCE ASSOCIATION;DE;REC;participant;516050,00
101289021;HORIZON;2026;975502423;UNIVERSITATEA LUCIAN BLAGA DIN SIBIU;ULBS;RO;HES;associatedPartner;0,00
101289021;HORIZON;2026;927751845;CESU NOVADA PASVALDIBA;;LV;PUB;participant;212196,50
101292089;HORIZON;2026;891529717;INFORDATA SISTEMI SRL SOCIETA BENEFIT;INFORDATA SISTEMI SB;IT;PRC;participant;221937,50
101292089;HORIZON;2026;997806603;SINTEF OCEAN AS;SO;NO;REC;participant;528777,00
101292089;HORIZON;2026;951007886;4H - JENA ENGINEERING GMBH;;DE;PRC;participant;419600,05
101292089;HORIZON;2026;999577532;HELLENIC CENTRE FOR MARINE RESEARCH;;EL;REC;participant;334000,00
101292089;HORIZON;2026;998425560;AKVAPLAN NIVA AS;;NO;REC;participant;400500,00
101292089;HORIZON;2026;999766100;MATIS OHF;;IS;REC;coordinator;606193,75
101292089;HORIZON;2026;883637603;CITIZEN SCIENCE GLOBAL PARTNERSHIP (CSGP) - GLOBALE PARTNERSCHAFT FUER BUERGERWISSENSCHAFTEN (GPBW);;AT;OTH;participant;125312,50
101292089;HORIZON;2026;953459367;PARTIKAS DROSIBAS, DZIVNIEKU VESELIBAS UN VIDES ZINATNISKAIS INSTITUTSBIOR;;LV;REC;participant;204424,37
101292089;HORIZON;2026;997905349;ISTITUTO SUPERIORE PER LA PROTEZIONE E LA RICERCA AMBIENTALE;ITALIAN INSTITUTE FOR ENVIRONMENTAL PROTECTION AND RESEARCH;IT;REC;participant;248009,81
101292089;HORIZON;2026;997629190;INTERNATIONAL COUNCIL FOR THE EXPLORATION OF THE SEA;ICES;DK;REC;participant;423875,00
101292089;HORIZON;2026;889261275;SCIDRONES TEXNOVLASTOS IKE;SCIDRONES P.C.;EL;PRC;participant;388125,00
101292089;HORIZON;2026;872197132;SEAMOHT LTD;;UK;PRC;participant;371000,00
101292089;HORIZON;2026;999452596;INTERNATIONALES INSTITUT FUER ANGEWANDTE SYSTEMANALYSE;IIASA;AT;REC;participant;254250,00
101292089;HORIZON;2026;999849908;UNIVERSITAT BAYREUTH;;DE;HES;participant;554227,50
101292089;HORIZON;2026;990463994;INTERNATIONAL ATOMIC ENERGY AGENCY;IAEA;AT;PUB;associatedPartner;0,00
101292089;HORIZON;2026;870453557;KVALE KARIN FRANCES;AOTEAROA BLUE OCEAN RESEARCH;NZ;PRC;participant;132593,68
101292089;HORIZON;2026;968769071;ORGANIZATIA NEGUVERNAMENTALA ECOLOGISTA MARE NOSTRUM;MARE NOSTRUM NGO;RO;OTH;participant;205825,00
101292089;HORIZON;2026;897085392;SCITATION - SCIENCE COMMUNICATION,UNIPESSOAL LDA;Science Crunchers;PT;PRC;participant;288125,00
101292089;HORIZON;2026;999923240;UNIVERZA V LJUBLJANI;UL;SI;HES;participant;291271,80
101287404;HORIZON;2026;999971837;INSTITUT JOZEF STEFAN;JSI;SI;REC;participant;175270,00
101287404;HORIZON;2026;999986096;UNIVERSITEIT GENT;UGent;BE;HES;participant;452006,25
101287404;HORIZON;2026;952139779;EUROPROJECT OOD;EUROPROJECT EP;BG;PRC;participant;79687,50
101287404;HORIZON;2026;940648868;CAPACITY DEVELOPMENT IN NUTRITION CAPNUTRA;CAPNUTRA;RS;OTH;thirdParty;47500,00
101287404;HORIZON;2026;994382018;EUROPEAN FOOD INFORMATION RESSOURCE AISBL;EUROFIR AISBL;BE;REC;participant;391425,00
101287404;HORIZON;2026;999452596;INTERNATIONALES INSTITUT FUER ANGEWANDTE SYSTEMANALYSE;IIASA;AT;REC;participant;455410,52
101287404;HORIZON;2026;907616003;SWISS NUTRITION AND HEALTH FOUNDATION;FONDATION SUISSE DE NUTRITION ET SANTE;CH;REC;participant;479630,00
101287404;HORIZON;2026;999981634;WAGENINGEN UNIVERSITY;WU;NL;HES;participant;500498,00
101287404;HORIZON;2026;985772104;FUNDACIO INSTITUT D'INVESTIGACIO SANITARIA PERE VIRGILI (IISPV);Institut de Recerca Biomedica Catalunya Sud (IRBCatSud);ES;REC;participant;448637,51
101287404;HORIZON;2026;999456185;QUADRAM INSTITUTE BIOSCIENCE;;UK;REC;participant;694037,25
101287404;HORIZON;2026;999985223;UNIVERSITY OF SURREY;SURREY;UK;HES;participant;238327,13
101287404;HORIZON;2026;999975717;UNIVERSITY COLLEGE CORK -  NATIONAL UNIVERSITY OF IRELAND, CORK;UCC;IE;HES;participant;398857,00
101287404;HORIZON;2026;997154957;CONSORCIO CENTRO DE INVESTIGACION BIOMEDICA EN RED M.P.;CIBER;ES;REC;participant;304290,00
101287404;HORIZON;2026;999915771;UNIVERSITA CATTOLICA DEL SACRO CUORE;UCSC;IT;HES;participant;205150,00
101287404;HORIZON;2026;906160809;SCIENSANO;Sciensano;BE;REC;participant;115250,00
101287404;HORIZON;2026;999954474;EUROPEAN FOOD INFORMATION COUNCIL;EUFIC;BE;OTH;coordinator;386375,00
101305184;HORIZON;2026;997348957;USTANOVA HISA EKSPERIMENTOV;UHE;SI;REC;associatedPartner;0,00
101305184;HORIZON;2026;877534848;ZAKLADA SVEUCILISTA U RIJECI;UNIVESITY OF RIJEKA FOUNDATION;HR;OTH;participant;41399,50
101305184;HORIZON;2026;964366435;SVEUCILISTE JURJA DOBRILE U PULI;UNIPU;HR;HES;participant;27375,00
101305184;HORIZON;2026;941552326;PRIRODOSLOVNA I GRAFICKA SKOLA RIJEKA;;HR;PUB;associatedPartner;0,00
101305184;HORIZON;2026;950139154;GRADSKA KNJIZNICA RIJEKA;GRADSKA KNJIZNICA RIJEKA;HR;PUB;associatedPartner;0,00
101305184;HORIZON;2026;895650568;CENTAR IZVRSNOSTI SPLITSKO-DALMATINSKE ZUPANIJE;;HR;HES;associatedPartner;0,00
101305184;HORIZON;2026;945717021;CENTAR TEHNICKE KULTURE RIJEKA;CTK RIJEKA;HR;OTH;associatedPartner;0,00
101305184;HORIZON;2026;921842314;Prva susacka hrvatska gimnazija u Rijeci;PSHG;HR;PUB;associatedPartner;0,00
101305184;HORIZON;2026;997589032;INSTITUT ZA OCEANOGRAFIJU I RIBARSTVO;INSTITUTE OF OCEANOGRAPHY AND FISHERIES;HR;REC;participant;31653,00
101305184;HORIZON;2026;999818189;SVEUCILISTE U SPLITU;UNIST;HR;HES;coordinator;100312,50
101305184;HORIZON;2026;999479756;PRIRODOSLOVNI MUZEJ RIJEKA NATURAL HISTORY MUSEUM RIJEKA;;HR;REC;associatedPartner;0,00
101305184;HORIZON;2026;968512409;INSTITUT ZA JADRANSKE KULTURE I MELIORACIJU KRSA-SPLIT;;HR;REC;participant;16200,00
101305184;HORIZON;2026;916813252;Gradska knjiznica Marka Marulica Split;Gradska knjižnica Marka Marulića Split;HR;PUB;associatedPartner;0,00
101305184;HORIZON;2026;884856408;JAVNA USTANOVA PRIRODA SIBENSKO-KNINSKE ZUPANIJE;;HR;PUB;associatedPartner;0,00
101305184;HORIZON;2026;999807228;UNIVERSITY OF ZAGREB - FACULTY OF FOOD TECHNOLOGY AND BIOTECHNOLOGY - UZAG PBF;FFTB;HR;HES;associatedPartner;0,00
101305184;HORIZON;2026;869276850;Croatian School of Boston, Incorporated;Croatian School of Boston;US;OTH;associatedPartner;0,00
101305184;HORIZON;2026;948657091;Obrtna tehnicka skola;Obrtna tehnička škola;HR;PUB;associatedPartner;0,00
101305184;HORIZON;2026;998812396;SVEUCILISTE U DUBROVNIKU;UNIDU;HR;HES;participant;33250,00
101305184;HORIZON;2026;991684060;SVEUCILISTE U ZADRU;UNIZD;HR;HES;participant;61620,00
101305184;HORIZON;2026;997640733;SVEUCILISTE U RIJECI;UNIRI;HR;HES;participant;37625,00
101296129;HORIZON;2026;999963980;ARTELIA;;FR;PRC;participant;423456,25
101296129;HORIZON;2026;999977172;THE CHANCELLOR MASTERS AND SCHOLARS OF THE UNIVERSITY OF CAMBRIDGE;;UK;HES;participant;299925,00
101296129;HORIZON;2026;999693350;ADELPHI RESEARCH GEMEINNÜTZIGE GMBH;;DE;REC;participant;306875,00
101296129;HORIZON;2026;997353225;CORILA - CONSORZIO PER IL COORDINAMENTO DELLE RICERCHE INERENTI AL SISTEMA LAGUNARE DI VENEZIA;CORILA;IT;REC;participant;392562,50
101296129;HORIZON;2026;952891432;TECHNOVATIVE SOLUTIONS LTD;;UK;PRC;participant;1256062,50
101296129;HORIZON;2026;972472240;INSTITUTUL NATIONAL DE CERCETARE-DEZVOLTARE DELTA DUNARII;INCDDD;RO;REC;participant;350000,00
101296129;HORIZON;2026;882152921;TECHNOVATIVE SOLUTIONS LIMITED;;IE;PRC;participant;402500,00
101296129;HORIZON;2026;870570345;SINIRLI SORUMLU KAFADEMI BILIMSEL ARASTIRMA VE GELISTIRME KOOPERATIFI;KAFADEMI SOCIAL SCIENCES;TR;PRC;participant;212625,00
101296129;HORIZON;2026;876120782;MAZOTOS COMMUNITY COUNCIL;;CY;PUB;participant;66250,00
101296129;HORIZON;2026;999887641;SOFIA UNIVERSITY ST KLIMENT OHRIDSKI;UNISOFIA;BG;HES;participant;142500,00
101296129;HORIZON;2026;897197330;APA-ADMINISTRACAO DO PORTO DE AVEIRO SA;APA;PT;PRC;participant;111562,50
101296129;HORIZON;2026;968728137;INSTITUTIA PREFECTULUI JUDETUL TULCEA;;RO;PUB;associatedPartner;0,00
101296129;HORIZON;2026;996316101;COMUNE DI VENEZIA;;IT;PUB;participant;66250,00
101296129;HORIZON;2026;998850517;LABORATORIO NACIONAL DE ENGENHARIA CIVIL;LNEC;PT;REC;coordinator;1086500,00
101296129;HORIZON;2026;906446474;UNITED KINGDOM RESEARCH AND INNOVATION;UKRI;UK;REC;participant;304800,00
101296129;HORIZON;2026;999865331;UNIVERSIDADE DE AVEIRO;UAveiro;PT;HES;participant;158561,25
101296129;HORIZON;2026;880988630;UNIVERSITATEA NATIONALA DE STIINTASI TEHNOLOGIE POLITEHNICA BUCURESTI;NATIONAL UNIVERSITY OF SCIENCE ANDTECHNOLOGY POLITEHNICA BUCHAREST;RO;HES;participant;202500,00
101296129;HORIZON;2026;999904616;SYDDANSK UNIVERSITET;SDU;DK;HES;participant;802550,00
101296129;HORIZON;2026;999978239;"""NATIONAL CENTER FOR SCIENTIFIC RESEARCH ""DEMOKRITOS""""";"""NCSR ""D""""";EL;REC;participant;563750,00
101296129;HORIZON;2026;889612609;MINISTERU GHALL-AGRIKOLTURA, IS-SAJD U D-DRITTIJIET TAL-ANNIMALI;MINISTRY FOR AGRICULTURE, FISHERIES, AND ANIMAL RIGHTS;MT;PUB;participant;233500,00
101296129;HORIZON;2026;986593888;EUROPEAN INTEGRATED PROJECT;EIP;RO;PRC;participant;211225,00
101296129;HORIZON;2026;954336053;DIAXIRISTIS ETHNIKOU SISTIMATOS FISIKOU AERIOU ANONIMI ETERIA. HELLENIC GAS TRANSMISSION SYSTEM OPERATOR;;EL;PRC;participant;367500,00
101296129;HORIZON;2026;997786233;DANUBE DELTA BIOSPHERE RESERVE AUTHORITY;DDBRA;RO;PUB;participant;56250,00
101296129;HORIZON;2026;898543593;IANUS TECHNOLOGIES LTD;IANUS;CY;PRC;participant;292250,00
101296129;HORIZON;2026;884101166;GRAND PORT MARITIME DE LA GUADELOUPE;;FR;PUB;participant;135800,00
101296129;HORIZON;2026;914525313;PORTOS DOS ACORES SA;PA SA;PT;PRC;participant;80950,63
101296129;HORIZON;2026;938047328;CAMBIAMO SOCIEDAD COOPERATIVA MADRILENA;;ES;OTH;participant;367500,00
101296129;HORIZON;2026;951114683;COMITE DES DONNEES SCIENTIFIQUES ETTECHNOLOGIQUES ASSOCIATION;CODATA;FR;OTH;participant;479375,00
101296129;HORIZON;2026;966998336;OBSHTINA BURGAS;BURGAS MUNICIPALITY;BG;PUB;participant;468750,00
101296129;HORIZON;2026;922368733;MERSIN BUYUKSEHIR BELEDIYESI;;TR;PUB;participant;134750,00
101305427;HORIZON;2026;902010179;Tunisian Red Crescent, Local Branch of Hammam Sousse;;TN;PUB;associatedPartner;0,00
101305427;HORIZON;2026;883992720;ANTALYA KEPEZ ILCE MILLI EGITIM MUDURLUGU;TC KEPEZ ILCE MILLI EGITIM MUDURLUGU;TR;PUB;participant;25374,94
101305427;HORIZON;2026;905978255;PANEPISTIMIO DYTIKIS ATTIKIS;UNIVERSITY OF WEST ATTICA;EL;HES;participant;19999,98
101305427;HORIZON;2026;983142434;ANADOLU UNIVERSITY;AU;TR;HES;participant;26874,98
101305427;HORIZON;2026;868466609;Association TunSea pour la Science Participative;Association TunSea pour la Science Participative;TN;OTH;associatedPartner;0,00
101305427;HORIZON;2026;914008691;CHALLEDU ASTIKI MI KERDOSKOPIKI ETAIREIA;;EL;OTH;participant;29249,98
101305427;HORIZON;2026;931248501;IZBA GOSPODARCZA EUROPY SRODKOWEJ;CENTRAL EUROPEAN CHAMBER OF COMMERCE;PL;REC;participant;15124,98
101305427;HORIZON;2026;937711417;FUNDACION RED DEPORTE Y COOPERACION;FUNDACION RED DEPORTE Y COOPERACION;ES;OTH;participant;39124,98
101305427;HORIZON;2026;905429332;ESKISEHIR TEKNIK UNIVERSITESI;;TR;HES;participant;21249,98
101305427;HORIZON;2026;876881844;FUNDACION AI GRANADA RESEARCH & INNOVATION;;ES;REC;participant;27749,98
101305427;HORIZON;2026;913552403;CSI CENTER FOR SOCIAL INNOVATION LTD;CSI CENTER FOR SOCIAL INNOVATION LTD;CY;PRC;participant;24312,48
101305427;HORIZON;2026;991390053;University of Sousse;US;TN;HES;coordinator;119950,00
101308841;HORIZON;2026;878049724;HUMANKIND BV;Humankind;NL;PRC;participant;149450,00
101308841;HORIZON;2026;894595111;REAR WINDOW;;BE;PRC;participant;153937,50
101308841;HORIZON;2026;999977463;TECHNISCHE UNIVERSITAET MUENCHEN;TUM;DE;HES;participant;278550,00
101308841;HORIZON;2026;991256096;AALTO KORKEAKOULUSAATIO SR;AALTO;FI;HES;participant;297277,50
101308841;HORIZON;2026;995829937;ECOLE NATIONALE DES TRAVAUX PUBLICS DE L'ETAT;ENTPE;FR;HES;participant;276313,14
101308841;HORIZON;2026;891525352;METROPOLITNY INSTITUT BRATISLAVY;;SK;PUB;participant;125000,00
101308841;HORIZON;2026;900304822;QENDRA MARREDHENIE;;AL;REC;participant;135325,00
101308841;HORIZON;2026;887254054;FONDAZIONE TRANSFORM TRANSPORT ETS;TRANSFORM TRANSPORT;IT;OTH;participant;293317,93
101308841;HORIZON;2026;881289039;STICHTING BYCS GLOBAL FOUNDATION;;NL;OTH;participant;128389,13
101308841;HORIZON;2026;926686882;AGJENCIA KOMBËTARE E PLANIFIKIMIT TË TERRITORIT;NATIONAL TERRITORIAL PLANNING AGENCY;AL;PUB;participant;119193,75
101308841;HORIZON;2026;950240325;ESPOON KAUPUNKI;ESBO STAD CITY OF ESPOO;FI;PUB;participant;152125,00
101308841;HORIZON;2026;998914925;GEMEENTE ROTTERDAM;ROTTERDAM;NL;PUB;participant;154500,00
101308841;HORIZON;2026;924732526;IVN, INSTITUUT VOOR NATUUREDUCATIEEN DUURZAAMHEID;;NL;OTH;participant;140625,00
101308841;HORIZON;2026;872118950;FRANSEN KOOS DRIES;STR.AAT;BE;PRC;participant;133750,00
101308841;HORIZON;2026;999977366;TECHNISCHE UNIVERSITEIT DELFT;TU Delft;NL;HES;coordinator;883309,96
101308841;HORIZON;2026;999847774;UNIVERSITETI POLITEKNIK I TIRANES;UPT;AL;HES;participant;78312,50
101312390;HORIZON;2027;999844670;OULUN YLIOPISTO;UOULU;FI;HES;participant;314524,80
101312390;HORIZON;2027;998267838;UNIVERSITE DE LIMOGES;UNILIM;FR;HES;associatedPartner;0,00
101312390;HORIZON;2027;932760440;TEKNOLOGIAN TUTKIMUSKESKUS VTT OY;VTT;FI;REC;associatedPartner;0,00
101312390;HORIZON;2027;999849811;UNIVERSITE DE PAU ET DES PAYS DE L'ADOUR;;FR;HES;associatedPartner;0,00
101312390;HORIZON;2027;897235257;ELECTRONIQUE ORGANIQUE BRILLIANT MATTERS INC;Brilliant Matters;CA;PRC;associatedPartner;0,00
101312390;HORIZON;2027;906138402;E-PEAS;;BE;PRC;associatedPartner;0,00
101312390;HORIZON;2027;904928327;INNOCELL APS;;DK;PRC;participant;335890,08
101312390;HORIZON;2027;999980664;UNIVERSITE CATHOLIQUE DE LOUVAIN;UCLouvain;BE;HES;participant;288540,00
101312390;HORIZON;2027;916760387;DRACULA TECHNOLOGIES;;FR;PRC;participant;629338,32
101312390;HORIZON;2027;925587193;CARDLAB INNOVATION APS;;DK;PRC;participant;335890,08
101312390;HORIZON;2027;951224390;POLAR ELECTRO OY;Polar Electro OY;FI;PRC;participant;314524,80
101312390;HORIZON;2027;968978300;KING ABDULLAH UNIVERSITY OF SCIENCE AND TECHNOLOGY;KAUST;SA;HES;associatedPartner;0,00
101312390;HORIZON;2027;999904616;SYDDANSK UNIVERSITET;SDU;DK;HES;participant;671780,16
101312390;HORIZON;2027;999561042;NATIONAL  RESEARCH COUNCIL CANADA;NRC;CA;REC;associatedPartner;0,00
101312390;HORIZON;2027;870586932;Nano-C, Inc.;Nano-C, Inc.;US;PRC;associatedPartner;0,00
101312390;HORIZON;2027;999984350;THE CHANCELLOR, MASTERS AND SCHOLARS OF THE UNIVERSITY OF OXFORD;UOXF;UK;HES;participant;348738,12
101312390;HORIZON;2027;955518483;UNIVERSITE D'AIX MARSEILLE;AMU;FR;HES;participant;314669,16
101312390;HORIZON;2027;999997930;CENTRE NATIONAL DE LA RECHERCHE SCIENTIFIQUE CNRS;CNRS;FR;REC;coordinator;629338,32
101312390;HORIZON;2027;903884510;Universidade de São Paulo - Escola de Artes, Ciências e Humanidades;;BR;PUB;associatedPartner;0,00
101312390;HORIZON;2027;999974941;THE UNIVERSITY OF EDINBURGH;UEDIN;UK;HES;participant;348738,12
101312390;HORIZON;2027;999896953;ASTON UNIVERSITY;ASTON U;UK;HES;participant;348738,12
101311025;HORIZON;2026;955368327;EESTI KUNSTIAKADEEMIA;EKA;EE;HES;participant;216685,00
101311025;HORIZON;2026;999895886;UNIVERSIDAD DE ALICANTE;UNIVERSIDAD DE ALICANTE;ES;HES;participant;202931,25
101311025;HORIZON;2026;999917614;UNIWERSYTET SLASKI W KATOWICACH;UNIWERSYTET SLASKI W KATOWICACH;PL;HES;participant;602728,75
101311025;HORIZON;2026;999842051;UNIVERSITA DEGLI STUDI DI TRIESTE;UNITS;IT;HES;participant;309922,50
101311025;HORIZON;2026;907777120;Kreisstadt Saarlouis;;DE;PUB;participant;98402,50
101311025;HORIZON;2026;872232052;UNIVERSITE JEAN MONNET;UNIVERSITE JEAN MONNET;FR;HES;participant;214206,25
101311025;HORIZON;2026;999887641;SOFIA UNIVERSITY ST KLIMENT OHRIDSKI;UNISOFIA;BG;HES;participant;270200,00
101311025;HORIZON;2026;934614401;MARIUPOL STATE UNIVERSITY;MARIUPOLSKYI DERZHAVNYI UNIVERSYTET;UA;HES;participant;203488,75
101311025;HORIZON;2026;999907623;UNIVERSIDADE CATOLICA PORTUGUESA;UCP;PT;HES;participant;673910,00
101311025;HORIZON;2026;890892621;AISPECO, UAB;AISPECO, UAB;LT;PRC;participant;80937,50
101311025;HORIZON;2026;972141470;INNOVAWOOD ASBL;INNOVAWOOD;BE;OTH;participant;97937,50
101311025;HORIZON;2026;998802793;UNIVERZA NA PRIMORSKEM UNIVERSITA DEL LITORALE;UP;SI;HES;coordinator;742210,00
101311025;HORIZON;2026;999590627;VYTAUTO DIDZIOJO UNIVERSITETAS;VMU;LT;HES;participant;629120,00
101311025;HORIZON;2026;884067895;iQwood d.o.o.;iQwood d.o.o.;SI;PRC;participant;111696,25
101311025;HORIZON;2026;972604451;REGIONALNA RAZVOJNA AGENCIJA - LJUBLJANSKE URBANE REGIJE ZAVOD;RRA LURREGIONAL DEVELOPMENT AGENCY OF THELJUBLJANA URBAN REGION RDA LUR;SI;REC;participant;115837,50
101311025;HORIZON;2026;999929545;UNIVERSITAT DES SAARLANDES;USAAR;DE;HES;participant;414721,25
633379;H2020;2014;949885305;UNIVERSIDADE DE LISBOA;ULISBOA;PT;HES;coordinator;60437,50
633379;H2020;2014;997826391;UNIVERSIDADE DE COIMBRA;UNIVERSIDADE DE COIMBRA;PT;HES;participant;40362,50
633379;H2020;2014;972290171;CAMARA MUNICIPAL DE LISBOA;;PT;PUB;participant;21250,00
642241;H2020;2015;999901318;LUNDS UNIVERSITET;;SE;HES;participant;527318,64
642241;H2020;2015;999599745;NATURHISTORISKA RIKSMUSEET;;SE;REC;participant;527318,64
642241;H2020;2015;931662012;SAVANTIC AB;SAVANTIC AB;SE;PRC;participant;263659,32
642241;H2020;2015;999991043;KOBENHAVNS UNIVERSITET;UCPH;DK;HES;coordinator;870245,64
642241;H2020;2015;999868726;FRIEDRICH-SCHILLER-UNIVERSITÄT JENA;UNI JENA;DE;HES;participant;249216,48
642241;H2020;2015;962234472;Era7 Information Technologies SL;Era7;ES;PRC;participant;247872,96
642241;H2020;2015;998250863;NATURHISTORISCHES MUSEUM;NHMW;AT;REC;participant;255934,08
642241;H2020;2015;984222238;LEIBNIZ-INSTITUT ZUR ANALYSE DES BIODIVERSITATSWANDELS;;DE;REC;participant;249216,48
642241;H2020;2015;998303631;PENSOFT PUBLISHERS;PENSOFT;BG;PRC;participant;218651,40
642241;H2020;2015;999923434;UNIVERZITA KARLOVA;CU;CZ;HES;participant;464844,96
642241;H2020;2015;941255021;DECURIA AB;DECURIA AB;SE;PRC;participant;0,00
642241;H2020;2015;999903064;TURUN YLIOPISTO;UNIVERSITY OF TURKU;FI;HES;participant;0,00
644964;H2020;2015;999974553;UNIVERSITEIT LEIDEN;ULEI;NL;HES;participant;259966,25
644964;H2020;2015;999978045;UNIVERSITY OF GALWAY;OLLSCOIL NA GAILLIMHE;IE;HES;participant;87803,75
644964;H2020;2015;999619436;FUNDACIO INSTITUT DE CIENCIES FOTONIQUES;ICFO-CERCA;ES;REC;participant;99225,00
644964;H2020;2015;941532538;EXCITE YOUTH FOR ENGINEERING, SCIENCE AND TECHNOLOGY;EYEST;BE;OTH;participant;82697,50
644964;H2020;2015;986764026;EUROPEAN PHYSICAL SOCIETY ASSOCIATION;EPS;FR;OTH;coordinator;170875,00
644964;H2020;2015;999596059;ASSOCIATION EUROPEAN OPTICAL SOCIETY;EOS;FR;OTH;participant;144000,00
644964;H2020;2015;999879881;POLITECNICO DI MILANO;POLIMI;IT;HES;participant;87803,75
644964;H2020;2015;940073561;EUROPEAN OPTICAL SOCIETY OY;;FI;PRC;thirdParty;47437,50
656439;H2020;2015;951414122;FUNDACION PRIVADA INSTITUTO DE SALUD GLOBAL BARCELONA;ISGLOBAL;ES;REC;coordinator;170121,60
642197;H2020;2015;943385141;NEMO Nature and Environment Management Operators S.r.l;NEMO srl;IT;PRC;participant;258061,32
642197;H2020;2015;999862033;SWANSEA UNIVERSITY;PRIFYSGOL ABERTAWE;UK;HES;coordinator;819863,64
642197;H2020;2015;951102655;NEOALGAE MICRO SEAWEEDS PRODUCTS SL;NEOALGAE;ES;PRC;participant;247872,96
642197;H2020;2015;999895789;UNIVERSITA DEGLI STUDI DI FIRENZE;UNIFI;IT;HES;participant;258061,32
642197;H2020;2015;942539883;CORFF ADNODDAU NATURIOL CYMRU;NATURAL RESOURCES BODY FOR WALES;UK;PUB;participant;0,00
642197;H2020;2015;999848647;UNIVERSIDAD DE OVIEDO;UNIOVI;ES;HES;participant;247872,96
642197;H2020;2015;999514385;FUNDACION AZTI - AZTI FUNDAZIOA;AZTI;ES;REC;participant;247872,96
688110;H2020;2016;935375657;LEGAMBIENTE LOMBARDIA APS;LEGAMBIENTE LOMBARDIA;IT;OTH;thirdParty;11080,00
688110;H2020;2016;997875667;GLOBAL 2000 UMWELTSCHUTZORGANISATION;;AT;OTH;participant;310748,00
688110;H2020;2016;999991722;AGENCIA ESTATAL CONSEJO SUPERIOR DE INVESTIGACIONES CIENTIFICAS;CSIC;ES;REC;participant;180397,50
688110;H2020;2016;999976202;UNIVERSITAT POLITECNICA DE CATALUNYA;UPC;ES;HES;coordinator;281062,50
688110;H2020;2016;940719872;ZENTRUM FUR SOZIALE INNOVATION GMBH;Zentrum fuer Soziale Innovation GmbH;AT;REC;participant;400750,00
688110;H2020;2016;986523951;LEGAMBIENTE NAZIONALE APS RETE ASSOCIATIVA ETS;;IT;OTH;participant;238468,75
688110;H2020;2016;891878141;UNIVERSITE CLERMONT AUVERGNE;UCA;FR;HES;participant;209742,00
688110;H2020;2016;969706479;FUNDACIO PRIVADA PER A LA XARXA OBERTA, LLIURE I NEUTRAL, GUIFI.NET;GUIFI.NET;ES;OTH;participant;73625,00
688110;H2020;2016;950472446;LEGAMBIENTE VOLONTARIATO VENETO;LEGAMBIENTE VENETO;IT;OTH;thirdParty;5650,00
688110;H2020;2016;929074246;LEGAMBIENTE PIEMONTE E VALLE D'AOSTA APS;LEGAMBIENTE PIEMONTE E VALLE D'AOSTA APS;IT;OTH;thirdParty;5820,00
688110;H2020;2016;925869657;LEGAMBIENTE EMILIA-ROMAGNA APS;LEGAMB ER;IT;OTH;thirdParty;5945,00
688110;H2020;2016;947988470;ECOLOGISTAS EN ACCION;CODA;ES;OTH;participant;240693,75
688620;H2020;2015;940451861;RRJETI EDUKATOREVE BASHKEMOSHATAR;PEER EDUCATORS NETWORK;XK;OTH;participant;211250,00
688620;H2020;2015;999975523;UNIVERSITY OF DUNDEE;UNIVDUN;UK;HES;participant;300412,00
688620;H2020;2015;999900833;UNIVERSITEIT TWENTE;UNIVERSITEIT TWENTE;NL;HES;participant;14687,50
688620;H2020;2015;957944453;INSTITUT D'ARQUITECTURA AVANCADA DE CATALUNYA;IAAC;ES;REC;participant;358125,00
688620;H2020;2015;984550389;STICHTING WAAG SOCIETY;Waag Futurelab;NL;REC;coordinator;368612,50
688620;H2020;2015;999992304;JRC -JOINT RESEARCH CENTRE- EUROPEAN COMMISSION;JRC;BE;REC;participant;294687,50
709443;H2020;2016;999974650;UNIVERSITE DE GENEVE;UNIGE;CH;HES;participant;0,00
709443;H2020;2016;998437006;INSTITUT ROYAL DES SCIENCES NATURELLES DE BELGIQUE;KONINKLIJK BELGISCHINSTITUUT VOOR NATUURWETENSCHAPPENROYAL BELGIAN INSTITUTE OF NATURAL;BE;REC;participant;242500,00
709443;H2020;2016;951590080;MADRID DESTINO CULTURA TURISMO Y NEGOCIO SA;MADRID DESTINO SA;ES;PRC;participant;314000,00
709443;H2020;2016;937540309;CENTRUM SZKOLEN I ROZWOJU OSOBISTEGO MERITUM;;PL;OTH;participant;178812,50
709443;H2020;2016;949705079;EUTEMA GMBH;EUTEMA;AT;PRC;participant;252500,00
709443;H2020;2016;937663402;VEREIN DER EUROPAISCHEN BURGEWISSENSCHAFTEN - ECSA EV;EUROPEAN CITIZEN SCIENCE ASSOCIATION;DE;REC;participant;383750,00
709443;H2020;2016;897691060;UNIVERSITE PARIS CITE;UPCité;FR;HES;participant;320800,00
709443;H2020;2016;969094118;ZAVOD ZA KULTURO, UMETNOST IN IZOBRAZEVANJE KERSNIKOVA;ZAVOD KERSNIKOVA;SI;OTH;participant;253325,00
709443;H2020;2016;999975620;UNIVERSITY COLLEGE LONDON;;UK;HES;coordinator;904855,00
709443;H2020;2016;984550389;STICHTING WAAG SOCIETY;Waag Futurelab;NL;REC;participant;388637,50
709443;H2020;2016;937125246;Tekiu Limited;Tekiu;UK;PRC;participant;259773,75
710577;H2020;2016;969091693;IDRYMA EVGENIDOU;;EL;REC;participant;143375,00
710577;H2020;2016;999868144;VSB - TECHNICAL UNIVERSITY OF OSTRAVA;VSB - TU Ostrava;CZ;HES;participant;168750,00
710577;H2020;2016;935120838;FONDAZIONE UMBERTO VERONESI ETS;FONDAZIONE UMBERTO VERONESI ETS;IT;OTH;participant;216311,25
710577;H2020;2016;939229176;RESEARCH PATHS ETAIREIA EREYNAS;RESEARCH PATHS;EL;REC;participant;151250,00
710577;H2020;2016;999971837;INSTITUT JOZEF STEFAN;JSI;SI;REC;participant;218750,00
710577;H2020;2016;986600484;INSTITUT ZA RAZVOJNE IN STRATESKE ANALIZE ZAVOD;IRSA;SI;REC;participant;53750,00
710577;H2020;2016;999884052;POLITECHNIKA WARSZAWSKA;WARSAW UNIVERSITY OF TECHNOLOGY;PL;HES;coordinator;367500,00
710577;H2020;2016;999986387;UNIVERSITAT DE BARCELONA;UB;ES;HES;participant;214750,00
710577;H2020;2016;949857563;OPEN EVIDENCE;Open Evidence;ES;PRC;participant;77500,00
710577;H2020;2016;999880075;UNIVERSIDAD DE CANTABRIA;;ES;HES;participant;155000,00
688995;H2020;2016;950715722;EMAC EMPRESA MUNICIPAL DE AMBIENTEDE CASCAIS EM SA;;PT;PRC;participant;352397,50
688995;H2020;2016;923109716;MOBA MOBILE AUTOMATION AG;;DE;PRC;participant;350883,75
688995;H2020;2016;996823508;FUNDACION DEUSTO-DEUSTU FUNDAZIOA;FD;ES;REC;coordinator;738579,31
688995;H2020;2016;935375657;LEGAMBIENTE LOMBARDIA APS;LEGAMBIENTE LOMBARDIA;IT;OTH;participant;201875,00
688995;H2020;2016;996410094;ZABALA INNOVATION CONSULTING SA;ZABALA;ES;PRC;participant;439923,75
688995;H2020;2016;926949267;COMUNE DI SEVESO;SEVESO;IT;PUB;participant;176375,00
688995;H2020;2016;985402146;VIRTUALWARE 2007 SA;Virtualware;ES;PRC;participant;150150,00
688995;H2020;2016;998807158;ENBIO EPE;ENBIO;EL;PRC;participant;377912,50
688995;H2020;2016;923254052;AGENZIA INNOVA21 PER LO SVILUPPO SOSTENIBILE ONLUS;;IT;OTH;thirdParty;50750,00
688995;H2020;2016;999978142;ETHNICON METSOVION POLYTECHNION;NATIONAL TECHNICAL UNIVERSITY OF ATHENS - NTUA;EL;HES;participant;787637,50
688995;H2020;2016;932252451;ARS AMBIENTE SRL;ARS;IT;PRC;participant;269937,50
688995;H2020;2016;996260035;SERIOUS GAMES INTERACTIVE APS;Serious Games Interactive;DK;PRC;participant;681187,50
688995;H2020;2016;951686013;DIMOS CHALANDRIOU;MUNICIPALITY OF HALANDRI;EL;PUB;participant;455250,00
688995;H2020;2016;952891529;SOFTLINE SRL;SOFTLINE;IT;PRC;participant;285687,50
688995;H2020;2016;926504716;AYUNTAMIENTO DE ZAMUDIO;;ES;PUB;participant;338965,23
688995;H2020;2016;923269281;MANCOMUNIDAD DE SERVICIOS DEL TXORIERRI;;ES;PUB;thirdParty;224256,61
688995;H2020;2016;999960488;ENGINEERING - INGEGNERIA INFORMATICA SPA;ENG;IT;PRC;participant;290850,00
688995;H2020;2016;923365893;MOBA-ISE MOBILE AUTOMATION SL;MOBA;ES;PRC;thirdParty;309338,75
688995;H2020;2016;999876971;UNIVERSIDAD DE LA IGLESIA DE DEUSTO ENTIDAD RELIGIOSA;UDEUSTO;ES;HES;thirdParty;498362,50
688995;H2020;2016;953380118;FUNDACION VIRTUALWARE LABS;VWLABS;ES;;thirdParty;92662,50
688995;H2020;2016;970572495;GREEN TECHNOLOGIES MELETES KAI ERGA GIA TO PERIVALLON ETAIRIA PERIORISMENIS EYTHINIS;GREEN TECHNOLOGIES LTD;EL;PRC;participant;465062,47
688995;H2020;2016;956397691;ASOCIACION CLUSTER DE INDUSTRIAS DEMEDIO AMBIENTE DE EUSKADI;;ES;OTH;participant;320625,00
688995;H2020;2016;999894528;PANEPISTIMIO PATRON;UNIVERSITY OF PATRAS;EL;HES;participant;522837,50
688995;H2020;2016;996478964;AGENCIA DE ECOLOGIA URBANA DE BARCELONA;BCNECOLOGIA;ES;OTH;participant;437048,75
703999;H2020;2016;999974553;UNIVERSITEIT LEIDEN;ULEI;NL;HES;coordinator;165598,80
722628;H2020;2016;999845446;THE PROVOST, FELLOWS, FOUNDATION SCHOLARS & THE OTHER MEMBERS OF BOARD, OF THE COLLEGE OF THE HOLY & UNDIVIDED TRINITY OF QUEEN ELIZABETH NEAR DUBLIN;TRINITY COLLEGE DUBLIN;IE;HES;coordinator;159900,00
722750;H2020;2016;999936432;SIHTASUTUS TEADUSKESKUS AHHAA;Science Centre AHHAA Foundation;EE;OTH;coordinator;80000,00
722750;H2020;2016;923493933;INNOVATSIOONIKESKUS INNOKAS;INNOKAS;EE;OTH;participant;19000,00
722750;H2020;2016;998776700;EESTI RAHVUSRINGHAALING;ERR;EE;PUB;participant;65000,00
720325;H2020;2017;999852236;LINKOPINGS UNIVERSITET;LIU;SE;HES;participant;258972,04
720325;H2020;2017;999958839;CSEM CENTRE SUISSE D'ELECTRONIQUE ET DE MICROTECHNIQUE SA - RECHERCHE ET DEVELOPPEMENT;CSEM;CH;REC;participant;265226,76
720325;H2020;2017;998191111;AQUAMARIJN MICRO FILTRATION BV;Aquamarijn;NL;PRC;participant;209052,22
720325;H2020;2017;999867853;VYSOKA SKOLA CHEMICKO-TECHNOLOGICKA V PRAZE;VSCHT;CZ;HES;participant;232422,48
720325;H2020;2017;999991722;AGENCIA ESTATAL CONSEJO SUPERIOR DE INVESTIGACIONES CIENTIFICAS;CSIC;ES;REC;participant;506280,52
720325;H2020;2017;999992013;THE QUEEN'S UNIVERSITY OF BELFAST;THE QUEEN'S UNIVERSITY OF BELFAST;UK;HES;participant;819863,64
720325;H2020;2017;999547365;STICHTING WAGENINGEN RESEARCH;WR;NL;REC;coordinator;539123,48
694767;H2020;2016;999975620;UNIVERSITY COLLEGE LONDON;;UK;HES;coordinator;2500000,00
732703;H2020;2017;999990946;KUNGLIGA TEKNISKA HOEGSKOLAN;KTH;SE;HES;participant;64391,13
732703;H2020;2017;999974650;UNIVERSITE DE GENEVE;UNIGE;CH;HES;participant;0,00
732703;H2020;2017;925667994;MMOS SARL;;CH;PRC;coordinator;0,00
732703;H2020;2017;929514723;Virgo Systems Kft.;;HU;PRC;participant;0,00
732703;H2020;2017;999651931;VIB VZW;VLAAMS  INSTITUUT BIOTECHNOLOGIE FLANDERS INSTITUTE FOR BIOTECHNOLOGY;BE;REC;participant;64391,13
732703;H2020;2017;999662310;MUSEUM NATIONAL D'HISTOIRE NATURELLE;MNHN;FR;HES;participant;89024,69
732703;H2020;2017;995939547;CCP HF;;IS;PRC;participant;92098,92
732703;H2020;2017;999985708;UNIVERSITEIT VAN AMSTERDAM;UvA;NL;HES;participant;263391,13
740481;H2020;2018;999991722;AGENCIA ESTATAL CONSEJO SUPERIOR DE INVESTIGACIONES CIENTIFICAS;CSIC;ES;REC;coordinator;158121,60
115985;H2020;2016;997512402;GMV SOLUCIONES GLOBALES INTERNET SAU;GMV-SGI;ES;PRC;participant;380593,75
115985;H2020;2016;999884828;KLINIKUM DER UNIVERSITAET ZU KOELN;;DE;HES;participant;144106,90
115985;H2020;2016;914153124;MODUS RESEARCH AND INNOVATION LIMITED;;UK;REC;participant;82143,58
115985;H2020;2016;999941379;ASTRAZENECA AB;;SE;PRC;participant;0,00
115985;H2020;2016;949434352;SPOMINCICA ALZHEIMER SLOVENIJA SLOVENSKO ZDRUZENJE ZA POMOC PRI DEMENCI;SPOMINCICA, ALZHEIMER SLOVENIJA;SI;OTH;participant;25991,43
115985;H2020;2016;924716230;ASDM CONSULTING;ASDM CONSULTING;BE;PRC;participant;118299,31
115985;H2020;2016;919322739;STICHTING AMSTERDAM UMC;;NL;REC;participant;97347,69
115985;H2020;2016;949035488;FUNDACIO ACE;Fundacio ACE;ES;REC;coordinator;311684,93
115985;H2020;2016;999978530;KAROLINSKA INSTITUTET;KAROLINSKA INSTITUTE;SE;HES;participant;428441,73
115985;H2020;2016;995206033;KITE INNOVATION (EUROPE) LIMITED;Kite Innovation;UK;PRC;participant;34538,49
115985;H2020;2016;999522921;REGION STOCKHOLM;RS;SE;PUB;thirdParty;40260,00
115985;H2020;2016;999882306;UNIVERZITETNI KLINICNI CENTER LJUBLJANA;UKCL;SI;HES;participant;168306,79
115985;H2020;2016;999541642;FUNDACIO HOSPITAL UNIVERSITARI VALL D'HEBRON - INSTITUT DE RECERCA;VHIR;ES;REC;participant;74322,40
115985;H2020;2016;997585928;ELI LILLY AND COMPANY LTD;;UK;PRC;participant;0,00
115985;H2020;2016;998068600;ALZHEIMER EUROPE;AE;LU;REC;participant;91275,00
115985;H2020;2016;997642770;EUROPEAN INSTITUTE OF WOMEN'S HEALTH COMPANY LIMITED BY GUARANTEE;EIWH;IE;REC;participant;45688,00
741527;H2020;2017;999880657;Masarykova univerzita;MU;CZ;HES;participant;207186,49
741527;H2020;2017;999507886;INSTITUTO DE SALUD CARLOS III;ISCIII;ES;REC;participant;215988,53
741527;H2020;2017;939089108;FONDAZIONE ANT ITALIA ONLUS;;IT;OTH;participant;58555,04
741527;H2020;2017;999990461;MAX DELBRUECK CENTRUM FUER MOLEKULARE MEDIZIN IN DER HELMHOLTZ-GEMEINSCHAFT (MDC);MDC;DE;REC;participant;664729,85
741527;H2020;2017;999473742;THE BABRAHAM INSTITUTE;;UK;REC;participant;509993,81
741527;H2020;2017;999986484;UNIVERSITAT AUTONOMA DE BARCELONA;UAB;ES;HES;participant;221942,94
741527;H2020;2017;999914704;VETENSKAP & ALLMANHET, VA;VA;SE;OTH;participant;477646,71
741527;H2020;2017;999544455;FUNDACIO CENTRE DE REGULACIO GENOMICA;CRG-CERCA;ES;REC;coordinator;660545,84
741527;H2020;2017;997988866;JCMM, Z.S.P.O.;JCMM;CZ;OTH;participant;140712,04
746334;H2020;2018;999991043;KOBENHAVNS UNIVERSITET;UCPH;DK;HES;coordinator;212194,80
776691;H2020;2018;998909590;FUTUREWATER BV;FW;NL;PRC;thirdParty;174500,00
776691;H2020;2018;908671460;HIVIEW BV;;NL;PRC;thirdParty;95482,50
776691;H2020;2018;952724689;GEOMATICS RESEARCH & DEVELOPMENT SRL;GRED;IT;PRC;participant;228406,00
776691;H2020;2018;999993468;IMPERIAL COLLEGE OF SCIENCE TECHNOLOGY AND MEDICINE;;UK;HES;participant;312979,50
776691;H2020;2018;929105771;Farmerline Ltd;FARMERLINE LTD;GH;PRC;participant;137500,00
776691;H2020;2018;996177973;WATER PLATFORM COMPANY BV;WPC;NL;PRC;participant;431700,00
776691;H2020;2018;999994632;HELMHOLTZ-ZENTRUM FUR UMWELTFORSCHUNG GMBH - UFZ;;DE;REC;participant;331687,50
776691;H2020;2018;986374377;STRATHMORE UNIVERSITY;STRATHMORE UNIVERSITY;KE;HES;participant;131750,00
776691;H2020;2018;995125911;KWAME NKRUMAH UNIVERSITY OF SCIENCE AND TECHNOLOGY KUMASI;KNUST;GH;HES;participant;112006,66
776691;H2020;2018;999658527;HYDROLOGIC BV;HL;NL;PRC;thirdParty;62500,00
776691;H2020;2018;999856601;MAKERERE UNIVERSITY;MAKERERE;UG;HES;participant;166273,75
776691;H2020;2018;952787060;NOORT HARMANNUS;HCP INTERNATIONAL-CONRADUS PIETER;NL;PRC;participant;172187,50
776691;H2020;2018;948139596;FUTUREWATER SL;FUTUREWATER SL;ES;PRC;participant;79500,00
776691;H2020;2018;996227928;MICROSTEP-MIS SPOL SRO;MICROSTEP - MIS;SK;PRC;participant;164446,25
776691;H2020;2018;999879881;POLITECNICO DI MILANO;POLIMI;IT;HES;participant;278187,50
776691;H2020;2018;999773666;STARLAB BARCELONA SL;STARLAB;ES;PRC;participant;337625,00
776691;H2020;2018;983972463;South African Weather Service;SAWS;ZA;PUB;participant;251025,00
776691;H2020;2018;913487025;GHANA INSURANCE ASSOCIATION;GIA;GH;OTH;participant;172679,50
776691;H2020;2018;999977366;TECHNISCHE UNIVERSITEIT DELFT;TU Delft;NL;HES;coordinator;1109236,34
776691;H2020;2018;931345404;TRANS-AFRICAN HYDRO-METEOROLOGICAL OBSERVATORY;TAHMO KENYA;KE;OTH;participant;229949,50
776740;H2020;2017;951080248;STICHTING IHE DELFT INSTITUTE FOR WATER EDUCATION;IHE DELFT;NL;REC;participant;190632,50
776740;H2020;2017;999975523;UNIVERSITY OF DUNDEE;UNIVDUN;UK;HES;participant;187500,00
776740;H2020;2017;999452596;INTERNATIONALES INSTITUT FUER ANGEWANDTE SYSTEMANALYSE;IIASA;AT;REC;coordinator;233625,00
776740;H2020;2017;937663402;VEREIN DER EUROPAISCHEN BURGEWISSENSCHAFTEN - ECSA EV;EUROPEAN CITIZEN SCIENCE ASSOCIATION;DE;REC;participant;84000,00
776740;H2020;2017;998880005;CENTRO DE INVESTIGACION ECOLOGICA Y APLICACIONES FORESTALES;CREAF - CERCA;ES;REC;participant;143000,00
776740;H2020;2017;999654356;EREVNITIKO PANEPISTIMIAKO INSTITOUTO SYSTIMATON EPIKOINONION KAI YPOLOGISTON;RESEARCH UNIVERSITY INSTITUTE OF COMMUNICATION AND COMPUTER SYSTEMS;EL;REC;participant;171750,00
776740;H2020;2017;904908054;AUTORITA' DI BACINO DISTRETTUALE DELLE ALPI ORIENTALI;AAWA;IT;PUB;participant;59000,00
777435;H2020;2017;999589463;CESNET ZAJMOVE SDRUZENI PRAVNICKYCH OSOB;CESNET;CZ;REC;participant;233750,00
777435;H2020;2017;999593731;USTAV INFORMATIKY SLOVENSKEJ AKADEMIE VIED, VEREJNA VYSKUMNA INSTITUCIA;UISAV;SK;HES;participant;271250,00
777435;H2020;2017;999994729;HELMHOLTZ ZENTRUM MUENCHEN DEUTSCHES FORSCHUNGSZENTRUM FUER GESUNDHEIT UND UMWELT GMBH;HMGU;DE;REC;participant;260000,00
777435;H2020;2017;999661534;LABORATORIO DE INSTRUMENTACAO E FISICA EXPERIMENTAL DE PARTICULAS LIP;LIP;PT;REC;participant;362500,00
777435;H2020;2017;999586359;INSTYTUT CHEMII BIOORGANICZNEJ POLSKIEJ AKADEMII NAUK;;PL;REC;participant;242500,00
777435;H2020;2017;999991722;AGENCIA ESTATAL CONSEJO SUPERIOR DE INVESTIGACIONES CIENTIFICAS;CSIC;ES;REC;coordinator;531250,00
777435;H2020;2017;999993856;ATOS SPAIN SA;;ES;PRC;participant;161904,00
777435;H2020;2017;990797674;KARLSRUHER INSTITUT FUER TECHNOLOGIE;KIT;DE;HES;participant;241250,00
777435;H2020;2017;999864846;UNIVERSITAT POLITECNICA DE VALENCIA;UPV;ES;HES;participant;237500,00
777435;H2020;2017;952979120;ATOS IT SOLUTIONS AND SERVICES IBERIA SL;ATOS IT;ES;PRC;thirdParty;71846,00
777435;H2020;2017;999992789;ISTITUTO NAZIONALE DI FISICA NUCLEARE;INFN;IT;REC;participant;375000,00
777541;H2020;2018;999995505;UNIVERSIDADE DO MINHO;UMINHO;PT;HES;participant;311250,00
777541;H2020;2018;999572294;UNIWERSYTET WARSZAWSKI;UNIWARSAW;PL;HES;participant;532500,00
777541;H2020;2018;999895013;TARTU ULIKOOL;UNIVERSITY OF TARTU;EE;HES;participant;63000,00
777541;H2020;2018;999994535;HELSINGIN YLIOPISTO;;FI;HES;participant;103250,00
777541;H2020;2018;999880657;Masarykova univerzita;MU;CZ;HES;participant;72500,00
777541;H2020;2018;999421944;FUNDACION ESPANOLA PARA LA CIENCIAY LA TECNOLOGIA, F.S.P., FECYT;FECYT;ES;REC;participant;112500,00
777541;H2020;2018;999845446;THE PROVOST, FELLOWS, FOUNDATION SCHOLARS & THE OTHER MEMBERS OF BOARD, OF THE COLLEGE OF THE HOLY & UNDIVIDED TRINITY OF QUEEN ELIZABETH NEAR DUBLIN;TRINITY COLLEGE DUBLIN;IE;HES;participant;111775,00
777541;H2020;2018;999518362;KONINKLIJKE NEDERLANDSE AKADEMIE VAN WETENSCHAPPEN - KNAW;KNAW;NL;REC;participant;147437,50
777541;H2020;2018;996479546;STICHTING EIFL.NET;EIFL;NL;OTH;participant;238125,00
777541;H2020;2018;999986096;UNIVERSITEIT GENT;UGent;BE;HES;participant;202750,00
777541;H2020;2018;999643007;ETHNIKO KAI KAPODISTRIAKO PANEPISTIMIO ATHINON;UOA;EL;HES;coordinator;551250,00
777541;H2020;2018;972130024;UNITATEA EXECUTIVA PENTRU FINANTAREA INVATAMANTULUI SUPERIOR A CERCETARII DEZVOLTARII SI INOVARII;UEFISCDI;RO;REC;participant;75750,00
777541;H2020;2018;999866883;UNIVERSITAT WIEN;UNIVIE;AT;HES;participant;120000,00
777541;H2020;2018;999895692;ARISTOTELIO PANEPISTIMIO THESSALONIKIS;ARISTOTLE UNIVERSITY OF THESSALONIKI;EL;HES;thirdParty;30000,00
777541;H2020;2018;999937887;NATIONAL INFRASTRUCTURES FOR RESEARCH AND TECHNOLOGY;GRNET S.A.;EL;OTH;thirdParty;35000,00
777541;H2020;2018;999881239;DEBRECENI EGYETEM;UNIVERSITY OF DEBRECEN DE;HU;HES;participant;92500,00
777541;H2020;2018;999845640;GEORG-AUGUST-UNIVERSITAT GOTTINGEN STIFTUNG OFFENTLICHEN RECHTS;UGOE;DE;HES;participant;669750,00
777541;H2020;2018;999646208;COOPERACION LATINOAMERICANA DE REDES AVANZADAS;CLARA;UY;OTH;participant;104062,50
777541;H2020;2018;999869308;IZMIR INSTITUTE OF TECHNOLOGY;;TR;HES;participant;112000,00
777541;H2020;2018;951533044;CENTRUM VEDECKO TECHNICKYCH INFORMACII SLOVENSKEJ REPUBLIKY;CVTISR;SK;PUB;participant;77500,00
777541;H2020;2018;999562788;ATHINA-EREVNITIKO KENTRO KAINOTOMIAS STIS TECHNOLOGIES TIS PLIROFORIAS, TON EPIKOINONION KAI TIS GNOSIS;ATHENA - RESEARCH AND INNOVATION CENTER;EL;REC;participant;1413261,79
777541;H2020;2018;999861936;UNIVERSITA DEGLI STUDI DI TORINO;UNITO;IT;HES;thirdParty;55000,00
777541;H2020;2018;935217741;DIGITAL RESEARCH INFRASTRUCTURE FOR THE ARTS AND HUMANITIES;DARIAH ERIC;FR;REC;participant;39000,00
777541;H2020;2018;957901773;COAR E.V.;;DE;OTH;participant;215000,00
777541;H2020;2018;999980276;RHEINISCHE FRIEDRICH-WILHELMS-UNIVERSITAT BONN;;DE;HES;participant;29863,21
777541;H2020;2018;999886574;BAR ILAN UNIVERSITY;BIU;IL;HES;participant;123125,00
777541;H2020;2018;999878620;UNIVERSITE DU LUXEMBOURG;uni.lu;LU;HES;participant;85625,00
777541;H2020;2018;999979500;CONSIGLIO NAZIONALE DELLE RICERCHE;CNR;IT;REC;participant;1045750,00
777541;H2020;2018;999641843;UNIVERZITET U BEOGRADU;Univerzitet u Beogradu;RS;HES;participant;91000,00
777541;H2020;2018;909570553;SIKT - Kunnskapssektorens  tjenesteleverandor;;NO;PUB;participant;271700,00
777541;H2020;2018;996379539;CONSORTIUM UNIVERSITAIRE DE PUBLICATIONS NUMERIQUES COUPERIN;COUPERIN;FR;OTH;participant;126250,00
777541;H2020;2018;999988133;ORGANISATION EUROPEENNE POUR LA RECHERCHE NUCLEAIRE;EUROPEAN ORGANIZATION FOR NUCLEAR RESEARCH;CH;REC;participant;494500,00
777541;H2020;2018;999904616;SYDDANSK UNIVERSITET;SDU;DK;HES;participant;115000,00
777541;H2020;2018;999975814;UNIVERSITETET I OSLO;UNIVERSITY OF OSLO;NO;HES;participant;0,00
777541;H2020;2018;999976396;UNIVERSITAT ZURICH;UZH;CH;HES;participant;156250,00
777541;H2020;2018;999866204;UNIVERSITAT KONSTANZ;UKON;DE;HES;participant;115000,00
777541;H2020;2018;999887059;UNIVERSITA TA MALTA;UNIVERSITY OF MALTA;MT;HES;participant;70500,00
777541;H2020;2018;998619560;CIENCIA VIVA-AGENCIA NACIONAL PARA A CULTURA CIENTIFICA E TECNOLOGICA;;PT;OTH;thirdParty;20000,00
777541;H2020;2018;999871830;LATVIJAS UNIVERSITATE;LU;LV;HES;participant;90000,00
777541;H2020;2018;999844961;KAUNO TECHNOLOGIJOS UNIVERSITETAS;UNIVERSITY OF TECHNOLOGY, KAUNAS;LT;HES;participant;93305,00
777541;H2020;2018;951478821;JISC LBG;JISC;UK;OTH;participant;212500,00
777541;H2020;2018;999479853;ETHNIKO IDRYMA EREVNON;NATIONAL HELLENIC RESEARCH FOUNDATION EIE NHRF;EL;REC;participant;36484,35
777541;H2020;2018;999974165;UNIVERSITY OF GLASGOW;;UK;HES;participant;103750,00
777541;H2020;2018;999821390;LANDSPITALI UNIVERSITY HOSPITAL;;IS;HES;participant;50500,00
777541;H2020;2018;999835843;UNIVERSITY OF CYPRUS;UCY;CY;HES;participant;85000,00
777541;H2020;2018;996419988;KUNGLIGA BIBLIOTEKET;NATIONAL LIBRARY OF SWEDEN;SE;PUB;participant;115000,00
777541;H2020;2018;999854370;UNIVERSITAET BIELEFELD;UNIBI;DE;HES;participant;448125,00
777541;H2020;2018;999534852;INSTITUTE OF MATHEMATICS AND INFORMATICS AT THE BULGARIAN ACADEMY OF SCIENCE;IMI BAS;BG;REC;participant;54375,00
777541;H2020;2018;999974941;THE UNIVERSITY OF EDINBURGH;UEDIN;UK;HES;participant;107500,00
777541;H2020;2018;998080337;ELLINOGERMANIKI AGOGI SCHOLI PANAGEA SAVVA AE;EA;EL;HES;participant;102687,50
777541;H2020;2018;999977366;TECHNISCHE UNIVERSITEIT DELFT;TU Delft;NL;HES;participant;57500,00
777541;H2020;2018;999923240;UNIVERZA V LJUBLJANI;UL;SI;HES;participant;80530,00
777541;H2020;2018;898419918;ETHNIKO KENTRO TEKMIRIOSIS KAI ILEKTRONIKOU PERIECHOMENOU;NATIONAL DOCUMENTATION CENTER - EKT;EL;REC;participant;33015,65
777541;H2020;2018;999875031;RUDER BOSKOVIC INSTITUTE;RBI;HR;REC;participant;100000,00
780262;H2020;2018;999565601;FUNDACIO PRIVADA PER A LA RECERCA I LA DOCENCIA SANT JOAN DE DEU;FSJD-CERCA;ES;REC;coordinator;425437,50
780262;H2020;2018;999985417;UNIVERSITY OF NEWCASTLE UPON TYNE;UNEW;UK;HES;participant;175000,00
780262;H2020;2018;913658909;THE SYNERGIST;;BE;OTH;participant;70014,50
780262;H2020;2018;997929890;HOSPITAL SANT JOAN DE DEU;HSJD;ES;REC;thirdParty;131250,00
780262;H2020;2018;999976202;UNIVERSITAT POLITECNICA DE CATALUNYA;UPC;ES;HES;participant;186250,00
780262;H2020;2018;930282963;ASSERTA GLOBAL HEALTHCARE SOLUTIONS;;ES;PRC;participant;50268,75
780262;H2020;2018;930321860;STICHTING WORLD DUCHENNE ORGANIZATION;;NL;OTH;participant;182512,50
780262;H2020;2018;912227092;OMADA INTERACTIVA SLL;;ES;PRC;participant;269087,50
780262;H2020;2018;900718236;CLICLAB TRANSFORMATIVE AGENT SL;;ES;PRC;participant;45106,25
780262;H2020;2018;930662815;MELANOMA PATIENT NETWORK EUROPE;MPNEsupport;SE;OTH;participant;184300,00
780262;H2020;2018;906958634;SYNERGIST SERVICES;;BE;PRC;thirdParty;202735,50
795114;H2020;2018;999603043;STICHTING NATURALIS BIODIVERSITY CENTER;NATURALIS;NL;REC;coordinator;165598,80
795921;H2020;2018;999992110;STICHTING RADBOUD UNIVERSITEIT;;NL;HES;coordinator;177598,80
796520;H2020;2018;954982461;OSLOMET - STORBYUNIVERSITETET;OSLOMET - OSLO METROPOLITAN UNIVERSITY;NO;HES;coordinator;208400,40
787289;H2020;2018;999867077;UNIVERSIDAD POMPEU FABRA;UPF;ES;HES;participant;222200,00
787289;H2020;2018;994659923;CENTRAL LABORATORY OF SOLAR ENERGY& NEW ENERGY SOURCES OF THE BULGARIAN ACADEMY OF SCIENCES;;BG;REC;participant;280000,00
787289;H2020;2018;911400070;INSOLIGHT SA;;CH;PRC;participant;154500,00
787289;H2020;2018;998269196;UNIVERSIDADE DE EVORA;UNIVERSIDADE DE EVORA;PT;HES;participant;300000,00
787289;H2020;2018;999822069;CONSEJERÍA DE SOSTENIBILIDAD Y MEDIO AMBIENTE;;ES;PUB;participant;67250,00
787289;H2020;2018;953906343;REINER LEMOINE INSTITUT GGMBH;RLI;DE;REC;participant;250000,00
787289;H2020;2018;993725910;EUROMEDITERRANEAN IRRIGATORS COMMUNITY;EIC;ES;OTH;participant;150000,00
787289;H2020;2018;999446000;HELMHOLTZ-ZENTRUM BERLIN FUR MATERIALIEN UND ENERGIE GMBH;HZB;DE;REC;participant;350000,00
787289;H2020;2018;916295951;EUROPEAN SCIENCE COMMUNICATION INSTITUTE (ESCI) GGMBH;;DE;OTH;participant;235000,00
787289;H2020;2018;999974844;UNIVERSIDAD POLITECNICA DE MADRID;UPM;ES;HES;coordinator;964270,00
787289;H2020;2018;999844379;UNIVERSIDADE DE SAO PAULO;USP;BR;HES;participant;0,00
788960;H2020;2019;999997930;CENTRE NATIONAL DE LA RECHERCHE SCIENTIFIQUE CNRS;CNRS;FR;REC;participant;985054,53
788960;H2020;2019;999981052;KING'S COLLEGE LONDON;;UK;HES;coordinator;1510721,47
789315;H2020;2018;928391463;MUNICIPIO DE SAO JOAO DA MADEIRA;MUNICIPIO DE SAO JOAO DA MADEIRA;PT;PUB;participant;129700,00
789315;H2020;2018;899789752;INTERNATIONAL SOLID WASTE ASSOCIATION;ISWA;NL;OTH;participant;138160,40
789315;H2020;2018;998675044;MEDITERRANEAN INFORMATION OFFICE FOR ENVIRONMENT, CULTURE AND SUSTAINABLE DEVELOPMENT ASSOCIATION;MIO-ECSDE;EL;OTH;participant;234562,50
789315;H2020;2018;944630524;INTERNATIONAL SOLID WASTE ASSOCIATION;INTERNATIONALER VEREIN FUR ABFALLWIRTSCHAFT - ISWA;AT;OTH;participant;58195,84
789315;H2020;2018;959582492;MAPPING FOR CHANGE CIC;;UK;REC;participant;432312,50
789315;H2020;2018;929853350;IDEAS 3493 SL;IFC;ES;PRC;participant;416625,00
789315;H2020;2018;952410118;FUNDACION IBERCIVIS;;ES;REC;coordinator;659246,88
789315;H2020;2018;996711570;STOLICHNA OBSHTINA;SOFIA MUNICIPALITY;BG;PUB;participant;88331,25
789315;H2020;2018;999852624;UNIVERSITAET KASSEL;UNI KASSEL;DE;HES;participant;5146,88
789315;H2020;2018;953381864;ASSOCIACAO DE MUNICIPIOS PARA A GESTAO SUSTENTAVEL DE RESIDUOS DO GRANDE PORTO;LIPOR;PT;PUB;participant;110168,75
789315;H2020;2018;937663402;VEREIN DER EUROPAISCHEN BURGEWISSENSCHAFTEN - ECSA EV;EUROPEAN CITIZEN SCIENCE ASSOCIATION;DE;REC;participant;237375,00
789315;H2020;2018;999879881;POLITECNICO DI MILANO;POLIMI;IT;HES;participant;207187,50
789315;H2020;2018;937142318;APEA - ASSOCIACAO PORTUGUESA DE ENGENHARIA DO AMBIENTE;APEA - PORTUGUESE ASSOCIATION OF ENVIRONMENTAL ENGINEERS;PT;OTH;participant;87725,00
789315;H2020;2018;911261360;ASOCIACION MEDIOAMBIENTAL INTERNACIONAL DE GESTORES DEL OLOR;;ES;OTH;participant;103812,50
789315;H2020;2018;949193986;ENVIROMETRICS TECHNIKOI SYMVOULOI ANONYMI ETAIREIA;ENVIROMETRICS S.A.;EL;PRC;participant;133875,00
789315;H2020;2018;911352637;ECOTEC INGENIERIA LIMITADA;;CL;PRC;participant;116187,50
819006;H2020;2018;935966581;PRACTICAL ROBOTICS INSTITUTE AUSTRIA (PRIA) ZUR FORDERUNG DES WISSENSCHAFTLICH-TECHNISCHEM NACHWUCHSES UBER ROBOTIK IN OSTERREICH;PRIA;AT;REC;coordinator;88250,00
819006;H2020;2018;907456729;SCIENCE COMMUNICATIONS SCHUTZ & PARTNER GMBH;Science Communications Schütz & Partner GmbH;AT;PRC;participant;17500,00
819006;H2020;2018;998556801;KINDERBURO UNIVERSITAT WIEN GMBH;KUW;AT;OTH;participant;18125,00
819006;H2020;2018;999987357;UNIVERSITAET FUER BODENKULTUR WIEN;BOKU;AT;HES;participant;15882,50
819006;H2020;2018;969810463;HOCHSCHULE FUR ANGEWANDTE WISSENSCHAFTEN CAMPUS WIEN (HCW);HOCHSCHULE CAMPUS WIEN;AT;HES;participant;9375,00
817914;H2020;2018;999507013;THE BRITISH COUNCIL ROYAL CHARTER;BC;UK;OTH;participant;14750,00
817914;H2020;2018;999845446;THE PROVOST, FELLOWS, FOUNDATION SCHOLARS & THE OTHER MEMBERS OF BOARD, OF THE COLLEGE OF THE HOLY & UNDIVIDED TRINITY OF QUEEN ELIZABETH NEAR DUBLIN;TRINITY COLLEGE DUBLIN;IE;HES;coordinator;189000,00
818728;H2020;2018;998519650;ASSOCIAZIONE FRASCATI SCIENZA;ASSOCIAZIONE FRASCATI SCIENZA;IT;OTH;coordinator;360000,00
818352;H2020;2018;997348957;USTANOVA HISA EKSPERIMENTOV;UHE;SI;REC;coordinator;66000,00
818352;H2020;2018;999971837;INSTITUT JOZEF STEFAN;JSI;SI;REC;participant;37187,50
818352;H2020;2018;998756718;KEMIJSKI INSTITUT;NIC;SI;REC;participant;36250,00
818352;H2020;2018;990623947;TEHNISKI MUZEJ SLOVENIJE;TECHNICAL MUSEUM OF SLOVENIA;SI;PUB;participant;35625,00
818879;H2020;2018;999536404;AGROBIOINSTITUTE;ABI;BG;REC;participant;6125,00
818879;H2020;2018;997876346;MEDITCINSKY UNIVERSITET-PLOVDIV;MEDICAL UNIVERSITY-PLOVDIV;BG;HES;participant;8625,00
818879;H2020;2018;946398737;SDRUZHENIE FORUM NAUKA;ASSOCIATION FORUM SCIENCE;BG;OTH;participant;16250,00
818879;H2020;2018;999857571;MEDICAL UNIVERSITY SOFIA;;BG;HES;participant;6125,00
818879;H2020;2018;953186215;RUSENSKA TARGOVSKO INDUSTRIALNA KAMARA;RUSE CHAMBER OF COMMERCE AND INDUSTRY;BG;OTH;participant;13125,00
818879;H2020;2018;999507013;THE BRITISH COUNCIL ROYAL CHARTER;BC;UK;OTH;participant;29500,00
818879;H2020;2018;998401504;University of Food Technologies;UFT;BG;HES;participant;6125,00
818879;H2020;2018;999884149;MINNO-GEOLOZHKI UNIVERSITET ST IVANRILSKI;UNIVERSITY OF MINING AND GEOLOGY ST. IVAN RILSKI;BG;HES;participant;6125,00
818879;H2020;2018;999570645;NATIONAL MUSEUM OF NATURAL HISTORY;NMNHS;BG;HES;participant;6125,00
818879;H2020;2018;999482569;INSTITUTE OF OCEANOLOGY BAS;IO-BAS;BG;REC;participant;12625,00
818879;H2020;2018;922263585;BALGARSKI GEOGRAFSKI PORTAL-GEOGRAF BG;;BG;OTH;participant;9500,00
818879;H2020;2018;917357131;ZABAVNA MATEMATIKA;FUN MATHEMATICSLTD;BG;PRC;participant;9500,00
818879;H2020;2018;999788604;FORUM DEMOCRIT;;BG;PRC;participant;16250,00
818879;H2020;2018;999855534;CHIMIKOTECHNOLOGITCHEN I METALURGITCHEN UNIVERSITET;UNIVERSITY OF CHEMICAL TECHNOLOGY AND METALLURGY UTCM;BG;HES;participant;6125,00
818879;H2020;2018;956192439;TECHNICAL UNIVERSITY - GABROVO;TECHNICAL UNIVERSITY - GABROVO;BG;HES;participant;6125,00
818879;H2020;2018;951109154;INSTITUT ZA ETNOLOGIYA I FOLKLORISTIKA S ETNOGRAFSKI MUZEY PRI BULGARSKA AKADEMIYA NA NAUKITE;;BG;HES;participant;6125,00
818879;H2020;2018;928350238;SOFIA TECH PARK JSC;Sofia Tech Park JSC;BG;PRC;participant;6125,00
818879;H2020;2018;999533009;MARITSA VEGETABLE CROPS RESEARCH INSTITUTE;;BG;REC;participant;6125,00
818879;H2020;2018;948871849;NATSIONALNA SPORTNA AKADEMIYA VASSIL LEVSKI;NATIONAL SPORTS ACADEMY VASSIL LEVSKI;BG;HES;participant;6125,00
818879;H2020;2018;999868532;TECHNICAL UNIVERSITY OF SOFIA;;BG;HES;participant;6125,00
818879;H2020;2018;943526955;ZENTYR ZA IZSLEDVANE I ANALISI;CENTRE FOR RESEARCH AND ANALYSIS;BG;OTH;coordinator;19250,00
818515;H2020;2018;999898020;UNIVERSITA DEGLI STUDI DI SIENA;UNISI;IT;HES;coordinator;55000,00
818515;H2020;2018;999895789;UNIVERSITA DEGLI STUDI DI FIRENZE;UNIFI;IT;HES;participant;47500,00
818515;H2020;2018;999884731;SCUOLA SUPERIORE DI STUDI UNIVERSITARI E DI PERFEZIONAMENTO S ANNA;SSSA;IT;HES;participant;12500,00
818515;H2020;2018;999862712;UNIVERSITA DI PISA;UNIPI;IT;HES;participant;47500,00
818515;H2020;2018;999886962;SCUOLA NORMALE SUPERIORE;SNS;IT;HES;participant;12500,00
818515;H2020;2018;965146412;SCUOLA IMT (ISTITUZIONI, MERCATI, TECNOLOGIE) ALTI STUDI DI LUCCA;IMT LUCCA;IT;HES;participant;12500,00
818515;H2020;2018;997625116;UNIVERSITA PER STRANIERI DI SIENA;UNISTRASI;IT;HES;participant;12500,00
819158;H2020;2018;999642037;NATURAL HISTORY MUSEUM;NHM;UK;PUB;coordinator;181194,00
818340;H2020;2018;999846513;UNIVERSIDAD PABLO DE OLAVIDE;;ES;HES;participant;10582,00
818340;H2020;2018;951814635;INSTITUTO MUNICIPAL DE GESTION MEDIOAMBIENTAL - JARDIN BOTANICO DE CORDOBA;IMGEMA;ES;PUB;participant;5332,00
818340;H2020;2018;999882015;UNIVERSIDAD DE GRANADA;UGR;ES;HES;participant;18753,00
818340;H2020;2018;999876583;UNIVERSIDAD DE HUELVA;UHU;ES;HES;participant;12000,00
818340;H2020;2018;999849423;UNIVERSIDAD DE JAEN;;ES;HES;participant;14920,00
818340;H2020;2018;999991722;AGENCIA ESTATAL CONSEJO SUPERIOR DE INVESTIGACIONES CIENTIFICAS;CSIC;ES;REC;participant;19250,00
818340;H2020;2018;999872703;UNIVERSIDAD DE CORDOBA;UCO;ES;HES;participant;12836,00
818340;H2020;2018;999884440;UNIVERSIDAD DE ALMERIA;UNIVERSIDAD DE ALMERIA;ES;HES;participant;21155,18
818340;H2020;2018;968872473;DESCUBRE - FUNDACION ANDALUZA PARA LA DIVULGACION DE LA INNOVACION Y EL CONOCIMIENTO;DESCUBRE;ES;OTH;coordinator;33000,00
818340;H2020;2018;999898311;UNIVERSIDAD DE MALAGA;UMA;ES;HES;participant;15917,00
818340;H2020;2018;998619463;FUNDACION PUBLICA ANDALUZA PROGRESO Y SALUD M.P.;FPS;ES;REC;participant;9332,00
818340;H2020;2018;999855340;UNIVERSIDAD DE CADIZ;UCA;ES;HES;participant;15917,00
818340;H2020;2018;999862518;UNIVERSIDAD DE SEVILLA;USE;ES;HES;participant;13332,00
824484;H2020;2019;971444331;SOCIETA PER L EPIDEMIOLOGIA E LAPREVENZIONE GIULLIO A MACCACARO IMPRESA SOCIALE SRL;OLOGIA E PREVENZIONE;IT;PRC;participant;325000,00
824484;H2020;2019;999971837;INSTITUT JOZEF STEFAN;JSI;SI;REC;participant;314625,00
824484;H2020;2019;951414122;FUNDACION PRIVADA INSTITUTO DE SALUD GLOBAL BARCELONA;ISGLOBAL;ES;REC;coordinator;389625,00
824484;H2020;2019;929853350;IDEAS 3493 SL;IFC;ES;PRC;participant;320000,00
824484;H2020;2019;999590627;VYTAUTO DIDZIOJO UNIVERSITETAS;VMU;LT;HES;participant;321625,00
824484;H2020;2019;999985805;UNIVERSITEIT UTRECHT;UU;NL;HES;participant;329625,00
824323;H2020;2019;999584128;AIT AUSTRIAN INSTITUTE OF TECHNOLOGY GMBH;AIT;AT;REC;thirdParty;20625,00
824323;H2020;2019;998802502;ETHNIKO KENTRO EREVNAS KAI TECHNOLOGIKIS ANAPTYXIS;CENTRE FOR RESEARCH AND TECHNOLOGY HELLAS CERTH;EL;REC;coordinator;256250,00
824323;H2020;2019;998901927;EURNEX e. V.;;DE;REC;participant;76312,50
824323;H2020;2019;999731568;VDI/VDE INNOVATION + TECHNIK GMBH;;DE;PRC;participant;162825,00
824323;H2020;2019;940339535;OSBORNE CLARKE ANWALTSSOZIETAT;Osborne Clarke;DE;PRC;participant;107875,00
824323;H2020;2019;999978142;ETHNICON METSOVION POLYTECHNION;NATIONAL TECHNICAL UNIVERSITY OF ATHENS - NTUA;EL;HES;participant;80125,00
824323;H2020;2019;966206040;European Conference of Transport Research Institutes;ECTRI AISBL;BE;OTH;participant;177500,00
824323;H2020;2019;999904228;BUDAPESTI MUSZAKI ES GAZDASAGTUDOMANYI EGYETEM;BME;HU;HES;thirdParty;11250,00
824323;H2020;2019;999562788;ATHINA-EREVNITIKO KENTRO KAINOTOMIAS STIS TECHNOLOGIES TIS PLIROFORIAS, TON EPIKOINONION KAI TIS GNOSIS;ATHENA - RESEARCH AND INNOVATION CENTER;EL;REC;participant;97250,00
824323;H2020;2019;997736181;Univerzitet u Beogradu - Saobracajni fakultet;FTTE;RS;HES;thirdParty;25093,75
824323;H2020;2019;998850517;LABORATORIO NACIONAL DE ENGENHARIA CIVIL;LNEC;PT;REC;thirdParty;17500,00
824323;H2020;2019;999981731;DEUTSCHES ZENTRUM FUR LUFT - UND RAUMFAHRT EV;DLR;DE;REC;participant;100202,50
824323;H2020;2019;999496828;FORUM DES LABORATOIRES NATIONAUX EUROPEENS DE RECHERCHE ROUTIERE FEHRLAISBL;FORUM OF EUROPEAN NATIONAL HIGHWAY RESEARCH LABORATORIES FEHRL;BE;REC;participant;98687,50
824323;H2020;2019;907656161;SCIPEDIA SL;;ES;PRC;participant;61250,00
824323;H2020;2019;988810047;HUMANIST;HUMANIST;FR;OTH;participant;95725,00
824323;H2020;2019;999513027;TRANSPORTOKONOMISK INSTITUTT;TOI;NO;REC;participant;158437,50
824323;H2020;2019;999945647;UNION INTERNATIONALE DES TRANSPORTS PUBLICS;UITP;BE;OTH;participant;100125,00
824323;H2020;2019;999450171;CENTRUM DOPRAVNIHO VYZKUMU v.v.i.;CDV;CZ;REC;thirdParty;11250,00
824323;H2020;2019;999755721;FIT CONSULTING SRL;FIT;IT;PRC;participant;97875,00
824323;H2020;2019;998544676;FOUNDATION WEGEMT - A EUROPEAN ASSOCIATION OF UNIVERSITIES IN MARINE TECHNOLOGY AND RELATED SCIENCES;WEGEMT;NL;OTH;participant;67875,00
824323;H2020;2019;999647857;VILNIAUS GEDIMINO TECHNIKOS UNIVERSITETAS;VILNIUS TECH;LT;HES;thirdParty;15000,00
824323;H2020;2019;999588784;POLITECHNIKA GDANSKA;GDANSK UNIVERSITY OF TECHNOLOGY;PL;HES;thirdParty;13125,00
824323;H2020;2019;909281687;EUROPEAN ASSOCIATION OF AVIATION TRAINING AND EDUCATION ORGANIZATIONS;EATEO;CY;PRC;participant;60375,00
824323;H2020;2019;949273914;KONNEKT ABLE TECHNOLOGIES LIMITED;Konnekt-able Technologies;IE;PRC;participant;67875,00
824323;H2020;2019;999974068;UNIVERSITY OF STRATHCLYDE;;UK;HES;thirdParty;16875,00
824603;H2020;2019;999927120;FORSCHUNGSVERBUND BERLIN EV;;DE;REC;participant;179625,00
824603;H2020;2019;999647178;CEFRIEL SOCIETA CONSORTILE A RESPONSABILITA LIMITATA SOCIETA BENEFIT;CEFRIEL;IT;REC;participant;223000,00
824603;H2020;2019;999654162;STIFTELSEN NILU;NILU;NO;REC;participant;114262,50
824603;H2020;2019;910945140;SINTEF AS;SINTEF;NO;REC;participant;121825,00
824603;H2020;2019;955482496;DE VLINDERSTICHTING;DVS;NL;REC;participant;109265,00
824603;H2020;2019;999874546;UNIVERSIDAD COMPLUTENSE DE MADRID;UCM;ES;HES;participant;121591,25
824603;H2020;2019;999529614;T6 ECOSYSTEMS SRL;T6ECO;IT;PRC;participant;283750,00
824603;H2020;2019;999975329;UNIVERSITY OF SOUTHAMPTON;SOUTHAMPTON;UK;HES;participant;91592,50
824603;H2020;2019;999974844;UNIVERSIDAD POLITECNICA DE MADRID;UPM;ES;HES;participant;120625,00
824603;H2020;2019;965366408;DUTCH RESEARCH INSTITUTE FOR TRANSITIONS BV;DRIFT;NL;OTH;participant;123125,00
824603;H2020;2019;999981052;KING'S COLLEGE LONDON;;UK;HES;coordinator;506250,00
824711;H2020;2019;941655437;THE RIVER RESTORATION CENTRE;The River Restoration Centre;UK;OTH;participant;284293,75
824711;H2020;2019;951080248;STICHTING IHE DELFT INSTITUTE FOR WATER EDUCATION;IHE DELFT;NL;REC;participant;446238,75
824711;H2020;2019;929081133;CONSERVATION EDUCATION AND RESEARCH TRUST;Earthwatch;UK;REC;coordinator;582720,50
824711;H2020;2019;999461617;INSTITUTUL NATIONAL DE CERCETARE DEZVOLTARE PENTRU GEOLOGIE SI GEOECOLOGIE MARINA - GEOECOMAR;NATIONAL RESEARCH DEVELOPMENT INSTITUTE MARINE;RO;REC;participant;246675,00
824711;H2020;2019;999745536;GEONARDO KORNYEZETVEDELMI TERINFORMATIKAI ES REGIONALIS PROJEKTFEJLESZTO KORLATOLT FELELOSSEGU TARSASAG;;HU;PRC;participant;172625,00
824711;H2020;2019;904908054;AUTORITA' DI BACINO DISTRETTUALE DELLE ALPI ORIENTALI;AAWA;IT;PUB;participant;211875,00
824580;H2020;2019;905059277;FONDAZIONE GROSSETO CULTURA;;IT;OTH;thirdParty;19661,25
824580;H2020;2019;999895013;TARTU ULIKOOL;UNIVERSITY OF TARTU;EE;HES;thirdParty;15875,00
824580;H2020;2019;999974553;UNIVERSITEIT LEIDEN;ULEI;NL;HES;participant;57250,00
824580;H2020;2019;996876082;MYKOLO ROMERIO UNIVERSITETAS;MYKOLAS ROMERIS UNIVERSITY;LT;HES;participant;38500,00
824580;H2020;2019;999845446;THE PROVOST, FELLOWS, FOUNDATION SCHOLARS & THE OTHER MEMBERS OF BOARD, OF THE COLLEGE OF THE HOLY & UNDIVIDED TRINITY OF QUEEN ELIZABETH NEAR DUBLIN;TRINITY COLLEGE DUBLIN;IE;HES;participant;64750,00
824580;H2020;2019;999895692;ARISTOTELIO PANEPISTIMIO THESSALONIKIS;ARISTOTLE UNIVERSITY OF THESSALONIKI;EL;HES;thirdParty;21500,00
824580;H2020;2019;998437006;INSTITUT ROYAL DES SCIENCES NATURELLES DE BELGIQUE;KONINKLIJK BELGISCHINSTITUUT VOOR NATUURWETENSCHAPPENROYAL BELGIAN INSTITUTE OF NATURAL;BE;REC;thirdParty;35250,00
824580;H2020;2019;999642037;NATURAL HISTORY MUSEUM;NHM;UK;PUB;participant;66250,00
824580;H2020;2019;952410118;FUNDACION IBERCIVIS;;ES;REC;thirdParty;125000,00
824580;H2020;2019;929081133;CONSERVATION EDUCATION AND RESEARCH TRUST;Earthwatch;UK;REC;participant;147125,00
824580;H2020;2019;996854451;MUSEUM FUR NATURKUNDE - LEIBNIZ-INSTITUT FUR EVOLUTIONS- UND BIODIVERSITATSFORSCHUNG AN DER HUMBOLDT-UNIVERSITAT ZU BERLIN;MFN;DE;REC;coordinator;283250,00
824580;H2020;2019;954020706;MINISTERIO DE ECONOMIA, COMERCIO Y EMPRESA;MINISTRY OF ECONOMY, TRADE AND BUSINESS;ES;PUB;participant;100375,00
824580;H2020;2019;999452596;INTERNATIONALES INSTITUT FUER ANGEWANDTE SYSTEMANALYSE;IIASA;AT;REC;participant;139000,00
824580;H2020;2019;937663402;VEREIN DER EUROPAISCHEN BURGEWISSENSCHAFTEN - ECSA EV;EUROPEAN CITIZEN SCIENCE ASSOCIATION;DE;REC;participant;241875,00
824580;H2020;2019;999987357;UNIVERSITAET FUER BODENKULTUR WIEN;BOKU;AT;HES;thirdParty;25250,00
824580;H2020;2019;940719872;ZENTRUM FUR SOZIALE INNOVATION GMBH;Zentrum fuer Soziale Innovation GmbH;AT;REC;participant;162000,00
824580;H2020;2019;997604843;ESSRG NONPROFIT KFT;ESSRG Kft.;HU;REC;thirdParty;27125,00
824580;H2020;2019;998448452;ASSOCIATION EUROPEENNE DES EXPOSITIONS SCIENTIFIQUES TECHNIQUES ET INDUSTRIELLES;EUROPEAN COLLABORATIVE FOR SCIENCE IND & TECHN EXHIBITIONS;BE;OTH;participant;110000,00
824580;H2020;2019;999662310;MUSEUM NATIONAL D'HISTOIRE NATURELLE;MNHN;FR;HES;thirdParty;16250,00
824580;H2020;2019;999975620;UNIVERSITY COLLEGE LONDON;;UK;HES;participant;207875,00
824580;H2020;2019;999914704;VETENSKAP & ALLMANHET, VA;VA;SE;OTH;participant;71717,50
824580;H2020;2019;907545484;MUNICIPIO DE FIGUEIRA DE CASTELO RODRIGO;;PT;PUB;participant;24000,00
833401;H2020;2019;999907526;THE UNIVERSITY OF BIRMINGHAM;UoB;UK;HES;coordinator;270327,36
836989;H2020;2019;999977172;THE CHANCELLOR MASTERS AND SCHOLARS OF THE UNIVERSITY OF CAMBRIDGE;;UK;HES;coordinator;224933,76
821242;H2020;2019;905521094;GUANGZHOU INSTITUTE OF FORESTRY AND LANDSCAPE ARCHITECTURE;;CN;REC;participant;0,00
821242;H2020;2019;951517330;FUNDACJA SENDZIMIRA;;PL;REC;participant;176750,00
821242;H2020;2019;905519057;SHENZHEN FAIRY LAKE BOTANICAL GARDEN;;CN;PUB;participant;0,00
821242;H2020;2019;919597831;ASSOCIATION MONDIALE DES GRANDES METROPOLES;METROPOLIS;FR;OTH;participant;245656,25
821242;H2020;2019;994239816;HRVATSKI SUMARSKI INSTITUT;Hrvatski šumarski institut;HR;REC;participant;36562,50
821242;H2020;2019;999902094;VRIJE UNIVERSITEIT BRUSSEL;VUB;BE;HES;participant;491562,50
821242;H2020;2019;984168306;GMINA MIEJSKA KRAKOW - MIASTO NA PRAWACH POWIATU;MUNICIPALITY OF KRAKOW UMK;PL;PUB;participant;9370,00
821242;H2020;2019;931628450;BOS+ VLAANDEREN VZW;;BE;OTH;participant;141125,00
821242;H2020;2019;999677733;LGI SUSTAINABLE INNOVATION;LGI;FR;PRC;participant;662187,50
821242;H2020;2019;997303367;BEIJING FORESTRY UNIVERSITY;BJFU;CN;HES;participant;0,00
821242;H2020;2019;998755845;Zhejiang University;ZJU;CN;HES;participant;0,00
821242;H2020;2019;999528547;EUROPEAN FOREST INSTITUTE;EFI;FI;REC;coordinator;1237812,50
821242;H2020;2019;999918972;UICN, UNION INTERNATIONALE POUR LA CONSERVATION DE LA NATURE ET DE SES RESSOURCES;INTERNATIONAL UNION FOR CONSERVATION OF NATURE AND NATURAL - IUCN - UICN;CH;REC;participant;160312,50
821242;H2020;2019;950624930;VLAAMS-BRABANT;PROVINCIE;BE;PUB;participant;91875,00
821242;H2020;2019;934887262;LUONNONVARAKESKUS;LUKE;FI;REC;participant;174375,00
821242;H2020;2019;997352934;THE UNIVERSITY OF HONG KONG;UHK;HK;HES;participant;0,00
821242;H2020;2019;998880005;CENTRO DE INVESTIGACION ECOLOGICA Y APLICACIONES FORESTALES;CREAF - CERCA;ES;REC;participant;192250,00
821242;H2020;2019;999987357;UNIVERSITAET FUER BODENKULTUR WIEN;BOKU;AT;HES;participant;115000,00
821242;H2020;2019;907081533;RESEARCH INSTITUTE OF FORESTRY CHINESE ACADEMY OF FORESTRY;;CN;REC;participant;0,00
821242;H2020;2019;972688453;BRUXELLES ENVIRONNEMENT - LEEFMILIEU BRUSSEL;BRUXELLES ENVIRONNEMENT - LEEFMILIEU BRUSSEL;BE;REC;participant;91875,00
821242;H2020;2019;999850781;HUMBOLDT-UNIVERSITAET ZU BERLIN;UBER;DE;HES;participant;672812,50
821242;H2020;2019;937664954;AREA METROPOLITANA DE BARCELONA;AMB;ES;PUB;participant;122218,75
821242;H2020;2019;937100511;Stadt Gelsenkirchen;;DE;PUB;participant;160968,75
821242;H2020;2019;999863488;UNIWERSYTET LODZKI;;PL;HES;participant;57500,00
821242;H2020;2019;945750777;FUJIAN AGRICULTURE AND FORESTRY UNIVERSITY;;CN;HES;participant;0,00
821242;H2020;2019;999840596;UNIVERSITA DEGLI STUDI DI BARI ALDO MORO;UNIBA;IT;HES;participant;146250,00
863463;H2020;2019;999547074;INSTITUT NATIONAL DE RECHERCHE EN INFORMATIQUE ET AUTOMATIQUE;INRIA;FR;REC;participant;491228,75
863463;H2020;2019;902652610;TREBOLA ORGANIZACION ECOLOGICA;TREBOLA ORGANIZACION ECOLOGICA;CO;REC;participant;181875,00
863463;H2020;2019;999643007;ETHNIKO KAI KAPODISTRIAKO PANEPISTIMIO ATHINON;UOA;EL;HES;participant;275273,75
863463;H2020;2019;909736326;BINEO CONSULTING S.L.;;ES;PRC;participant;515625,00
863463;H2020;2019;916083909;SCHMIDT NORBERT CARL;DDQ;NL;PRC;participant;362256,25
863463;H2020;2019;929081133;CONSERVATION EDUCATION AND RESEARCH TRUST;Earthwatch;UK;REC;participant;447970,00
863463;H2020;2019;999991722;AGENCIA ESTATAL CONSEJO SUPERIOR DE INVESTIGACIONES CIENTIFICAS;CSIC;ES;REC;coordinator;1108941,25
863463;H2020;2019;901829759;SCIENCE FOR CHANGE, SL;SCIENCE FOR CHANGE;ES;PRC;participant;232562,50
863463;H2020;2019;999887350;SVERIGES LANTBRUKSUNIVERSITET;SWEDISH UNIVERSITY OF AGRICULTURAL SCIENCES;SE;HES;participant;249408,75
863463;H2020;2019;997237407;52 NORTH SPATIAL INFORMATION RESEARCH GMBH;52°North GmbH;DE;OTH;participant;318750,00
863463;H2020;2019;906401272;DYNAIKON LTD;;UK;PRC;participant;349968,75
863463;H2020;2019;937663402;VEREIN DER EUROPAISCHEN BURGEWISSENSCHAFTEN - ECSA EV;EUROPEAN CITIZEN SCIENCE ASSOCIATION;DE;REC;participant;151000,00
863463;H2020;2019;998880005;CENTRO DE INVESTIGACION ECOLOGICA Y APLICACIONES FORESTALES;CREAF - CERCA;ES;REC;participant;562125,00
863463;H2020;2019;996078063;SECURE DIMENSIONS GMBH;SECURE DIMENSIONS;DE;PRC;participant;181250,00
863463;H2020;2019;999923337;THE OPEN UNIVERSITY;OU;UK;HES;participant;570820,75
862663;H2020;2020;941103216;ORGANIZACION DE PRODUCTORES DE TUNIDOS Y PESCA FRESCA DE LA ISTA DE TENERIFE;ISLATUNA;ES;OTH;participant;230000,00
862663;H2020;2020;999590239;COMUNE DI BOLOGNA;COBO;IT;PUB;participant;332125,00
862663;H2020;2020;903510672;GEMEENTE LANSINGERLAND;MUNICIPALITY LANSINGERLAND;NL;PUB;participant;233250,00
862663;H2020;2020;899164684;FLYTECH SRL;FLYTECH SRL;IT;PRC;participant;188156,33
862663;H2020;2020;991568048;ARCTUR RACUNALNISKI INZENIRING DOO;ARCTUR COMPUTER ENGINEERING;SI;PRC;participant;67645,83
862663;H2020;2020;904223137;COMMUNE DE ROMAINVILLE;;FR;PUB;participant;394250,00
862663;H2020;2020;903949112;TASEN MICROGREENS AS;Tåsen Microgreens;NO;PRC;participant;115343,38
862663;H2020;2020;991858078;ILS - INSTITUT FUR LANDES- UND STADTENTWICKLUNGSFORSCHUNG GGMBH;ILS gGmbH;DE;REC;participant;137987,50
862663;H2020;2020;999976590;UNIVERSITA DEGLI STUDI DI NAPOLI FEDERICO II;UNINA;IT;HES;participant;135000,00
862663;H2020;2020;920189919;STICHTING METABOLIC INSTITUTE;;NL;OTH;participant;226625,00
862663;H2020;2020;952434077;AJUNTAMENT DE SABADELL;;ES;PUB;participant;286812,50
862663;H2020;2020;900562745;HAGUE BELGIUM BVBA;;BE;PRC;thirdParty;169968,75
862663;H2020;2020;999893267;INSTITUT NATIONAL DES SCIENCES ET INDUSTRIES DU VIVANT ET DE L'ENVIRONNEMENT - AGROPARISTECH;AGROPARISTECH;FR;HES;participant;239500,00
862663;H2020;2020;999825270;UNIVERSIDAD DE LA LAGUNA;UNIVERSITYOF LA LAGUNA;ES;HES;participant;322812,55
862663;H2020;2020;986339457;NOLDE ERWIN;WILLI HORST;DE;PRC;participant;224857,49
862663;H2020;2020;999993953;ALMA MATER STUDIORUM - UNIVERSITA DI BOLOGNA;UNIBO;IT;HES;coordinator;1099684,02
862663;H2020;2020;996205327;FACHHOCHSCHULE SUEDWESTFALEN;HOCHSCHULE FUR TECHNIK UND WIRTSCHAFT;DE;HES;participant;346375,00
862663;H2020;2020;999986484;UNIVERSITAT AUTONOMA DE BARCELONA;UAB;ES;HES;participant;531216,06
862663;H2020;2020;949799848;Comune di Napoli;Comune di Napoli;IT;PUB;participant;169500,00
862663;H2020;2020;937026015;ASOCIATIA MAI BINE;Mai bine;RO;OTH;participant;312375,00
862663;H2020;2020;887961766;ILS RESEARCH GGMBH;;DE;REC;thirdParty;321218,75
862663;H2020;2020;914320643;POLAR PERMACULTURE SOLUTIONS AS;;NO;PRC;participant;0,00
862663;H2020;2020;999993274;INSTITUT NATIONAL DE RECHERCHE POUR L'AGRICULTURE, L'ALIMENTATION ET L'ENVIRONNEMENT;INRAE;FR;REC;thirdParty;136875,00
862663;H2020;2020;898066256;NABOLAGSHAGER AS;NABOLAGSHAGER AS;NO;PRC;participant;89924,22
862663;H2020;2020;903369537;DRUSTVO URBANI CEBELAR;;SI;OTH;participant;198500,00
862663;H2020;2020;909799182;HAGUE CORPORATE AFFAIRS BV;;NL;PRC;participant;117250,00
862663;H2020;2020;999547365;STICHTING WAGENINGEN RESEARCH;WR;NL;REC;participant;547000,00
869673;H2020;2019;999479174;STIFTELSEN NORSK INSTITUTT FOR NATURFORSKNING NINA;NINA;NO;REC;participant;64761,25
869673;H2020;2019;998055505;IEEE FRANCE SECTION;IEEE;FR;OTH;participant;84287,50
869673;H2020;2019;986305410;Ilisimatusarfik;Ilisimatusarfik;GL;HES;participant;133743,75
869673;H2020;2019;999991043;KOBENHAVNS UNIVERSITET;UCPH;DK;HES;participant;60192,50
869673;H2020;2019;998049685;Scientific foundation Nansen International Environmental and Remote Sensing Centre;NIERSC;RU;REC;participant;0,00
869673;H2020;2019;999497507;ALFRED-WEGENER-INSTITUT HELMHOLTZ-ZENTRUM FUR POLAR- UND MEERESFORSCHUNG;AWI;DE;REC;participant;145000,00
869673;H2020;2019;991511982;KOKURITSU DAIGAKU HOJIN HOKKAIDO DAIGAKU;;JP;HES;participant;0,00
869673;H2020;2019;999477913;STIFTELSEN NANSEN SENTER FOR MILJOOG FJERNMALING;NERSC;NO;REC;coordinator;760023,75
869673;H2020;2019;986361476;NORDISK FOND FOR MILJØ OG UDVIKLING;NORDECO;DK;OTH;participant;755000,50
872687;H2020;2020;950744725;ASSOCIATION EUROPEENNE POUR L'INNOVATION DANS LE DEVELOPPEMENT LOCAL;EUROPEAN ASSOCIATION FOR INNOVATION IN LOCAL DEVELOPMENT;BE;OTH;participant;98500,00
872687;H2020;2020;904363011;PLATEFORME BELGE POUR LA PARTICIPATION CITOYENNE;BE participation ASBL;BE;OTH;participant;370625,00
872687;H2020;2020;991252022;SERVICE PUBLIC REGIONAL DE BRUXELLES;SERVICE PUBLIC REGIONAL DE BRUXELLES;BE;PUB;participant;0,00
872687;H2020;2020;999980664;UNIVERSITE CATHOLIQUE DE LOUVAIN;UCLouvain;BE;HES;participant;118000,00
872687;H2020;2020;933919202;CENTRE BRUXELLOIS DE LA MODE ET DU DESIGN;MAD;BE;OTH;participant;0,00
872687;H2020;2020;999654065;REGIONE LOMBARDIA;;IT;PUB;participant;55500,00
872687;H2020;2020;940963536;FONDAZIONE GIANNINO BASSETTI ETS;FGB;IT;REC;coordinator;555750,00
872687;H2020;2020;911397160;DEPARTAMENT D'ECONOMIA I HISENDA;;ES;PUB;participant;67500,00
872687;H2020;2020;999497216;FINANZIARIA REGIONALE PER LO SVILUPPO DELLA LOMBARDIA  (FINLOMBARDA);FINLOMBARDA;IT;PRC;participant;66750,00
872687;H2020;2020;983388426;INNOVIRIS;INNOVIRIS INSTITUT D ENCOURAGEMENT DE LA RECHERCHE SCIENTIFIQUE ET DE L INNOVATION DE BRUXELLES;BE;PUB;participant;27500,00
872687;H2020;2020;901829759;SCIENCE FOR CHANGE, SL;SCIENCE FOR CHANGE;ES;PRC;participant;383687,50
872687;H2020;2020;999986387;UNIVERSITAT DE BARCELONA;UB;ES;HES;participant;48000,00
872687;H2020;2020;969107795;MUSEUM OF SCIENCE;MOS;US;OTH;participant;22000,00
872687;H2020;2020;999974456;UNIVERSITETET I BERGEN;UiB;NO;HES;participant;269375,00
872522;H2020;2019;990660031;ATIT BVBA;ATIT;BE;PRC;participant;235125,00
872522;H2020;2019;999867077;UNIVERSIDAD POMPEU FABRA;UPF;ES;HES;participant;220000,00
872522;H2020;2019;997454202;WISSENSCHAFTSLADEN WIEN - SCIENCE SHOP VIENNA;Wissenschaftsladen Wien;AT;REC;participant;260000,00
872522;H2020;2019;933759540;THE MOFET INSTITUTE - THE SCHOOL FOR THE RESEARCH AND DEVELOPMENT OF PROGRAMS IN TEACHER TRAINING AND EDUCATION AT COLLEGES;MOFET INSTITUTE;IL;REC;coordinator;390087,50
872522;H2020;2019;956266353;RHEIN-RUHR INSTITUT FUR ANGEWANDTE SYSTEMINNOVATION EV;RIAS;DE;REC;participant;327655,00
872522;H2020;2019;999842245;JYVASKYLAN YLIOPISTO;UNIVERSITY OFJYVASKYLAN;FI;HES;participant;240000,00
872522;H2020;2019;999995893;IDRYMA TECHNOLOGIAS KAI EREVNAS;FOUNDATION FOR RESEARCH AND TECHNOLOGYHELLAS;EL;REC;participant;170000,00
872522;H2020;2019;997900305;WISSENSCHAFT IM DIALOG GGMBH;WID;DE;OTH;participant;191875,00
872522;H2020;2019;999886283;UNIVERSIDAD REY JUAN CARLOS;URJC;ES;HES;participant;235541,25
872859;H2020;2019;998619754;CONSEJO NACIONAL DE INVESTIGACIONES CIENTIFICAS Y TECNICAS (CONICET);;AR;REC;participant;63461,25
872859;H2020;2019;999902579;UNIVERSITE LYON 1 CLAUDE BERNARD;;FR;HES;thirdParty;15000,00
872859;H2020;2019;999593634;INSTITUTE OF ACCELERATING SYSTEMS AND APPLICATIONS;IASA;EL;HES;participant;181250,00
872859;H2020;2019;906664821;TRUST-IT SERVICES SRL;Trust-IT;IT;PRC;participant;103125,00
872859;H2020;2019;997420543;THE LISBON COUNCIL FOR ECONOMIC COMPETITIVENESS ASBL;THE LISBON COUNCIL;BE;OTH;participant;155625,00
872859;H2020;2019;999980664;UNIVERSITE CATHOLIQUE DE LOUVAIN;UCLouvain;BE;HES;participant;20718,75
872859;H2020;2019;999862712;UNIVERSITA DI PISA;UNIPI;IT;HES;participant;103125,00
872859;H2020;2019;940719872;ZENTRUM FUR SOZIALE INNOVATION GMBH;Zentrum fuer Soziale Innovation GmbH;AT;REC;participant;193000,00
872859;H2020;2019;999984350;THE CHANCELLOR, MASTERS AND SCHOLARS OF THE UNIVERSITY OF OXFORD;UOXF;UK;HES;participant;252966,25
872859;H2020;2019;999923337;THE OPEN UNIVERSITY;OU;UK;HES;participant;122812,50
872859;H2020;2019;999997930;CENTRE NATIONAL DE LA RECHERCHE SCIENTIFIQUE CNRS;CNRS;FR;REC;participant;319375,00
872859;H2020;2019;998080337;ELLINOGERMANIKI AGOGI SCHOLI PANAGEA SAVVA AE;EA;EL;HES;participant;243750,00
872859;H2020;2019;999540672;EUROPEAN GRAVITATIONAL OBSERVATORY(EGO) (OSSERVATORIO GRAVITAZIONALE EUROPEO);;IT;REC;coordinator;256056,25
872500;H2020;2020;996432016;DE VLAAMSE RADIO EN TELEVISIEOMROEPORGANISATIE NV;VRT;BE;OTH;participant;361500,00
872500;H2020;2020;992226096;KNOWLE WEST MEDIA CENTRE LBG;KWMC;UK;OTH;participant;371875,00
872500;H2020;2020;999991334;KATHOLIEKE UNIVERSITEIT LEUVEN;KU Leuven;BE;HES;participant;239977,50
872500;H2020;2020;999591209;LAPPEENRANNAN-LAHDEN TEKNILLINEN YLIOPISTO LUT;LUT University;FI;HES;coordinator;406420,00
872557;H2020;2020;999992110;STICHTING RADBOUD UNIVERSITEIT;;NL;HES;participant;466515,00
872557;H2020;2020;999858832;UNIVERSIDAD DE EXTREMADURA;UEx;ES;HES;participant;130930,00
872557;H2020;2020;999887350;SVERIGES LANTBRUKSUNIVERSITET;SWEDISH UNIVERSITY OF AGRICULTURAL SCIENCES;SE;HES;participant;284200,00
872557;H2020;2020;998495885;KYPRIAKO KENTRO PERIVALLONTIKIS EREVNAS KAI EKPAIDEFSIS;CYCERE;CY;REC;participant;390400,00
872557;H2020;2020;998023689;UNIVERSITETET I STAVANGER;UiS;NO;HES;coordinator;665295,00
872557;H2020;2020;999510602;EESTI TEADUSTE AKADEEMIA;EAS;EE;REC;participant;158640,00
872557;H2020;2020;991636336;FUNDATIA NOUA EUROPA;NEC;RO;REC;participant;163300,00
872743;H2020;2019;998616262;TRANSPORT & MOBILITY LEUVEN;TML;BE;PRC;coordinator;491875,00
872743;H2020;2019;999974359;UNIVERSITY COLLEGE DUBLIN, NATIONAL UNIVERSITY OF IRELAND, DUBLIN;NUID UCD;IE;HES;participant;246250,00
872743;H2020;2019;929853350;IDEAS 3493 SL;IFC;ES;PRC;participant;328750,00
872743;H2020;2019;999928381;POLIS;POLIS;BE;OTH;participant;148750,00
872743;H2020;2019;999839432;UNIVERSITY OF THE WEST OF ENGLAND, BRISTOL;UWE BRISTOL;UK;HES;participant;308992,50
872743;H2020;2019;997807282;MOBIEL 21 VZW;M21;BE;OTH;participant;250165,00
872743;H2020;2019;999923240;UNIVERZA V LJUBLJANI;UL;SI;HES;participant;183115,00
873048;H2020;2020;966956335;UNIVERSIDAD NACIONAL DE GENERAL SAN MARTIN;UNSAM;AR;HES;participant;105437,50
873048;H2020;2020;999866883;UNIVERSITAT WIEN;UNIVIE;AT;HES;participant;330500,00
873048;H2020;2020;994876039;FACHHOCHSCHULE POTSDAM;;DE;HES;participant;281740,00
873048;H2020;2020;985784326;OPEN KNOWLEDGE FOUNDATION LBG;OKF;UK;REC;participant;211236,25
873048;H2020;2020;999986387;UNIVERSITAT DE BARCELONA;UB;ES;HES;coordinator;430312,50
873048;H2020;2020;940719872;ZENTRUM FUR SOZIALE INNOVATION GMBH;Zentrum fuer Soziale Innovation GmbH;AT;REC;participant;333500,00
873048;H2020;2020;915209939;GLOBAL INNOVATION GATHERING EV;GIG;DE;OTH;participant;203750,00
873048;H2020;2020;973170446;FUNDACION AMBIENTE Y RECURSOS NATURALES - FARN;FARN;AR;REC;participant;74500,00
873048;H2020;2020;906487505;FEDERACIO SALUT MENTAL CATALUNYA;;ES;OTH;participant;76250,00
873125;H2020;2020;915056194;FCIENCIAS.ID - ASSOCIACAO PARA A INVESTIGACAO E DESENVOLVIMENTO DE CIENCIAS;FC.ID;PT;REC;participant;121625,00
873125;H2020;2020;999421944;FUNDACION ESPANOLA PARA LA CIENCIAY LA TECNOLOGIA, F.S.P., FECYT;FECYT;ES;REC;participant;170687,50
873125;H2020;2020;986258171;FORMICABLU SRL;FORMICABLU;IT;PRC;participant;243250,00
873125;H2020;2020;952410118;FUNDACION IBERCIVIS;;ES;REC;participant;188812,50
873125;H2020;2020;999995602;UNIVERSITA DEGLI STUDI DI PADOVA;UNIPD;IT;HES;participant;206812,50
873125;H2020;2020;901829759;SCIENCE FOR CHANGE, SL;SCIENCE FOR CHANGE;ES;PRC;coordinator;368062,50
895220;H2020;2021;999974262;UNIVERSITY OF BRISTOL;;UK;HES;coordinator;271732,80
895147;H2020;2021;999997736;AARHUS UNIVERSITET;AU;DK;HES;coordinator;207312,00
853271;H2020;2020;999867077;UNIVERSIDAD POMPEU FABRA;UPF;ES;HES;coordinator;1460928,00
853271;H2020;2020;999991722;AGENCIA ESTATAL CONSEJO SUPERIOR DE INVESTIGACIONES CIENTIFICAS;CSIC;ES;REC;participant;499900,00
882682;H2020;2021;986090458;HELMHOLTZ-ZENTRUM FUR OZEANFORSCHUNG KIEL (GEOMAR);;DE;REC;coordinator;264669,12
869550;H2020;2020;996870941;IGAD CENTRE FOR CLIMATE PREDICTION AND APPLICATION;ICPAC;KE;REC;participant;1600000,00
869550;H2020;2020;992842046;ADDIS ABABA UNIVERSITY;AAU;ET;HES;participant;16850,00
869550;H2020;2020;999608281;THE FOOD AND AGRICULTURE ORGANIZATION OF THE UNITED NATIONS;ORGANISATION DES NATIONS UNIES POUR L'ALIMENTATION ET L'AGRICULTURE - FAO;IT;PUB;participant;263500,00
869550;H2020;2020;999985611;UNIVERSITY OF EAST ANGLIA;UEA;UK;HES;participant;289621,00
869550;H2020;2020;954530344;STICHTING VU;;NL;HES;participant;687309,00
869550;H2020;2020;986386502;CLIMATE ANALYTICS gGmbH;;DE;REC;participant;299573,75
869550;H2020;2020;999986096;UNIVERSITEIT GENT;UGent;BE;HES;participant;300000,00
869550;H2020;2020;931851356;TRANSPARENCY SOLUTIONS LIMITED;;UK;PRC;participant;129923,75
869550;H2020;2020;900822996;BBC MEDIA ACTION;;UK;OTH;participant;302330,00
869550;H2020;2020;999890648;UNIVERSITY OF NAIROBI;UoN;KE;HES;participant;71505,00
869550;H2020;2020;911774102;ACTION AID INTERNATIONAL KENYA;ACTIONAID INTERNATIONAL KENYA;KE;OTH;participant;415210,00
869550;H2020;2020;999974262;UNIVERSITY OF BRISTOL;;UK;HES;participant;900391,00
869550;H2020;2020;922192678;ORGANISATION FOR SOCIAL SCIENCE RESEARCH IN EASTERN AND SOUTHERN AFRICA;;ET;REC;participant;67943,00
869550;H2020;2020;999901900;UNIVERSITAET HOHENHEIM;;DE;HES;participant;0,00
869550;H2020;2020;999904034;AALBORG UNIVERSITET;AAU;DK;HES;participant;49422,00
869550;H2020;2020;999979694;CARDIFF UNIVERSITY;CARDIFF UNIVERSITY;UK;HES;coordinator;1252085,00
891052;H2020;2020;999871539;MARTIN-LUTHER-UNIVERSITAT HALLE-WITTENBERG;MLU;DE;HES;coordinator;174806,40
101000014;H2020;2020;996854451;MUSEUM FUR NATURKUNDE - LEIBNIZ-INSTITUT FUR EVOLUTIONS- UND BIODIVERSITATSFORSCHUNG AN DER HUMBOLDT-UNIVERSITAT ZU BERLIN;MFN;DE;REC;coordinator;254250,00
862862;H2020;2020;998747891;INTERNATIONAL CROPS RESEARCH INSTITUTE FOR THE SEMI-ARID TROPICS;ICRISAT;IN;REC;participant;0,00
862862;H2020;2020;999608281;THE FOOD AND AGRICULTURE ORGANIZATION OF THE UNITED NATIONS;ORGANISATION DES NATIONS UNIES POUR L'ALIMENTATION ET L'AGRICULTURE - FAO;IT;PUB;participant;35000,00
862862;H2020;2020;999466273;KMETIJSKI INSTITUT SLOVENIJE - AGRICULTURAL INSTITUTE OF SLOVENIA;;SI;REC;participant;176998,75
862862;H2020;2020;968600000;SOCIETA PRODUTTORI SEMENTI SPA;;IT;PRC;participant;80000,00
862862;H2020;2020;901972834;DICKTEN PETER;DCS-FUERTH;DE;PRC;participant;0,00
862862;H2020;2020;999865040;UNIVERSITA DEGLI STUDI DELLA BASILICATA;UNIVERSITA DEGLI STUDI DELLA BASILICATA;IT;HES;participant;205363,75
862862;H2020;2020;902663280;COMUNITA' DEL MAIS SPINATO DI GANDINO;MAIS SPINATO DI GANDINO;IT;OTH;participant;49375,00
862862;H2020;2020;999858638;UNIVERSIDAD NACIONAL DE LA PLATA;UNLP;AR;HES;participant;40435,49
862862;H2020;2020;999483442;LEIBNIZ - INSTITUT FUER PFLANZENGENETIK UND KULTURPFLANZENFORSCHUNG;IPK;DE;REC;participant;853952,11
862862;H2020;2020;903582840;BANCA DE RESURSE GENETICE VEGETALE MIHAI CRISTEA SUCEAVA;;RO;REC;participant;125000,00
862862;H2020;2020;999778419;EURICE EUROPEAN RESEARCH AND PROJECT OFFICE GMBH;;DE;PRC;participant;490250,00
862862;H2020;2020;999907623;UNIVERSIDADE CATOLICA PORTUGUESA;UCP;PT;HES;participant;158449,31
862862;H2020;2020;999434651;TERRES INOVIA;TERRES INOVIA;FR;REC;participant;92542,50
862862;H2020;2020;999991722;AGENCIA ESTATAL CONSEJO SUPERIOR DE INVESTIGACIONES CIENTIFICAS;CSIC;ES;REC;participant;180063,75
862862;H2020;2020;959252207;SERVICIO REGIONAL DE INVESTIGACION Y DESARROLLO AGROALIMENTARIO DEL PRINCIPADO DE ASTURIAS;SERIDA;ES;REC;participant;140000,00
862862;H2020;2020;986249053;FEDERAL RESEARCH CENTER THE N.I. VAVILOV ALL-RUSSIAN INSTITUTE OF PLANT GENETIC RESOURCES;VIR;RU;REC;participant;0,00
862862;H2020;2020;948788138;STATIUNEA DE CERCETARE DEZVOLTARE PENTRU LEGUMICULTURA BACAU;VEGETABLE RESEARCH AND DEVELOPMENT STATION BACAU;RO;REC;participant;120000,00
862862;H2020;2020;996251693;INSTYTUT GENETYKI ROSLIN POLSKIEJ AKADEMI NAUK;IGR PAN;PL;REC;participant;310001,25
862862;H2020;2020;988289933;INSTYTUT HODOWLI I AKLIMATYZACJI ROSLIN - PANSTWOWY INSTYTUT BADAWCZY;PLANT BREEDING AND ACCLIMATIZATION INSTITUTE;PL;REC;participant;119952,50
862862;H2020;2020;999866689;UNIVERSITA POLITECNICA DELLE MARCHE;UNIVPM;IT;HES;coordinator;2059480,09
862862;H2020;2020;999446194;INTERNATIONAL CENTRE FOR AGRICULTURAL RESEARCH IN THE DRY AREAS;ICARDA;LB;REC;participant;250000,00
862862;H2020;2020;999990267;MAX-PLANCK-GESELLSCHAFT ZUR FORDERUNG DER WISSENSCHAFTEN EV;MPG;DE;REC;participant;769600,00
862862;H2020;2020;999993274;INSTITUT NATIONAL DE RECHERCHE POUR L'AGRICULTURE, L'ALIMENTATION ET L'ENVIRONNEMENT;INRAE;FR;REC;participant;234996,25
862862;H2020;2020;999997930;CENTRE NATIONAL DE LA RECHERCHE SCIENTIFIQUE CNRS;CNRS;FR;REC;participant;398538,75
862862;H2020;2020;999531360;CONSIGLIO PER LA RICERCA IN AGRICOLTURA E L'ANALISI DELL'ECONOMIA AGRARIA;CREA;IT;REC;participant;110000,00
862862;H2020;2020;920949817;INSTITUTO REGIONAL DE INVESTIGACION Y DESARROLLO AGROALIMENTARIO Y FORESTAL DE CASTILLA-LA MANCHA;IRIAF;ES;REC;thirdParty;0,00
872944;H2020;2020;999974650;UNIVERSITE DE GENEVE;UNIGE;CH;HES;coordinator;434355,00
872944;H2020;2020;999991722;AGENCIA ESTATAL CONSEJO SUPERIOR DE INVESTIGACIONES CIENTIFICAS;CSIC;ES;REC;participant;293373,75
872944;H2020;2020;999988133;ORGANISATION EUROPEENNE POUR LA RECHERCHE NUCLEAIRE;EUROPEAN ORGANIZATION FOR NUCLEAR RESEARCH;CH;REC;participant;293750,00
872944;H2020;2020;999976396;UNIVERSITAT ZURICH;UZH;CH;HES;thirdParty;96895,00
872944;H2020;2020;999879881;POLITECNICO DI MILANO;POLIMI;IT;HES;participant;293375,00
872944;H2020;2020;897691060;UNIVERSITE PARIS CITE;UPCité;FR;HES;participant;293312,50
872944;H2020;2020;997721825;UNITED NATIONS INSTITUTE FOR TRAINING AND RESEARCH;UNITAR;CH;REC;participant;294375,00
862739;H2020;2020;966626341;THE JAMES HUTTON INSTITUTE;THE JAMES HUTTON INSTITUTE;UK;REC;participant;393017,50
862739;H2020;2020;904046112;MENA GROUP;;RS;PRC;participant;95250,00
862739;H2020;2020;950744725;ASSOCIATION EUROPEENNE POUR L'INNOVATION DANS LE DEVELOPPEMENT LOCAL;EUROPEAN ASSOCIATION FOR INNOVATION IN LOCAL DEVELOPMENT;BE;OTH;participant;402500,00
862739;H2020;2020;900830659;NUBISWARE SRL;;IT;PRC;thirdParty;78750,00
862739;H2020;2020;995155981;VINIDEA SRL;VIN;IT;PRC;participant;398047,50
862739;H2020;2020;998269196;UNIVERSIDADE DE EVORA;UNIVERSIDADE DE EVORA;PT;HES;participant;377062,50
862739;H2020;2020;916185177;ORIGIN FOR SUSTAINABILITY;ORIGIN FOR SUSTAINABILITY;CH;OTH;participant;383781,25
862739;H2020;2020;999588978;PANEPISTIMIO KRITIS;UNIVERSITY OF CRETE;EL;HES;participant;191875,00
862739;H2020;2020;961026337;KRITI;PERIFEREIA;EL;PUB;participant;57155,00
862739;H2020;2020;999862712;UNIVERSITA DI PISA;UNIPI;IT;HES;participant;376981,25
862739;H2020;2020;999850005;UNIVERSITA DEGLI STUDI DEL MOLISE;;IT;HES;participant;137010,00
862739;H2020;2020;999979500;CONSIGLIO NAZIONALE DELLE RICERCHE;CNR;IT;REC;participant;210625,00
862739;H2020;2020;999872703;UNIVERSIDAD DE CORDOBA;UCO;ES;HES;coordinator;790000,00
862739;H2020;2020;942573445;ASOCIACION PARA EL DESARROLLO DEL GUADAJOZ Y CAMPINA ESTE DE CORDOBA;;ES;OTH;participant;191875,00
862739;H2020;2020;999857183;EGE UNIVERSITESI;EGE UNIVERSITY;TR;HES;participant;90390,00
862739;H2020;2020;934228632;HIGHCLERE CONSULTING SRL;HIGHCLERE CONSULTING;RO;PRC;participant;284185,00
862739;H2020;2020;923174900;RURAL SZOCIOLOGIAI ES KOMMUNIKACIOS BETETI TARSASAG;;HU;PRC;participant;185781,25
862739;H2020;2020;941140561;STICHTING CONNECTING NATURAL VALUESAND PEOPLE FOUNDATION;;NL;OTH;participant;93165,00
862739;H2020;2020;957586426;ASSOCIATION DES REGIONS EUROPEENNESDES PRODUITS D'ORIGINE;A.R.E.P.O;FR;OTH;participant;85600,00
862739;H2020;2020;999993274;INSTITUT NATIONAL DE RECHERCHE POUR L'AGRICULTURE, L'ALIMENTATION ET L'ENVIRONNEMENT;INRAE;FR;REC;participant;159000,00
862739;H2020;2020;896767426;CC DU VAL DE DROME EN BIOVALLE;;FR;PUB;participant;135000,00
862739;H2020;2020;998291506;ZURCHER HOCHSCHULE FUR ANGEWANDTE WISSENSCHAFTEN;ZHAW;CH;HES;participant;341947,50
862739;H2020;2020;999694320;INTERDISZIPLINARES FORSCHUNGSZENTRUM FUR TECHNIK, ARBEIT UND KULTUR;IFZ;AT;REC;participant;230062,50
862739;H2020;2020;999912570;CESKA ZEMEDELSKA UNIVERZITA V PRAZE;CZECH UNIVERSITY OF LIFE SCIENCES PRAGUE;CZ;HES;participant;307687,50
891513;H2020;2021;999992304;JRC -JOINT RESEARCH CENTRE- EUROPEAN COMMISSION;JRC;BE;REC;coordinator;171473,28
955366;H2020;2020;999914704;VETENSKAP & ALLMANHET, VA;VA;SE;OTH;coordinator;120000,00
955377;H2020;2020;935966581;PRACTICAL ROBOTICS INSTITUTE AUSTRIA (PRIA) ZUR FORDERUNG DES WISSENSCHAFTLICH-TECHNISCHEM NACHWUCHSES UBER ROBOTIK IN OSTERREICH;PRIA;AT;REC;coordinator;56012,50
955377;H2020;2020;907456729;SCIENCE COMMUNICATIONS SCHUTZ & PARTNER GMBH;Science Communications Schütz & Partner GmbH;AT;PRC;participant;8750,00
955377;H2020;2020;999542321;UNIVERSITAT FUR ANGEWANDTE KUNST WIEN;UAAV;AT;HES;participant;7250,00
955377;H2020;2020;998556801;KINDERBURO UNIVERSITAT WIEN GMBH;KUW;AT;OTH;participant;9062,50
955377;H2020;2020;999987357;UNIVERSITAET FUER BODENKULTUR WIEN;BOKU;AT;HES;participant;8000,00
955391;H2020;2020;997348957;USTANOVA HISA EKSPERIMENTOV;UHE;SI;REC;coordinator;45000,00
955391;H2020;2020;999971837;INSTITUT JOZEF STEFAN;JSI;SI;REC;participant;30625,00
955391;H2020;2020;999650476;NACIONALNI INSTITUT ZA BIOLOGIJO;NATIONAL INSTITUTE OF BIOLOGY;SI;REC;participant;31250,00
955391;H2020;2020;998756718;KEMIJSKI INSTITUT;NIC;SI;REC;participant;30500,00
955391;H2020;2020;990623947;TEHNISKI MUZEJ SLOVENIJE;TECHNICAL MUSEUM OF SLOVENIA;SI;PUB;participant;32937,50
862480;H2020;2020;998365711;EIDGENOESSISCHES DEPARTEMENT FUER WIRTSCHAFT, BILDUNG UND FORSCHUNG;WBF;CH;PUB;participant;797500,00
862480;H2020;2020;999860578;UNIVERSITATEA BABES BOLYAI;UBB;RO;HES;participant;176610,00
862480;H2020;2020;968430250;LINKING ENVIRONMENT AND FARMING LBG;LEAF;UK;OTH;participant;69862,50
862480;H2020;2020;999984156;THE UNIVERSITY OF READING;;UK;HES;participant;589562,50
862480;H2020;2020;998269196;UNIVERSIDADE DE EVORA;UNIVERSIDADE DE EVORA;PT;HES;participant;162993,75
862480;H2020;2020;999976493;UNIVERSITAET BERN;;CH;HES;participant;74988,75
862480;H2020;2020;999991722;AGENCIA ESTATAL CONSEJO SUPERIOR DE INVESTIGACIONES CIENTIFICAS;CSIC;ES;REC;participant;526038,75
862480;H2020;2020;955482496;DE VLINDERSTICHTING;DVS;NL;REC;participant;208833,75
862480;H2020;2020;999887350;SVERIGES LANTBRUKSUNIVERSITET;SWEDISH UNIVERSITY OF AGRICULTURAL SCIENCES;SE;HES;participant;625860,00
862480;H2020;2020;999979500;CONSIGLIO NAZIONALE DELLE RICERCHE;CNR;IT;REC;participant;157157,50
862480;H2020;2020;999857280;EESTI MAAULIKOOL;ESTONIAN UNIVERSITY OF LIFE SCIENCES EMU;EE;HES;participant;151391,25
862480;H2020;2020;999987357;UNIVERSITAET FUER BODENKULTUR WIEN;BOKU;AT;HES;participant;688936,25
862480;H2020;2020;934933046;SCIENSEED SL;SCIENSEED;ES;PRC;participant;245968,75
862480;H2020;2020;999993953;ALMA MATER STUDIORUM - UNIVERSITA DI BOLOGNA;UNIBO;IT;HES;participant;439357,50
862480;H2020;2020;950186005;WWF EUROPEAN POLICY PROGRAMME;WWF EPO;BE;OTH;participant;241395,00
862480;H2020;2020;999981634;WAGENINGEN UNIVERSITY;WU;NL;HES;coordinator;761000,00
862480;H2020;2020;998303631;PENSOFT PUBLISHERS;PENSOFT;BG;PRC;participant;250500,00
862480;H2020;2020;902114260;PETERSON PROJECTS BV;;NL;PRC;participant;214933,75
862480;H2020;2020;999993274;INSTITUT NATIONAL DE RECHERCHE POUR L'AGRICULTURE, L'ALIMENTATION ET L'ENVIRONNEMENT;INRAE;FR;REC;thirdParty;295647,50
862480;H2020;2020;999997930;CENTRE NATIONAL DE LA RECHERCHE SCIENTIFIQUE CNRS;CNRS;FR;REC;participant;485185,00
862480;H2020;2020;999465885;LEIBNIZ-ZENTRUM FUER AGRARLANDSCHAFTSFORSCHUNG (ZALF) e.V.;ZALF;DE;REC;participant;574362,50
862480;H2020;2020;997437906;Universita' degli Studi di Urbino Carlo Bo;UNIURB;IT;HES;participant;31250,00
862480;H2020;2020;999855340;UNIVERSIDAD DE CADIZ;UCA;ES;HES;participant;5156,25
862480;H2020;2020;954674292;HUN-REN OKOLOGIAI KUTATOKOZPONT;HUN-REN CENTRE FOR ECOLOGICAL RESEARCH;HU;REC;participant;225280,00
955330;H2020;2020;986290763;CORK CITY COUNCIL;;IE;PUB;participant;6250,00
955330;H2020;2020;999507013;THE BRITISH COUNCIL ROYAL CHARTER;BC;UK;OTH;participant;16250,00
955330;H2020;2020;999466952;TEAGASC - AGRICULTURE AND FOOD DEVELOPMENT AUTHORITY;;IE;HES;participant;10000,00
955330;H2020;2020;939136347;UCC ACADEMY DESIGNATED ACTIVITY COMPANY;UCC ACADEMY DAC;IE;OTH;coordinator;128545,00
955330;H2020;2020;956341722;COSMOS EDUCATION LIMITED LBG;BLACKROCK CASTLE OBSERVATORY;IE;OTH;participant;3575,00
955330;H2020;2020;999975717;UNIVERSITY COLLEGE CORK -  NATIONAL UNIVERSITY OF IRELAND, CORK;UCC;IE;HES;participant;28865,00
861852;H2020;2020;998365711;EIDGENOESSISCHES DEPARTEMENT FUER WIRTSCHAFT, BILDUNG UND FORSCHUNG;WBF;CH;PUB;coordinator;1292350,00
861852;H2020;2020;999898020;UNIVERSITA DEGLI STUDI DI SIENA;UNISI;IT;HES;participant;405270,00
861852;H2020;2020;999977463;TECHNISCHE UNIVERSITAET MUENCHEN;TUM;DE;HES;participant;674500,00
861852;H2020;2020;998540796;VIGNAIOLI PIEMONTESI SOCIETA COOPERATIVA AGRICOLA;;IT;PRC;participant;214425,00
861852;H2020;2020;905390338;SPOTTERON GMBH;SPOTTERON;AT;PRC;participant;366045,00
861852;H2020;2020;986361961;E-NEMA GESELLSCHAFT FUER BIOTECHNOLOGIE UND BIOLOGISCHEN PFLANZENSCHUTZ mbH;e-nema;DE;PRC;participant;110500,00
861852;H2020;2020;984891926;PESSL INSTRUMENTS GMBH;;AT;PRC;participant;313845,00
861852;H2020;2020;951839273;FUNDACAO GASPAR FRUTUOSO;FGF;PT;REC;participant;511230,00
861852;H2020;2020;941686671;JARDINSUISSE UNTERNEHMERVERBAND GARTNER SCHWEIZ;JARDINSUISSE ASSOCIATION SUISSE DES ENTERPRISES HORTICOLES JARDINSUISSE SWISS ASSOCIATION OF;CH;OTH;participant;28750,00
861852;H2020;2020;902739716;DIPARTIMENTO DELLE FINANZE E DELL' ECONOMIA;;CH;PUB;participant;229760,00
861852;H2020;2020;999993274;INSTITUT NATIONAL DE RECHERCHE POUR L'AGRICULTURE, L'ALIMENTATION ET L'ENVIRONNEMENT;INRAE;FR;REC;participant;387860,00
861852;H2020;2020;999476943;REGIONE PIEMONTE;;IT;PUB;participant;161170,00
861852;H2020;2020;999531360;CONSIGLIO PER LA RICERCA IN AGRICOLTURA E L'ANALISI DELL'ECONOMIA AGRARIA;CREA;IT;REC;participant;793645,00
954638;H2020;2020;999522339;UNIVERSITATEA STEFAN CEL MARE DIN SUCEAVA;UNIVERSITY STEFAN CEL MARE SUCEAVA;RO;HES;participant;4000,00
954638;H2020;2020;999860578;UNIVERSITATEA BABES BOLYAI;UBB;RO;HES;participant;5000,00
954638;H2020;2020;999632434;UNIVERSITATEA DIN CRAIOVA;UCV;RO;HES;participant;5000,00
954638;H2020;2020;998181508;INSTITUTUL NATIONAL DE CERCETARE-DEZVOLTARE PENTRU FIZICA PAMANTULUI;INCDFP;RO;REC;participant;5000,00
954638;H2020;2020;999603916;UNIVERSITATEA DIN BUCURESTI;UB;RO;HES;participant;5000,00
954638;H2020;2020;999758243;INSTITUTUL NATIONAL DE CERCETARE DEZVOLTARE PENTRU OPTOELECTRONICA INOE 2000;NATIONAL INTITUTE OF RESEARCH & DEVELOPMENT FOR OPTOELECTRONICS;RO;REC;participant;3750,00
954638;H2020;2020;999499253;INSTITUTUL NATIONAL DE CERCETARE DEZVOLTARE PENTRU FIZICA LASERILOR PLASMEI SI RADIATIEI;INFLPR RA;RO;REC;participant;5000,00
954638;H2020;2020;996587119;INSTITUTUL NATIONAL DE CERCETARE DEZVOLTARE PENTRU FIZICA MATERIALELOR;INCDFM;RO;REC;participant;3750,00
954638;H2020;2020;999887738;UNIVERSITATEA ALEXANDRU IOAN CUZA DIN IASI;UAIC;RO;HES;coordinator;25000,00
954638;H2020;2020;999831284;INSTITUTUL DE FIZICA ATOMICA;;RO;OTH;participant;3750,00
954638;H2020;2020;946812054;INSTITUTUL DE STIINTE SPATIALE;ISS;RO;OTH;participant;5000,00
954638;H2020;2020;975502423;UNIVERSITATEA LUCIAN BLAGA DIN SIBIU;ULBS;RO;HES;participant;5000,00
954638;H2020;2020;949667734;UNIVERSITATEA MARITIMA DIN CONSTANTA;CONSTANTA MARITIME UNIVERSITY;RO;HES;participant;4000,00
954638;H2020;2020;999635150;UNIVERSITATEA DE VEST DIN TIMISOARA;WEST UNIVERSITY OF TIMISOARA;RO;HES;participant;5000,00
954638;H2020;2020;999488777;INSTITUTUL NATIONAL DE CERCETARE-DEZVOLTARE PENTRU FIZICA SI INGINERIE NUCLEARA-HORIA HULUBEI;NAT INST FOR PHYSICS & NUCLEAR ENGINEERING;RO;REC;participant;11000,00
101000836;H2020;2020;951804062;FUNDACION CENTRO GALLEGO DE INVESTIGACIONES DEL AGUA;;ES;REC;participant;224437,50
101000836;H2020;2020;893724730;BIR NYVERDI AS;;NO;OTH;participant;25954,29
101000836;H2020;2020;999688694;INSTITUTO TECNOLOGICO DEL EMBALAJE, TRANSPORTE Y LOGISTICA;ITENE;ES;REC;participant;745500,00
101000836;H2020;2020;941974082;BEDIN SARA;PCP ACADEMY di Sara Bedin;IT;PRC;participant;228120,38
101000836;H2020;2020;999551148;COLLABORATING CENTRE ON SUSTAINABLE CONSUMPTION AND PRODUCTION GGMBH;CSCP;DE;REC;participant;730750,00
101000836;H2020;2020;939071454;RDA - CLIMATE SOLUTIONS UNIPESSOAL LDA;RDA CLIMATE SOLUTIONS;PT;PRC;participant;320250,00
101000836;H2020;2020;937416537;SUSTENTEPOPEIA UNIPESSOAL LDA;;PT;PRC;participant;93905,00
101000836;H2020;2020;947990022;ANONYMI ETAIREIA DIACHEIRISIS APORRIMMATON PER DYTIKIS MAKEDONIAS;DIADYMA SA;EL;OTH;thirdParty;78500,00
101000836;H2020;2020;941423316;STADT MUNSTER;Stadt Münster;DE;HES;participant;126500,00
101000836;H2020;2020;896718926;BIR AS;BIR;NO;PRC;participant;130151,09
101000836;H2020;2020;896718926;BIR AS;BIR;NO;PRC;thirdParty;46805,91
101000836;H2020;2020;952441061;ASSOCIATION OF CITIES AND REGIONS FFOR SUSTAINABLE RESOURCE MANAGEMENT;ACR+;BE;OTH;participant;648750,00
101000836;H2020;2020;888144611;DRAXIS RESEARCH VENTURES ASTIKI MI KERDOSKOPIKI ETAIRIA;DRAXIS RESEARCH VENTURES NON PROFIT SME;EL;REC;participant;241937,50
101000836;H2020;2020;938968537;ANCI ASSOCIAZIONE REGIONALE COMUNI ITALIANI LAZIO;;IT;PUB;participant;105613,75
101000836;H2020;2020;898587825;BAX & COMPANY BV;BAX & COMPANY BV;NL;PRC;participant;202125,00
101000836;H2020;2020;934620221;SAVONIA-AMMATTIKORKEAKOULU OY;Savonia University of Applied Sciences Ltd;FI;HES;participant;328600,00
101000836;H2020;2020;901829759;SCIENCE FOR CHANGE, SL;SCIENCE FOR CHANGE;ES;PRC;participant;288750,00
101000836;H2020;2020;921324916;RESEARCH4LIFE B.V.;RESEARCH4LIFE B.V.;NL;PRC;participant;115937,50
101000836;H2020;2020;949327458;NAFIGATE CORPORATION, A.S.;;CZ;PRC;participant;30902,21
101000836;H2020;2020;947977218;FUNDACION CENTRO ANDALUZ DE INVESTIGACIONES DEL AGUA;;ES;OTH;thirdParty;27750,00
101000836;H2020;2020;996151686;DRAXIS ENVIRONMENTAL SA;DRAXIS;EL;PRC;participant;64312,50
101000836;H2020;2020;983820173;AYUNTAMIENTO DE MURCIA;;ES;PUB;participant;117100,00
101000836;H2020;2020;893684669;BIR BEDRIFT AS;;NO;PRC;thirdParty;9265,16
101000836;H2020;2020;893684669;BIR BEDRIFT AS;;NO;PRC;thirdParty;51984,84
101000836;H2020;2020;953381864;ASSOCIACAO DE MUNICIPIOS PARA A GESTAO SUSTENTAVEL DE RESIDUOS DO GRANDE PORTO;LIPOR;PT;PUB;participant;122900,00
101000836;H2020;2020;953634355;GEMEENTE ALMERE;;NL;PUB;participant;248750,00
101000836;H2020;2020;939128878;CLUSTER VIOOIKONOMIAS KAI PERIVALLONTOS DYTIKIS MAKEDONIAS;CLUBE;EL;OTH;participant;244500,00
101000836;H2020;2020;998806479;BAX INNOVATION CONSULTING SL;Bax & Company;ES;PRC;thirdParty;139125,00
101000836;H2020;2020;994030005;ASOCIACION EMPRESARIAL CENTRO TECNOLOGICO DE LA ENERGIA Y DEL MEDIO AMBIENTE DE LA REGION DE MURCIA;CETENMA;ES;REC;coordinator;1113811,50
101000836;H2020;2020;915811533;REVOLVE PLANET;REVOLVE;BE;OTH;thirdParty;334375,00
101000836;H2020;2020;995542041;GREENOVATE ! EUROPE;Greenovate! Europe;BE;OTH;participant;267750,00
101000836;H2020;2020;925741132;SOCIEDAD ANONIMA AGRICULTORES DE LAVEGA DE VALENCIA;S.A. AGRICULTORES DE LAVEGA DE VALENCIA;ES;PRC;participant;539875,00
101017448;H2020;2021;998097312;COMUNAUTE D'UNIVERSITES ET ETABLISSEMENTS UNIVERSITE DE LYON;COMUE UNIVERSITE DE LYON;FR;HES;participant;0,00
101017448;H2020;2021;999902579;UNIVERSITE LYON 1 CLAUDE BERNARD;;FR;HES;participant;237633,56
101017448;H2020;2021;999882015;UNIVERSIDAD DE GRANADA;UGR;ES;HES;coordinator;475196,35
101017448;H2020;2021;999995602;UNIVERSITA DEGLI STUDI DI PADOVA;UNIPD;IT;HES;participant;227090,36
101017448;H2020;2021;999854564;UNIVERSITAET LEIPZIG;ULEI;DE;HES;participant;295164,85
101017448;H2020;2021;999893170;VILNIAUS UNIVERSITETAS;Vilniaus universitetas;LT;HES;participant;149756,31
101017448;H2020;2021;999873188;UNIVERSITAET GRAZ;UNI GRAZ;AT;HES;participant;397039,45
101017448;H2020;2021;999974456;UNIVERSITETET I BERGEN;UiB;NO;HES;participant;218119,12
101004318;H2020;2021;999654162;STIFTELSEN NILU;NILU;NO;REC;coordinator;400125,00
101004318;H2020;2021;997054077;ISARDSAT SL;isardSAT;ES;PRC;participant;44000,00
101004318;H2020;2021;999940118;CENTRE EUROPEEN DE RECHERCHE ET DEFORMATION AVANCEE EN CALCUL SCIENTIFIQUE;CERFACS;FR;PRC;participant;172500,00
101004318;H2020;2021;999518944;KONINKLIJK NEDERLANDS METEOROLOGISCH INSTITUUT-KNMI;KNMI;NL;REC;participant;339250,00
101004318;H2020;2021;999578890;METEO-FRANCE;;FR;REC;participant;157000,00
101004318;H2020;2021;999642134;INSTITUT ROYAL D'AERONOMIE SPATIALE DE BELGIQUE;ROYAL BELGIAN INSTITUTE FOR SPACE AERONOMY;BE;REC;participant;273000,00
101004318;H2020;2021;999997930;CENTRE NATIONAL DE LA RECHERCHE SCIENTIFIQUE CNRS;CNRS;FR;REC;thirdParty;13000,00
101004318;H2020;2021;894026012;LOBELIA EARTH SL;LOBELIA;ES;PRC;thirdParty;100000,00
960366;H2020;2021;999867077;UNIVERSIDAD POMPEU FABRA;UPF;ES;HES;participant;241187,50
960366;H2020;2021;999864555;THE UNIVERSITY OF EXETER;UNEXE;UK;HES;participant;95000,00
960366;H2020;2021;999572294;UNIWERSYTET WARSZAWSKI;UNIWARSAW;PL;HES;participant;177750,00
960366;H2020;2021;999974359;UNIVERSITY COLLEGE DUBLIN, NATIONAL UNIVERSITY OF IRELAND, DUBLIN;NUID UCD;IE;HES;participant;184250,00
960366;H2020;2021;999815376;APPLIED RESEARCH AND COMMUNICATIONS FUND;ARC Fund;BG;REC;participant;84562,50
960366;H2020;2021;999897341;UNIVERSITA CA' FOSCARI  VENEZIA;UNIVE;IT;HES;coordinator;564338,75
960366;H2020;2021;986523854;INSTYTUT ROZWOJU MIAST I REGIONOW;INSTITUTE OF URBAN AND REGIONAL DEVELOPMENT;PL;REC;participant;113875,00
960366;H2020;2021;999841954;UNIVERSITA DEGLI STUDI DI TRENTO;UniTrento;IT;HES;participant;322210,75
960366;H2020;2021;953171083;FONDEN DEMOCRACY X;DEMOCRACY X;DK;REC;participant;287375,00
960366;H2020;2021;999819838;MINISTERIO DE EDUCACION Y CULTURA;;UY;PUB;participant;73156,25
960366;H2020;2021;999662310;MUSEUM NATIONAL D'HISTOIRE NATURELLE;MNHN;FR;HES;participant;270525,00
960366;H2020;2021;999977851;NORGES TEKNISK-NATURVITENSKAPELIGE UNIVERSITET NTNU;NTNU;NO;HES;participant;309056,25
101005931;H2020;2021;998344080;SODERTORNS HOGSKOLA;;SE;HES;participant;98073,75
101005931;H2020;2021;996823508;FUNDACION DEUSTO-DEUSTU FUNDAZIOA;FD;ES;REC;participant;104975,00
101005931;H2020;2021;999866883;UNIVERSITAT WIEN;UNIVIE;AT;HES;participant;273461,25
101005931;H2020;2021;905390338;SPOTTERON GMBH;SPOTTERON;AT;PRC;participant;141081,25
101005931;H2020;2021;999976590;UNIVERSITA DEGLI STUDI DI NAPOLI FEDERICO II;UNINA;IT;HES;participant;115697,50
101005931;H2020;2021;954982461;OSLOMET - STORBYUNIVERSITETET;OSLOMET - OSLO METROPOLITAN UNIVERSITY;NO;HES;coordinator;548806,25
101005931;H2020;2021;999883858;UNIVERSITY OF LANCASHIRE;;UK;HES;participant;200145,00
101005931;H2020;2021;997604843;ESSRG NONPROFIT KFT;ESSRG Kft.;HU;REC;participant;203210,00
101005931;H2020;2021;999844961;KAUNO TECHNOLOGIJOS UNIVERSITETAS;UNIVERSITY OF TECHNOLOGY, KAUNAS;LT;HES;participant;146333,75
101005931;H2020;2021;999876971;UNIVERSIDAD DE LA IGLESIA DE DEUSTO ENTIDAD RELIGIOSA;UDEUSTO;ES;HES;thirdParty;65888,75
101005931;H2020;2021;999914704;VETENSKAP & ALLMANHET, VA;VA;SE;OTH;participant;108433,75
101005931;H2020;2021;999904034;AALBORG UNIVERSITET;AAU;DK;HES;participant;193893,75
101006201;H2020;2021;999997736;AARHUS UNIVERSITET;AU;DK;HES;participant;128531,25
101006201;H2020;2021;999514191;AGENZIA PER LA PROMOZIONE DELLA RICERCA EUROPEA;APRE;IT;REC;coordinator;172875,00
101006201;H2020;2021;999987939;FONDATION EUROPEENNE DE LA SCIENCE;;FR;OTH;participant;181065,00
101006201;H2020;2021;905205165;CROWDHELIX LIMITED;;IE;PRC;participant;115187,50
101006201;H2020;2021;939904587;CROWDHELIX LIMITED;VISION2020: THE HORIZON NETWORK;UK;PRC;thirdParty;25000,00
101006201;H2020;2021;999976396;UNIVERSITAT ZURICH;UZH;CH;HES;participant;131000,00
101006201;H2020;2021;940719872;ZENTRUM FUR SOZIALE INNOVATION GMBH;Zentrum fuer Soziale Innovation GmbH;AT;REC;participant;153812,50
101006201;H2020;2021;999844961;KAUNO TECHNOLOGIJOS UNIVERSITETAS;UNIVERSITY OF TECHNOLOGY, KAUNAS;LT;HES;participant;66718,75
101006201;H2020;2021;999975620;UNIVERSITY COLLEGE LONDON;;UK;HES;participant;201812,50
101006201;H2020;2021;999544455;FUNDACIO CENTRE DE REGULACIO GENOMICA;CRG-CERCA;ES;REC;participant;118906,25
101006201;H2020;2021;999975717;UNIVERSITY COLLEGE CORK -  NATIONAL UNIVERSITY OF IRELAND, CORK;UCC;IE;HES;participant;123437,50
101006201;H2020;2021;999854467;UNIVERSITA VITA-SALUTE SAN RAFFAELE;UNISR;IT;HES;participant;80781,25
101007579;H2020;2021;999811011;UNIVERSITE D'ANGERS;UA;FR;HES;participant;23000,00
101007579;H2020;2021;999987648;RUPRECHT-KARLS-UNIVERSITAET HEIDELBERG;UHEI;DE;HES;participant;27600,00
101007579;H2020;2021;999861936;UNIVERSITA DEGLI STUDI DI TORINO;UNITO;IT;HES;participant;32200,00
101007579;H2020;2021;999991722;AGENCIA ESTATAL CONSEJO SUPERIOR DE INVESTIGACIONES CIENTIFICAS;CSIC;ES;REC;participant;23000,00
101007579;H2020;2021;999980276;RHEINISCHE FRIEDRICH-WILHELMS-UNIVERSITAT BONN;;DE;HES;participant;55200,00
101007579;H2020;2021;935884325;AGENTSCHAP PLANTENTUIN MEISE;AGENTSCHAP PLANTENTUIN MEISE;BE;REC;participant;32200,00
101007579;H2020;2021;999662310;MUSEUM NATIONAL D'HISTOIRE NATURELLE;MNHN;FR;HES;participant;87400,00
101007579;H2020;2021;892690225;REPUBLIQUE ET CANTON DE NEUCHATEL;;CH;PUB;participant;9200,00
101007579;H2020;2021;998258041;UNIVERSITE DU MANS;UNIVERSITE DU MANS;FR;HES;coordinator;115000,00
101007579;H2020;2021;950103652;CONSORCI DEL MUSEU DE CIENCIES NATURALS DE BARCELONA;EL CONSORCIO DELMUSEO DE CIENCIAS NATURALES DE BARCELONA;ES;REC;participant;23000,00
101007579;H2020;2021;895459381;COMMUNE DU MANS;;FR;PUB;participant;0,00
945536;H2020;2021;999847871;UNIVERSITY OF PORTSMOUTH HIGHER EDUCATION CORPORATION;UoP;UK;HES;coordinator;1794707,00
101006386;H2020;2021;999844864;UNIVERSITA DEGLI STUDI DI ROMA TOR VERGATA;UNITOV;IT;HES;participant;130312,50
101006386;H2020;2021;999779292;EUSEA EUROPAISCHE GESELLSCHAFT FUR SCIENCE ENGAGEMENT;EUSEA EUROPEAN SCIENCE EVENTS ASSOCIATION;AT;OTH;participant;166250,00
101006386;H2020;2021;999997736;AARHUS UNIVERSITET;AU;DK;HES;participant;154375,00
101006386;H2020;2021;894857690;ACTION FOR RURAL WOMEN'S EMPOWERMENT;ARUWE;UG;OTH;participant;129898,75
101006386;H2020;2021;881592649;NORTHWICK PARK AND ST MARK'S HOSPITALS;;UK;OTH;participant;74358,93
101006386;H2020;2021;972828327;WOMEN ENGAGE FOR A COMMON FUTURE EV;WECF;DE;OTH;participant;194250,00
101006386;H2020;2021;901829759;SCIENCE FOR CHANGE, SL;SCIENCE FOR CHANGE;ES;PRC;participant;168125,00
101006386;H2020;2021;998802793;UNIVERZA NA PRIMORSKEM UNIVERSITA DEL LITORALE;UP;SI;HES;coordinator;308000,00
101006386;H2020;2021;937663402;VEREIN DER EUROPAISCHEN BURGEWISSENSCHAFTEN - ECSA EV;EUROPEAN CITIZEN SCIENCE ASSOCIATION;DE;REC;participant;131250,00
101006386;H2020;2021;940719872;ZENTRUM FUR SOZIALE INNOVATION GMBH;Zentrum fuer Soziale Innovation GmbH;AT;REC;participant;256500,00
101006386;H2020;2021;999984350;THE CHANCELLOR, MASTERS AND SCHOLARS OF THE UNIVERSITY OF OXFORD;UOXF;UK;HES;participant;38963,59
101006386;H2020;2021;917884520;CONOSCENZA E INNOVAZIONE SOCIETA ARESPONSABILITA LIMITATA SEMPLIFICATA;K&I srls;IT;PRC;participant;284375,00
101006386;H2020;2021;985442401;OXFORD UNIVERSITY HOSPITALS NHS FOUNDATION TRUST;OXFORD RADCLIFFE HOSPITALS NHS TRUST;UK;REC;participant;159177,48
101006430;H2020;2021;999895013;TARTU ULIKOOL;UNIVERSITY OF TARTU;EE;HES;participant;166875,00
101006430;H2020;2021;921767430;UNIVERSITETET I SOROST-NORGE;UNIVERSITY OF SOUTH-EASTERN NORWAY;NO;HES;participant;61865,00
101006430;H2020;2021;999978142;ETHNICON METSOVION POLYTECHNION;NATIONAL TECHNICAL UNIVERSITY OF ATHENS - NTUA;EL;HES;participant;270625,00
101006430;H2020;2021;934017366;HAUT CONSEIL DE L'EVALUATION DE LA RECHERCHE ET DE L'ENSEIGNEMENT SUPERIEUR;HCERES;FR;PUB;participant;108750,00
101006430;H2020;2021;999907623;UNIVERSIDADE CATOLICA PORTUGUESA;UCP;PT;HES;participant;2559,83
101006430;H2020;2021;951478433;ÖSTERREICHISCHE AGENTUR FUR WISSENSCHAFTLICHE INTEGRITAT;AUSTRIAN AGENCY FOR RESEARCH INTEGRITY;AT;OTH;participant;250125,00
101006430;H2020;2021;937663402;VEREIN DER EUROPAISCHEN BURGEWISSENSCHAFTEN - ECSA EV;EUROPEAN CITIZEN SCIENCE ASSOCIATION;DE;REC;participant;124375,00
101006430;H2020;2021;999975814;UNIVERSITETET I OSLO;UNIVERSITY OF OSLO;NO;HES;coordinator;557375,68
101006430;H2020;2021;999894916;UNIVERSIDADE DO PORTO;U PORTO;PT;HES;participant;62030,11
101006430;H2020;2021;999871830;LATVIJAS UNIVERSITATE;LU;LV;HES;participant;184740,00
101006430;H2020;2021;997830853;TIETEELLISTEN SEURAIN VALTUUSKUNNASTA;EUROSIS FEDERATION OF FINNISH LEARNED SOCIETIES;FI;PUB;participant;98795,00
101006430;H2020;2021;915816092;EUREC OFFICE GUG;;DE;OTH;participant;369375,00
101006430;H2020;2021;999993274;INSTITUT NATIONAL DE RECHERCHE POUR L'AGRICULTURE, L'ALIMENTATION ET L'ENVIRONNEMENT;INRAE;FR;REC;participant;241095,63
101016888;H2020;2021;999852236;LINKOPINGS UNIVERSITET;LIU;SE;HES;participant;173923,44
101016888;H2020;2021;999892588;DUBLIN CITY UNIVERSITY;DCU;IE;HES;participant;181598,20
101016888;H2020;2021;999838753;TECHNISCHE UNIVERSITAT HAMBURG;TUHH;DE;HES;participant;113062,50
101016888;H2020;2021;999900833;UNIVERSITEIT TWENTE;UNIVERSITEIT TWENTE;NL;HES;coordinator;193834,36
101016888;H2020;2021;999869405;INSTITUT NATIONAL DES SCIENCES APPLIQUEES DE TOULOUSE;INSA TOULOUSE;FR;HES;participant;175431,56
101016888;H2020;2021;902999288;TAMPEREEN KORKEAKOULUSAATIO SR;TAMPERE UNIVERSITY;FI;HES;participant;140250,00
101016888;H2020;2021;999865331;UNIVERSIDADE DE AVEIRO;UAveiro;PT;HES;participant;145520,63
101016888;H2020;2021;998023689;UNIVERSITETET I STAVANGER;UiS;NO;HES;participant;215338,44
101016888;H2020;2021;999841954;UNIVERSITA DEGLI STUDI DI TRENTO;UniTrento;IT;HES;participant;145250,00
101016888;H2020;2021;999844961;KAUNO TECHNOLOGIJOS UNIVERSITETAS;UNIVERSITY OF TECHNOLOGY, KAUNAS;LT;HES;participant;115248,13
101016888;H2020;2021;999986484;UNIVERSITAT AUTONOMA DE BARCELONA;UAB;ES;HES;participant;242093,75
101016888;H2020;2021;999904034;AALBORG UNIVERSITET;AAU;DK;HES;participant;157501,49
101017861;H2020;2021;895542607;WATERITECH APS;;DK;PRC;participant;566155,00
101017861;H2020;2021;999985029;UPPSALA UNIVERSITET;UU;SE;HES;participant;418783,75
101017861;H2020;2021;966400428;FUNDACION UNIVERSITARIA SAN ANTONIO;UCAM;ES;HES;coordinator;687875,00
101017861;H2020;2021;893681177;VIELCA INGENIEROS SA;;ES;PRC;participant;347815,00
101017861;H2020;2021;997826585;NORSK INSTITUTT FOR VANNFORSKNING STI;NORWEGIAN INSTITUTE FOR WATER RESEARCH;NO;REC;participant;578847,50
101017861;H2020;2021;999993953;ALMA MATER STUDIORUM - UNIVERSITA DI BOLOGNA;UNIBO;IT;HES;participant;314375,00
101017861;H2020;2021;999864846;UNIVERSITAT POLITECNICA DE VALENCIA;UPV;ES;HES;participant;537212,46
101017861;H2020;2021;921061464;PHOTRACK AG;;CH;PRC;participant;521250,00
101006518;H2020;2021;928990341;PATIENTENFEDERATIE NEDERLAND;;NL;OTH;participant;13747,50
101006518;H2020;2021;903801284;SCIENCE4PEOPLE SPOLKA Z OGRANICZONA ODPOWIEDZIALNOSCIA;;PL;PRC;participant;93075,00
101006518;H2020;2021;947193555;UNIVERSITATSMEDIZIN GREIFSWALD KORPERSCHAFT DES OFFENTLICHEN RECHTS;UMG;DE;HES;coordinator;475813,75
101006518;H2020;2021;999847483;UNIWERSYTET W BIALYMSTOKU;UNIVERSITY OF BIALYSTOK;PL;HES;participant;76598,75
101006518;H2020;2021;939589822;FUNDACJA LABORATORIUM BADAN I DZIALAN SPOLECZNYCH SOCLAB;;PL;OTH;participant;66467,50
101006518;H2020;2021;944702304;UNIWERSYTET MEDYCZNY W BIALYMSTOKU;MEDICAL UNIVERSITY OF BIALYSTOK;PL;HES;participant;234761,25
101006518;H2020;2021;894470466;AKADEMIE FUR OFFENTLICHES GESUNDHEITSWESEN IN DUSSELDORF;;DE;REC;participant;15727,50
101006518;H2020;2021;894545059;STEMPNIAK PAWEL;WHITE BITS PAWEL STEMPNIAK;PL;PRC;participant;104293,75
101006518;H2020;2021;999839335;ERASMUS UNIVERSITEIT ROTTERDAM;EUR;NL;HES;participant;194625,00
101006518;H2020;2021;999988424;ERASMUS UNIVERSITAIR MEDISCH CENTRUM ROTTERDAM;ERASMUS MC;NL;HES;participant;299681,25
101006518;H2020;2021;900210829;STICHTING MIJN DATA ONZE GEZONDHEID;FOUNDATION MY DATA OUR HEALTH;NL;OTH;participant;13750,00
101006325;H2020;2021;917933311;ZERO - ASSOCIACAO SISTEMA TERRESTRE SUSTENTAVEL;;PT;OTH;participant;31125,00
101006325;H2020;2021;991227966;BABEL INTERNATIONAL ASSOCIATION;CAFEBABEL;FR;OTH;participant;68000,00
101006325;H2020;2021;998622567;Iscte - Instituto Universitário de Lisboa;Iscte;PT;HES;thirdParty;0,00
101006325;H2020;2021;906608561;INVESTIGATIVE REPORTING PROJECT ITALY;IRPI;IT;OTH;participant;29925,00
101006325;H2020;2021;999957869;FONDATION NATIONALE DES SCIENCES POLITIQUES;;FR;HES;participant;233450,00
101006325;H2020;2021;952410118;FUNDACION IBERCIVIS;;ES;REC;participant;142000,00
101006325;H2020;2021;999884537;UNIVERSITE POLYTECHNIQUE HAUTS-DE-FRANCE;UPFH;FR;HES;participant;86812,50
101006325;H2020;2021;894705594;EUROPOD - BULLE MEDIA;EUROPOD;BE;PRC;participant;29750,00
101006325;H2020;2021;918164559;CRIME AND TECH SRL;C&T;IT;PRC;participant;45500,00
101006325;H2020;2021;991661459;RESEAU FRANCAIS DES INSTITUTS D'ETUDES AVANCEES;RFIEA;FR;OTH;participant;48312,50
101006325;H2020;2021;999510117;ECOLE DES HAUTES ETUDES EN SCIENCES SOCIALES;EHESS;FR;HES;coordinator;238687,50
101006325;H2020;2021;893466419;CADMIUM COMPAGNIE;;FR;OTH;participant;34700,00
101006325;H2020;2021;999997930;CENTRE NATIONAL DE LA RECHERCHE SCIENTIFIQUE CNRS;CNRS;FR;REC;participant;230731,25
101006325;H2020;2021;942259456;CENTRO EM REDE DE INVESTIGACAO EM ANTROPOLOGIA;CRIA;PT;REC;participant;370862,50
101006325;H2020;2021;983504341;NET7 SRL;NET7;IT;PRC;participant;311500,00
101006325;H2020;2021;986960063;MAX WEBER STIFTUNG DEUTSCHE GEISTESWISSENSCHAFTLICHE INSTITUTE IM AUSLAND;MWS;DE;REC;participant;292062,50
101016967;H2020;2021;999844864;UNIVERSITA DEGLI STUDI DI ROMA TOR VERGATA;UNITOV;IT;HES;participant;142553,01
101016967;H2020;2021;999902870;UNIVERSITEIT ANTWERPEN;UANTWERPEN;BE;HES;participant;206383,00
101016967;H2020;2021;986280675;SVEUCILISTE U RIJECI-TEHNICKI FAKULTET;TEHNICKI FAKULTET;HR;HES;thirdParty;17691,85
101016967;H2020;2021;999975911;UNIVERSITEIT MAASTRICHT;;NL;HES;participant;270213,07
101016967;H2020;2021;999856989;UNIVERSITY OF ESSEX;UESSEX;UK;HES;participant;206383,02
101016967;H2020;2021;999987454;UNIVERSITAET BREMEN;UBREMEN;DE;HES;participant;185106,00
101016967;H2020;2021;999835843;UNIVERSITY OF CYPRUS;UCY;CY;HES;coordinator;291486,02
101016967;H2020;2021;999836619;UNIWERSYTET MIKOLAJA KOPERNIKA;NICOLAUS COPERNICUS UNIVERSITY;PL;HES;participant;100001,38
101016967;H2020;2021;991207984;ITA-SUOMEN YLIOPISTO;UNIVERSITY OF EASTERN FINLAND (UEF);FI;HES;participant;185106,00
101016967;H2020;2021;999899572;UNIVERSIDAD CARLOS III DE MADRID;UC3M;ES;HES;participant;227660,00
101016967;H2020;2021;997640733;SVEUCILISTE U RIJECI;UNIRI;HR;HES;participant;167414,15
101005330;H2020;2021;999568608;Q-PLAN INTERNATIONAL ADVISORS PC;Q-PLAN INTERNATIONAL;EL;PRC;participant;262343,75
101005330;H2020;2021;999895692;ARISTOTELIO PANEPISTIMIO THESSALONIKIS;ARISTOTLE UNIVERSITY OF THESSALONIKI;EL;HES;participant;152875,00
101005330;H2020;2021;999900833;UNIVERSITEIT TWENTE;UNIVERSITEIT TWENTE;NL;HES;coordinator;279000,00
101005330;H2020;2021;999838850;UNIVERSITA COMMERCIALE LUIGI BOCCONI;UB;IT;HES;participant;136000,00
101005330;H2020;2021;953382543;WHITE RESEARCH SRL;;BE;PRC;participant;200156,25
101005330;H2020;2021;937663402;VEREIN DER EUROPAISCHEN BURGEWISSENSCHAFTEN - ECSA EV;EUROPEAN CITIZEN SCIENCE ASSOCIATION;DE;REC;participant;100312,50
101005330;H2020;2021;999976396;UNIVERSITAT ZURICH;UZH;CH;HES;participant;101000,00
101005330;H2020;2021;999986484;UNIVERSITAT AUTONOMA DE BARCELONA;UAB;ES;HES;participant;149437,50
101005330;H2020;2021;999647857;VILNIAUS GEDIMINO TECHNIKOS UNIVERSITETAS;VILNIUS TECH;LT;HES;participant;118333,75
101006251;H2020;2021;999864555;THE UNIVERSITY OF EXETER;UNEXE;UK;HES;participant;200127,50
101006251;H2020;2021;999858929;CHAROKOPEIO PANEPISTIMIO;HAROKOPIO UNIVERSITY OF ATHENS (HUA);EL;HES;participant;183562,50
101006251;H2020;2021;937663402;VEREIN DER EUROPAISCHEN BURGEWISSENSCHAFTEN - ECSA EV;EUROPEAN CITIZEN SCIENCE ASSOCIATION;DE;REC;participant;175687,50
101006251;H2020;2021;998914925;GEMEENTE ROTTERDAM;ROTTERDAM;NL;PUB;participant;49125,00
101006251;H2020;2021;985772104;FUNDACIO INSTITUT D'INVESTIGACIO SANITARIA PERE VIRGILI (IISPV);Institut de Recerca Biomedica Catalunya Sud (IRBCatSud);ES;REC;coordinator;262125,00
101006251;H2020;2021;999988424;ERASMUS UNIVERSITAIR MEDISCH CENTRUM ROTTERDAM;ERASMUS MC;NL;HES;participant;228875,00
965315;H2020;2021;999900833;UNIVERSITEIT TWENTE;UNIVERSITEIT TWENTE;NL;HES;coordinator;1159390,00
965315;H2020;2021;999518556;SIHTASUTUS TARTU ULIKOOLI KLIINIKUM;TARTU UNIVERSITY HOSPITAL;EE;REC;participant;349987,50
965315;H2020;2021;999607602;DEUTSCHES FORSCHUNGSZENTRUM FUR KUNSTLICHE INTELLIGENZ GMBH;DFKI;DE;REC;participant;903585,00
965315;H2020;2021;999993856;ATOS SPAIN SA;;ES;PRC;thirdParty;73125,00
965315;H2020;2021;998829953;STICHTING REVALIDATIECENTRUM ROESSINGH;RCR;NL;OTH;participant;601590,00
965315;H2020;2021;999586941;UNIVERSITY OF PIRAEUS RESEARCH CENTER;UNIVERSITY OF PIRAEUS;EL;HES;participant;353250,00
965315;H2020;2021;918081430;FONDAZIONE POLICLINICO UNIVERSITARIO AGOSTINO GEMELLI IRCCS;Fondazione Policlinico Universitario A. Gemelli;IT;REC;participant;690625,00
965315;H2020;2021;919699584;INNOVATION SPRINT;;BE;PRC;participant;557750,00
965315;H2020;2021;952979120;ATOS IT SOLUTIONS AND SERVICES IBERIA SL;ATOS IT;ES;PRC;participant;371250,00
965315;H2020;2021;996067005;STICHTING MEDISCH SPECTRUM TWENTE;MST;NL;OTH;participant;621712,50
965315;H2020;2021;994557879;EUROPEAN HOSPITAL AND HEALTHCARE FEDERATION;HOPE;BE;OTH;participant;278530,00
949247;H2020;2021;999866883;UNIVERSITAT WIEN;UNIVIE;AT;HES;coordinator;1498767,00
101023024;H2020;2022;902999288;TAMPEREEN KORKEAKOULUSAATIO SR;TAMPERE UNIVERSITY;FI;HES;coordinator;202680,96
101017229;H2020;2021;999845446;THE PROVOST, FELLOWS, FOUNDATION SCHOLARS & THE OTHER MEMBERS OF BOARD, OF THE COLLEGE OF THE HOLY & UNDIVIDED TRINITY OF QUEEN ELIZABETH NEAR DUBLIN;TRINITY COLLEGE DUBLIN;IE;HES;participant;427644,80
101017229;H2020;2021;888104744;UNIVERSITE DE MONTPELLIER;UNIVERSITE DE MONTPELLIER;FR;HES;participant;407416,25
101017229;H2020;2021;999896468;EOTVOS LORAND TUDOMANYEGYETEM;ELTE;HU;HES;participant;386999,25
101017229;H2020;2021;999986387;UNIVERSITAT DE BARCELONA;UB;ES;HES;coordinator;537625,00
101017229;H2020;2021;999985805;UNIVERSITEIT UTRECHT;UU;NL;HES;participant;403325,75
101026399;H2020;2022;999846319;UNIVERSITA DEGLI STUDI DI PERUGIA;UNIPG;IT;HES;coordinator;255768,00
101008724;H2020;2021;999478010;SUOMEN YMPARISTOKESKUS;FINNISH ENVIRONMENT INSTITUTE;FI;REC;participant;316458,75
101008724;H2020;2021;999596544;PHYSIKALISCH-TECHNISCHE BUNDESANSTALT;PTB;DE;REC;participant;112880,00
101008724;H2020;2021;999577532;HELLENIC CENTRE FOR MARINE RESEARCH;;EL;REC;participant;231282,53
101008724;H2020;2021;974644458;CONSORCIO PARA EL DISENO, CONSTRUCCION, EQUIPAMIENTO Y EXPLOTACION DE LA PLATAFORMA OCEANICA DE CANARIAS;PLOCAN;ES;PUB;participant;168812,50
101008724;H2020;2021;938141224;EUROPEAN MULTIDISCIPLINARY SEAFLOORAND WATER COLUMN OBSERVATORY - EUROPEAN RESEARCH INFRASTRUCTURE CONSORTIUM (EMSO ERIC);EMSO ERIC;IT;REC;participant;186750,00
101008724;H2020;2021;997517349;UNIVERSIDAD CATOLICA DEL NORTE;UCN;CL;HES;participant;194250,00
101008724;H2020;2021;895895202;ANEL.LIDES SL;ANEL.LIDES, SERVEIS AMBIENTALS MARINS;ES;PRC;participant;58500,00
101008724;H2020;2021;999988521;AGENZIA NAZIONALE PER LE NUOVE TECNOLOGIE, L'ENERGIA E LO SVILUPPO ECONOMICO SOSTENIBILE;ENEA;IT;REC;participant;55057,33
101008724;H2020;2021;999991722;AGENCIA ESTATAL CONSEJO SUPERIOR DE INVESTIGACIONES CIENTIFICAS;CSIC;ES;REC;coordinator;892314,55
101008724;H2020;2021;998627805;ISTITUTO NAZIONALE DI RICERCA METROLOGICA;INRIM;IT;REC;participant;186125,00
101008724;H2020;2021;997237407;52 NORTH SPATIAL INFORMATION RESEARCH GMBH;52°North GmbH;DE;OTH;participant;229250,00
101008724;H2020;2021;999979500;CONSIGLIO NAZIONALE DELLE RICERCHE;CNR;IT;REC;participant;231160,75
101008724;H2020;2021;999976202;UNIVERSITAT POLITECNICA DE CATALUNYA;UPC;ES;HES;participant;377437,80
101008724;H2020;2021;909317092;JOINT PROGRAMMING INITIATIVE ON HEALTHY AND PRODUCTIVE SEAS AND OCEANS;JPI Oceans;BE;OTH;participant;71750,00
101008724;H2020;2021;999625644;ISTITUTO NAZIONALE DI OCEANOGRAFIA E DI GEOFISICA SPERIMENTALE;OGS;IT;REC;participant;202901,25
101008724;H2020;2021;998801144;LABORATOIRE NATIONAL DE METROLOGIE ET D'ESSAIS;LNE;FR;REC;participant;235797,50
101008724;H2020;2021;999630300;INSTITUT FRANCAIS DE RECHERCHE POUR L'EXPLOITATION DE LA MER;;FR;REC;participant;276871,50
101008724;H2020;2021;997826585;NORSK INSTITUTT FOR VANNFORSKNING STI;NORWEGIAN INSTITUTE FOR WATER RESEARCH;NO;REC;participant;195809,16
101008724;H2020;2021;955518483;UNIVERSITE D'AIX MARSEILLE;AMU;FR;HES;participant;36250,00
101008724;H2020;2021;898797054;NATIONAL OCEANOGRAPHY CENTRE;;UK;REC;participant;252900,00
101008724;H2020;2021;999457640;SERVICE HYDROGRAPHIQUE ET OCEANOGRAPHIQUE DE LA MARINE;SHOM;FR;PUB;participant;218277,63
101008724;H2020;2021;957944453;INSTITUT D'ARQUITECTURA AVANCADA DE CATALUNYA;IAAC;ES;REC;participant;198348,75
101008724;H2020;2021;999997930;CENTRE NATIONAL DE LA RECHERCHE SCIENTIFIQUE CNRS;CNRS;FR;REC;thirdParty;65770,00
957566;H2020;2021;999984350;THE CHANCELLOR, MASTERS AND SCHOLARS OF THE UNIVERSITY OF OXFORD;UOXF;UK;HES;coordinator;150000,00
101036119;H2020;2021;999914704;VETENSKAP & ALLMANHET, VA;VA;SE;OTH;coordinator;130000,00
101034170;H2020;2021;914864037;EUCOR - THE EUROPEAN CAMPUS;EUCOR;DE;PUB;coordinator;3037440,00
101035811;H2020;2021;999995408;FRIEDRICH-ALEXANDER-UNIVERSITAET ERLANGEN-NUERNBERG;FAU;DE;HES;participant;270000,00
101035811;H2020;2021;999904228;BUDAPESTI MUSZAKI ES GAZDASAGTUDOMANYI EGYETEM;BME;HU;HES;participant;180000,00
101035811;H2020;2021;999866592;ISTANBUL TEKNIK UNIVERSITESI;ITU;TR;HES;participant;240000,00
101035811;H2020;2021;999884731;SCUOLA SUPERIORE DI STUDI UNIVERSITARI E DI PERFEZIONAMENTO S ANNA;SSSA;IT;HES;participant;335000,00
101035811;H2020;2021;999886962;SCUOLA NORMALE SUPERIORE;SNS;IT;HES;participant;120000,00
101035811;H2020;2021;894821800;UNIVERSITE PARIS SCIENCES ET LETTRES;;FR;HES;participant;102500,00
101035811;H2020;2021;880988630;UNIVERSITATEA NATIONALA DE STIINTASI TEHNOLOGIE POLITEHNICA BUCURESTI;NATIONAL UNIVERSITY OF SCIENCE ANDTECHNOLOGY POLITEHNICA BUCHAREST;RO;HES;participant;179950,00
101035811;H2020;2021;997637629;ECOLE NATIONALE DES PONTS ET CHAUSSEES;ENPC;FR;HES;participant;120000,00
101035811;H2020;2021;998584737;ECOLE NATIONALE SUPERIEURE DES MINES DE PARIS;MINES PARIS - PSL;FR;HES;thirdParty;40000,00
101035811;H2020;2021;999974844;UNIVERSIDAD POLITECNICA DE MADRID;UPM;ES;HES;coordinator;315000,00
101035811;H2020;2021;903730668;ECOLE NATIONALE SUPERIEURE DE CHIMIE DE PARIS;;FR;HES;thirdParty;97500,00
101003534;H2020;2021;999839238;TECHNICKA UNIVERZITA V KOSICIACH;TECHNICAL UNIVERSITY OF KOSICE;SK;HES;participant;69375,00
101003534;H2020;2021;999895886;UNIVERSIDAD DE ALICANTE;UNIVERSIDAD DE ALICANTE;ES;HES;participant;266250,00
101003534;H2020;2021;984556306;EUROPEAN NETWORK OF LIVING LABS IVZW;ENoLL  IVZW;BE;OTH;participant;307500,00
101003534;H2020;2021;999974359;UNIVERSITY COLLEGE DUBLIN, NATIONAL UNIVERSITY OF IRELAND, DUBLIN;NUID UCD;IE;HES;participant;656250,00
101003534;H2020;2021;984205942;NEAPOLIS;;ES;PUB;thirdParty;35000,00
101003534;H2020;2021;914495243;AJUNTAMENT DE VILANOVA I LA GELTRU;;ES;PUB;participant;194400,00
101003534;H2020;2021;988824015;INSTITUTE FOR HOUSING AND URBAN DEVELOPMENT STUDIES BV;IHS;NL;HES;participant;403750,00
101003534;H2020;2021;998841593;TERO MONOPROSOPI IKE;Tero P.C.;EL;PRC;participant;367725,00
101003534;H2020;2021;948680371;DUN LAOGHAIRE RATHDOWN COUNTY COUNCIL;DLRCOCO;IE;PUB;participant;96250,00
101003534;H2020;2021;986130034;NAIDER ANALISIS Y ACCION SOCIOECONOMICA SL;Naider;ES;PRC;participant;475324,75
101003534;H2020;2021;896758211;SLIGO COUNTY COUNCIL;;IE;PUB;participant;176875,00
101003534;H2020;2021;892013456;OARSOALDEA SA;OARSOALDEA;ES;OTH;participant;151650,00
101003534;H2020;2021;968815728;SERVEIS DE SUPORT A LA GESTIO SL;ENT;ES;PRC;participant;360125,00
101003534;H2020;2021;959132412;LABORATORIO DI MONITORAGGIO E MODELLISTICA AMBIENTALE PER LO SVILUPPO SOSTENIBILE - LAMMA;LAMMA;IT;REC;participant;542500,00
101003534;H2020;2021;911539847;ERINN INNOVATION LIMITED;ERINN INNOVATION;IE;PRC;participant;401500,00
101003534;H2020;2021;896610383;SAMSUN UNIVERSITESI;SAMSUN UNIVERSITY;TR;HES;participant;310000,00
101003534;H2020;2021;964398445;DIPUTACION PROVINCIAL DE BARCELONA;;ES;PUB;participant;94000,00
101003534;H2020;2021;954983722;IST-ID ASSOCIACAO DO INSTITUTO SUPERIOR TECNICO PARA A INVESTIGACAO E O DESENVOLVIMENTO;IST ID;PT;REC;participant;336181,25
101003534;H2020;2021;999862712;UNIVERSITA DI PISA;UNIPI;IT;HES;participant;505625,00
101003534;H2020;2021;940140394;EURONOVIA;Euronovia;FR;PRC;participant;146875,00
101003534;H2020;2021;999876001;UNIWERSYTET GDANSKI;UNIVERSITY OF GDANSK;PL;HES;participant;266250,00
101003534;H2020;2021;999979500;CONSIGLIO NAZIONALE DELLE RICERCHE;CNR;IT;REC;participant;445250,00
101003534;H2020;2021;913138019;ZNANSTVENO-RAZISKOVALNO SREDISCE KOPER;ZNANSTVENO-RAZISKOVALNO SREDISCE KOPER;SI;REC;participant;347550,00
101003534;H2020;2021;891917523;MUNICIPIO DE OEIRAS;;PT;PUB;participant;77500,00
101003534;H2020;2021;896811367;PRO GE COM SRL;PRO GE COM SRL;IT;PRC;participant;253750,00
101003534;H2020;2021;887857685;ATLANTIC TECHNOLOGICAL UNIVERSITY;OLLSCOIL TEICNEOLAIOCHTA AN ATLANTAIGH;IE;HES;coordinator;1190625,00
101003534;H2020;2021;999479659;HAUTE ECOLE SPECIALISEE DE SUISSE OCCIDENTALE;HES-SO;CH;HES;thirdParty;35000,00
101003534;H2020;2021;996755608;M.B.I. SRL;MBI;IT;PRC;participant;665000,00
101003534;H2020;2021;912907450;RED SPA;;IT;PRC;participant;410000,00
101003534;H2020;2021;999975717;UNIVERSITY COLLEGE CORK -  NATIONAL UNIVERSITY OF IRELAND, CORK;UCC;IE;HES;participant;392750,00
101003656;H2020;2021;994801543;ZALA BRIVIBA BIEDRIBA;GREEN LIBERTY;LV;OTH;participant;118875,00
101003656;H2020;2021;897175117;ASS NEGAWATT COMPAGNIE DES NEGAWATTS;NEGAWATT;FR;OTH;participant;535625,00
101003656;H2020;2021;999984059;FRAUNHOFER GESELLSCHAFT ZUR FORDERUNG DER ANGEWANDTEN FORSCHUNG EV;Fraunhofer;DE;REC;coordinator;923742,50
101003656;H2020;2021;999887253;ACCADEMIA EUROPEA DI BOLZANO;Eurac Research;IT;REC;participant;273171,25
101003656;H2020;2021;999879881;POLITECNICO DI MILANO;POLIMI;IT;HES;participant;333387,50
101003656;H2020;2021;997786039;NOTRE EUROPE - INSTITUT JACQUES DELORS;;FR;OTH;participant;452125,00
101003656;H2020;2021;999929642;WUPPERTAL INSTITUT FUR KLIMA, UMWELT, ENERGIE GGMBH;;DE;REC;participant;361883,75
101003656;H2020;2021;998781550;INTERNATIONAL NETWORK FOR SUSTAINABLE ENERGY-EUROPE FORENING;INFORSE-EUROPE;DK;OTH;participant;211275,00
101002440;H2020;2021;999845446;THE PROVOST, FELLOWS, FOUNDATION SCHOLARS & THE OTHER MEMBERS OF BOARD, OF THE COLLEGE OF THE HOLY & UNDIVIDED TRINITY OF QUEEN ELIZABETH NEAR DUBLIN;TRINITY COLLEGE DUBLIN;IE;HES;coordinator;1999941,00
101031566;H2020;2021;999874837;KARLSTADS UNIVERSITET;KU;SE;HES;coordinator;191852,16
101003799;H2020;2021;900003540;COMUNE DI ORVIETO;;IT;PUB;participant;428750,00
101003799;H2020;2021;999997736;AARHUS UNIVERSITET;AU;DK;HES;participant;336000,00
101003799;H2020;2021;895863289;SOZIALPADAGOGISCHES INSTITUT BERLINWALTER MAY STIFTUNG;STIFTUNG SPI;DE;OTH;participant;339062,50
101003799;H2020;2021;965891857;PRIMARIA SECTORULUI 2 BUCURESTI;;RO;PUB;participant;258750,00
101003799;H2020;2021;996793729;UNIVERSITATEA TEHNICA DE CONSTRUCTII BUCURESTI;UTCB TECHNICAL UNIVERSITY OF CIVIL ENGINEERING BUCHAREST;RO;HES;participant;479250,00
101003799;H2020;2021;893633841;CREATIVE CLIMATE CITIES GmbH;CREATIVE CLIMATE CITIES;DE;PRC;participant;273875,00
101003799;H2020;2021;999895692;ARISTOTELIO PANEPISTIMIO THESSALONIKIS;ARISTOTLE UNIVERSITY OF THESSALONIKI;EL;HES;participant;498750,00
101003799;H2020;2021;915633538;ECOWISE EKODENGE LIMITED;ECOWISE;UK;PRC;participant;446250,00
101003799;H2020;2021;999460356;TEKNOLOGISK INSTITUT;DANISH TECHNOLOGICAL INSTITUTE;DK;REC;participant;449812,50
101003799;H2020;2021;971672184;AYUNTAMIENTO DE CASTELLON DE LA PLANA;AJUNTAMENT DE CASTELLO;ES;PUB;participant;457281,25
101003799;H2020;2021;951468345;USE EFFICIENCY ASSOCIATION;;IT;REC;participant;889246,64
101003799;H2020;2021;893412681;INAFRIKA;;UK;PRC;participant;106750,00
101003799;H2020;2021;891622643;RESEAU TRANSITION;;BE;OTH;participant;0,00
101003799;H2020;2021;999979500;CONSIGLIO NAZIONALE DELLE RICERCHE;CNR;IT;REC;participant;554000,00
101003799;H2020;2021;895950686;EQN LIMITED;;UK;OTH;participant;309375,00
101003799;H2020;2021;896255751;AIRLY SPOLKA Z OGRANICZONA ODPOWIEDZIALNOSCIA;;PL;PRC;participant;196875,00
101003799;H2020;2021;999992692;CHARITE - UNIVERSITAETSMEDIZIN BERLIN;;DE;HES;participant;261250,00
101003799;H2020;2021;998564270;RADIO-TELEVISION BELGE DE LA COMMUNAUTE FRANCAISE;RTBF;BE;PUB;participant;428250,00
101003799;H2020;2021;991100023;HASSO-PLATTNER-INSTITUT FUR DIGITAL ENGINEERING GGMBH;HPI;DE;REC;participant;350000,00
101003799;H2020;2021;920755526;CROWDFUNDINGHUB BV;CrowdfundingHub BV;NL;PRC;participant;186375,00
101003799;H2020;2021;895846702;DE LA MATA MUNOZ ALMUDENA;;ES;PRC;participant;235812,50
101003799;H2020;2021;952740306;BIPOLAIRE ARQUITECTOS SLP;;ES;PRC;participant;431112,50
101003799;H2020;2021;999864846;UNIVERSITAT POLITECNICA DE VALENCIA;UPV;ES;HES;coordinator;1165812,50
101003799;H2020;2021;992597994;AARHUS KOMMUNE;AAKS;DK;PUB;participant;623437,50
101003799;H2020;2021;948783191;ASOCIATA ROMANA PENTRU CULTURA EDUCATIE SI NORMALITATE ARCEN;ARCEN;RO;OTH;participant;200000,00
101003799;H2020;2021;951472613;ENERGIA-DA SRL;ENERGIADA;IT;PRC;participant;15909,61
101036418;H2020;2021;999997736;AARHUS UNIVERSITET;AU;DK;HES;participant;722122,50
101036418;H2020;2021;891787931;BROCKLEHURST MARTIN;STEWART;UK;PRC;participant;152483,63
101036418;H2020;2021;998269196;UNIVERSIDADE DE EVORA;UNIVERSIDADE DE EVORA;PT;HES;participant;586062,50
101036418;H2020;2021;916108741;QUALIFYING PHOTOVOLTICS, SL;QPV;ES;PRC;participant;215775,00
101036418;H2020;2021;900578556;INSTITUTE FOR SCIENCE AND INNOVATION COMMUNICATION (INSCICO) GGMBH;;DE;REC;participant;648250,00
101036418;H2020;2021;891783954;FOREST OF DEAN DISTRICT COUNCIL;;UK;PUB;participant;304375,00
101036418;H2020;2021;999790641;CENTRE FOR SUSTAINABLE ENERGY;CSE;UK;OTH;participant;258750,00
101036418;H2020;2021;999974844;UNIVERSIDAD POLITECNICA DE MADRID;UPM;ES;HES;coordinator;1182062,50
101036418;H2020;2021;999923240;UNIVERZA V LJUBLJANI;UL;SI;HES;participant;558750,00
101036563;H2020;2021;953383125;VLAAMSE MILIEUMAATSCHAPPIJ;VMM;BE;PUB;participant;426295,00
101036563;H2020;2021;999751744;ATHENS TECHNOLOGY CENTER ANONYMI VIOMICHANIKI EMPORIKI KAI TECHNIKI ETAIREIA EFARMOGON YPSILIS TECHNOLOGIAS;ATC A.E.;EL;PRC;participant;259000,00
101036563;H2020;2021;999577144;STICHTING IMEC NEDERLAND;IMEC-NL;NL;REC;participant;463326,25
101036563;H2020;2021;894595111;REAR WINDOW;;BE;PRC;participant;200375,00
101036563;H2020;2021;917670247;SODAQ HOLDING BV;SODAQ;NL;PRC;participant;143896,90
101036563;H2020;2021;983110424;IS-PRACTICE BVBA;IS-practice;BE;PRC;participant;176750,00
101036563;H2020;2021;991350089;DIMOS ATHINAION EPICHEIRISI MICHANOGRAFISIS;DAEM MUNICIPALITY OF ATHENS INFORMATION TECHNOLOGY COMPANY;EL;PRC;participant;139343,00
101036563;H2020;2021;999984059;FRAUNHOFER GESELLSCHAFT ZUR FORDERUNG DER ANGEWANDTEN FORSCHUNG EV;Fraunhofer;DE;REC;participant;371378,00
101036563;H2020;2021;955260463;ASSOTSIATSIA ZA RAZVITIE NA SOFIA;SDA;BG;OTH;participant;177500,00
101036563;H2020;2021;998962843;21C CONSULTANCY LIMITED;21C CONSULTANCY;UK;PRC;participant;250250,00
101036563;H2020;2021;937663402;VEREIN DER EUROPAISCHEN BURGEWISSENSCHAFTEN - ECSA EV;EUROPEAN CITIZEN SCIENCE ASSOCIATION;DE;REC;participant;252750,00
101036563;H2020;2021;997807282;MOBIEL 21 VZW;M21;BE;OTH;thirdParty;52500,00
101036563;H2020;2021;999575107;VLAAMSE GEWEST;VL O;BE;PUB;coordinator;889074,85
101036563;H2020;2021;972770030;INTER 3 GMBH INSTITUT FUR RESSOURCENMANAGEMENT;inter 3 GmbH;DE;PRC;participant;269500,00
101036563;H2020;2021;999840693;PANEPISTIMIO AIGAIOU;UNIVERSITY OF THE AEGEAN;EL;HES;participant;366000,00
101036563;H2020;2021;998922976;ENERGY AGENCY OF PLOVDIV ASSOCIATION;EAP;BG;REC;participant;248250,00
101037342;H2020;2021;892328512;ZEYTINCE EKOLOJIK YASAMI DESTEKLEMEDERNEGI;;TR;OTH;participant;174450,00
101037342;H2020;2021;893434894;HOT OR COOL INSTITUTE;;DE;REC;participant;372812,50
101037342;H2020;2021;891815382;SIHTASUTUS ROHETIIGER;;EE;OTH;participant;210443,75
101037342;H2020;2021;999551148;COLLABORATING CENTRE ON SUSTAINABLE CONSUMPTION AND PRODUCTION GGMBH;CSCP;DE;REC;participant;623437,50
101037342;H2020;2021;938627679;GREENAPES SRL;greenApes;IT;PRC;participant;145425,00
101037342;H2020;2021;906912365;SUOMEN ITSENAISYYDEN JUHLARAHASTO;Finnish Innovation Fund Sitra;FI;PUB;coordinator;682000,00
101037342;H2020;2021;878948429;SOLITA OY;Solita Oy;FI;PRC;participant;247833,50
101037342;H2020;2021;907528315;SOLITA OY;;FI;PRC;participant;396247,74
101037342;H2020;2021;999562788;ATHINA-EREVNITIKO KENTRO KAINOTOMIAS STIS TECHNOLOGIES TIS PLIROFORIAS, TON EPIKOINONION KAI TIS GNOSIS;ATHENA - RESEARCH AND INNOVATION CENTER;EL;REC;participant;253881,25
101037342;H2020;2021;892052547;FONDAZIONE PER LO SVILUPPO SOSTENIBILE;SUSDEF;IT;REC;participant;269937,50
101037342;H2020;2021;999851557;MESTNA OBCINA LJUBLJANA;MUNICIPALITY OF LJUBLJANA;SI;PUB;participant;188437,50
101037342;H2020;2021;997382519;ENOSI KATANALOTON POIOTITA TIS ZOIS;CONSUMERS ASSOCIATION QUALITY OF LIVE;EL;OTH;participant;149631,26
101037342;H2020;2021;909542326;CIRCULAR CHANGE, INSTITUT ZA KROZNO GOSPODARSTVO;CIRCULAR CHANGE, INSTITUTE FOR CIRCULAR ECONOMY;SI;OTH;participant;190562,50
101037342;H2020;2021;936354387;ZERO WASTE ESTONIA SIHTASUTUS;ZWEE;EE;OTH;participant;215443,75
101037342;H2020;2021;998341364;ICLEI EUROPEAN SECRETARIAT GMBH (ICLEI EUROPASEKRETARIAT GMBH);ICLEI EURO;DE;OTH;participant;377375,00
101037342;H2020;2021;950511149;DECO -ASSOCIACAO PORTUGUESA PARA ADEFESA DO CONSUMIDOR;DECO;PT;OTH;participant;321640,00
101037342;H2020;2021;998095857;EUROHEALTHNET ASBL;EuroHealthNet;BE;REC;participant;180312,50
101037648;H2020;2021;910613594;BETTAIR CITIES SL;;ES;PRC;participant;517113,65
101037648;H2020;2021;969236417;AYUNTAMIENTO DE ZARAGOZA;;ES;PUB;participant;156489,00
101037648;H2020;2021;998802502;ETHNIKO KENTRO EREVNAS KAI TECHNOLOGIKIS ANAPTYXIS;CENTRE FOR RESEARCH AND TECHNOLOGY HELLAS CERTH;EL;REC;coordinator;586946,99
101037648;H2020;2021;999430674;STICHTING HOGESCHOOL VOOR DE KUNSTEN UTRECHT;HKU;NL;HES;participant;271068,14
101037648;H2020;2021;952530010;FUNDACION ZARAGOZA CIUDAD DE CONOCIMIENTO;FUNDACION ZARAGOZA CONOCIMIENTO;ES;REC;participant;126365,58
101037648;H2020;2021;999895692;ARISTOTELIO PANEPISTIMIO THESSALONIKIS;ARISTOTLE UNIVERSITY OF THESSALONIKI;EL;HES;participant;97492,14
101037648;H2020;2021;999902094;VRIJE UNIVERSITEIT BRUSSEL;VUB;BE;HES;participant;723965,43
101037648;H2020;2021;999654162;STIFTELSEN NILU;NILU;NO;REC;participant;295794,61
101037648;H2020;2021;952410118;FUNDACION IBERCIVIS;;ES;REC;participant;147889,00
101037648;H2020;2021;999995602;UNIVERSITA DEGLI STUDI DI PADOVA;UNIPD;IT;HES;participant;252311,86
101037648;H2020;2021;997991388;COMUNE DI ANCONA;;IT;PUB;participant;99284,86
101037648;H2020;2021;996329681;HYPERTECH (CHAIPERTEK) ANONYMOS VIOMICHANIKI EMPORIKI ETAIREIA PLIROFORIKIS KAI NEON TECHNOLOGION;HYPERTECH AE;EL;PRC;participant;396686,21
101037648;H2020;2021;943108206;MUNICIPALITY OF AMAROUSSION;Municipality of Amaroussion;EL;PUB;participant;258289,43
101037648;H2020;2021;937663402;VEREIN DER EUROPAISCHEN BURGEWISSENSCHAFTEN - ECSA EV;EUROPEAN CITIZEN SCIENCE ASSOCIATION;DE;REC;participant;225360,86
101037648;H2020;2021;999866689;UNIVERSITA POLITECNICA DELLE MARCHE;UNIVPM;IT;HES;participant;107034,86
101037648;H2020;2021;999876971;UNIVERSIDAD DE LA IGLESIA DE DEUSTO ENTIDAD RELIGIOSA;UDEUSTO;ES;HES;participant;392131,58
101037648;H2020;2021;944450589;CENTRE D'ACCOMPAGNEMENT DE PROJETS INNOVANTS ASBL;CAP INNOVE;BE;OTH;participant;195568,14
101037648;H2020;2021;949752221;LIBELIUM LAB SL;;ES;PRC;participant;150066,57
101036505;H2020;2021;941847303;TREBAG SZELLEMI TULAJDON- ES PROJEKTMENEDZSER KORLATOLT FELELOSSEGU TARSASAG;TREBAG INTELLECTUAL PROPERTY- AND PROJECT MANAGER LTD;HU;PRC;participant;92487,50
101036505;H2020;2021;994159985;MEDA RESEARCH SRL;;RO;PRC;participant;443187,50
101036505;H2020;2021;999842245;JYVASKYLAN YLIOPISTO;UNIVERSITY OFJYVASKYLAN;FI;HES;participant;936850,00
101036505;H2020;2021;999614877;CENTRO DE INVESTIGACIONES ENERGETICAS MEDIOAMBIENTALES Y TECNOLOGICAS;CIEMAT;ES;REC;coordinator;690420,00
101036505;H2020;2021;958894277;SMARTWATT - ENERGY SERVICES SA;Smartwatt;PT;PRC;participant;89414,40
101036505;H2020;2021;881359073;ENLITIA SA;Enlitia;PT;PRC;participant;205023,10
101036505;H2020;2021;901398691;QUE TECHNOLOGIES KEFALAIOUCHIKI ETAIREIA;QUE;EL;PRC;participant;304675,00
101036505;H2020;2021;999488680;INSTITUTO DE SOLDADURA E QUALIDADE;WELDING AND QUALITY INSTITUTE INSTITUT DU SOUDAGE ET QUALITE-ISQ;PT;REC;participant;389375,00
101036505;H2020;2021;999986484;UNIVERSITAT AUTONOMA DE BARCELONA;UAB;ES;HES;participant;486770,00
101036505;H2020;2021;999992983;INSTITUTO SUPERIOR TECNICO;IST;PT;HES;participant;796007,50
101036505;H2020;2021;999862518;UNIVERSIDAD DE SEVILLA;USE;ES;HES;participant;462500,00
101035813;H2020;2021;999659691;POLITECHNIKA POZNANSKA;POZNAN UNIVERSITY OF TECHNOLOGY PUT;PL;HES;coordinator;282000,00
101035813;H2020;2021;999847289;VAASAN YLIOPISTO;;FI;HES;participant;288625,00
101035813;H2020;2021;999874061;UNIVERSITA DEGLI STUDI DI CATANIA;UNICT;IT;HES;participant;283000,00
101035813;H2020;2021;999884537;UNIVERSITE POLYTECHNIQUE HAUTS-DE-FRANCE;UPFH;FR;HES;participant;287000,00
101035813;H2020;2021;990884004;UNIVERSITE DE MONS;UMONS;BE;HES;participant;285625,00
101035813;H2020;2021;999880075;UNIVERSIDAD DE CANTABRIA;;ES;HES;participant;280750,00
101035813;H2020;2021;937759529;BRANDENBURGISCHE TECHNISCHE UNIVERSITAT COTTBUS-SENFTENBERG;BTU CS;DE;HES;participant;290875,00
101037643;H2020;2022;998572903;INSTITUTUL NATIONAL DE CERCETARE-DEZVOLTARE MARINA GRIGORE ANTIPA;INCDM - NIMRD;RO;REC;participant;174375,00
101037643;H2020;2022;997819989;STICHTING BREDA UNIVERSITY OF APPLIED SCIENCES;Breda University of Applied Sciences;NL;HES;participant;521250,00
101037643;H2020;2022;987598032;BLUE LOBSTER IT LIMITED;BLIT;UK;PRC;participant;562625,00
101037643;H2020;2022;931637762;ASSOCIATION  EUROPEENNE EURISY;EURISY;FR;OTH;participant;144687,50
101037643;H2020;2022;907460415;SINTEF NORD AS;;NO;REC;thirdParty;62500,00
101037643;H2020;2022;920842438;RAMANI B.V.;Ramani;NL;PRC;participant;438292,75
101037643;H2020;2022;999897826;UNIVERSITY OF HAIFA;UH;IL;HES;participant;562500,00
101037643;H2020;2022;972294439;METEOROLOGICAL AND ENVIRONMENTAL EARTH OBSERVATION SRL;MEEO;IT;PRC;participant;208687,50
101037643;H2020;2022;999623219;DEIMOS ENGENHARIA SA;;PT;PRC;thirdParty;20081,25
101037643;H2020;2022;999895692;ARISTOTELIO PANEPISTIMIO THESSALONIKIS;ARISTOTLE UNIVERSITY OF THESSALONIKI;EL;HES;participant;194000,00
101037643;H2020;2022;997806603;SINTEF OCEAN AS;SO;NO;REC;participant;431250,00
101037643;H2020;2022;999984059;FRAUNHOFER GESELLSCHAFT ZUR FORDERUNG DER ANGEWANDTEN FORSCHUNG EV;Fraunhofer;DE;REC;participant;365000,00
101037643;H2020;2022;998055505;IEEE FRANCE SECTION;IEEE;FR;OTH;participant;267500,00
101037643;H2020;2022;974644458;CONSORCIO PARA EL DISENO, CONSTRUCCION, EQUIPAMIENTO Y EXPLOTACION DE LA PLATAFORMA OCEANICA DE CANARIAS;PLOCAN;ES;PUB;participant;107500,00
101037643;H2020;2022;999992401;COMMISSARIAT A L ENERGIE ATOMIQUE ET AUX ENERGIES ALTERNATIVES;CEA;FR;REC;participant;310000,00
101037643;H2020;2022;999875516;TECHNICAL UNIVERSITY OF VARNA;TUV VARNA;BG;HES;participant;411500,00
101037643;H2020;2022;999513706;INESC TEC - INSTITUTO DE ENGENHARIADE SISTEMAS E COMPUTADORES, TECNOLOGIA E CIENCIA;INESC TEC;PT;REC;participant;663750,00
101037643;H2020;2022;921117433;AGIR Association de Gestion Intégrée des Ressources;AGIR;MA;OTH;participant;250583,94
101037643;H2020;2022;998284813;NATIONAL INSTITUTE OF METEOROLOGY AND HYDROLOGY;NIMH;BG;REC;participant;0,00
101037643;H2020;2022;966982428;ASSOCIAZIONE MEDITERRANEA ACQUACOLTORI;AMA;IT;REC;participant;175000,00
101037643;H2020;2022;891861166;SEA GUST;SEA GUST;TN;PRC;participant;107916,07
101037643;H2020;2022;999702468;NETCOMPANY SA;INTRASOFT;BE;PRC;coordinator;240625,00
101037643;H2020;2022;999995893;IDRYMA TECHNOLOGIAS KAI EREVNAS;FOUNDATION FOR RESEARCH AND TECHNOLOGYHELLAS;EL;REC;participant;401250,00
101037643;H2020;2022;950732406;INTERTEAM LTD;;IL;PRC;thirdParty;49875,00
101037643;H2020;2022;998516061;AGORA P.S.V.D.;AGORA;IL;PRC;participant;320250,00
101037643;H2020;2022;920168870;GENILLARD & CO GMBH;;DE;PRC;participant;92750,00
101037643;H2020;2022;952545239;DEIMOS ENGINEERING AND SYSTEMS SLU;;ES;PRC;thirdParty;18900,00
101037643;H2020;2022;946327054;DARZHAVNO PREDPRIYATIE PRISTANISHTNA INFRASTRUKTURA;BULGARIAN PORTS INFRASTRUCTURE COMPANY;BG;OTH;participant;177500,00
101037643;H2020;2022;999586359;INSTYTUT CHEMII BIOORGANICZNEJ POLSKIEJ AKADEMII NAUK;;PL;REC;participant;329000,00
101037643;H2020;2022;999659109;DIMOKRITIO PANEPISTIMIO THRAKIS;DEMOCRITUS UNIVERSITY OF THRACE (DUTH);EL;HES;participant;423750,00
101037643;H2020;2022;910945140;SINTEF AS;SINTEF;NO;REC;participant;598625,00
101037643;H2020;2022;929081133;CONSERVATION EDUCATION AND RESEARCH TRUST;Earthwatch;UK;REC;participant;235000,00
101037643;H2020;2022;998175591;EIGEN VERMOGEN VAN HET INSTITUUT VOOR LANDBOUW- EN VISSERIJONDERZOEK;EV ILVO;BE;REC;participant;563750,00
101037643;H2020;2022;999596835;HIDROMOD MODELACAO EM ENGENHARIA LDA;HIDROMOD LDA;PT;PRC;participant;214812,50
101037643;H2020;2022;999543485;WAVEC/OFFSHORE RENEWABLES - CENTRO DE ENERGIA OFFSHORE ASSOCIACAO;;PT;REC;participant;353125,00
101037643;H2020;2022;997701552;TERRASIGNA SRL;;RO;PRC;participant;189000,00
101037643;H2020;2022;974250444;FUNDACION CENTRO TECNOLOGICO ACUICULTURA DE ANDALUCIA;CTAQUA;ES;REC;participant;143875,00
101037643;H2020;2022;998880005;CENTRO DE INVESTIGACION ECOLOGICA Y APLICACIONES FORESTALES;CREAF - CERCA;ES;REC;participant;48250,00
101037643;H2020;2022;998709188;FUNDACION DE LA COMUNIDAD VALENCIANA PARA LA INVESTIGACION, PROMOCION Y ESTUDIOS COMERCIALES DE VALENCIAPORT;FV;ES;REC;participant;221250,00
101037643;H2020;2022;985620396;AMERICAN UNIVERSITY OF ARMENIA FOUNDATION;AUAF;AM;HES;participant;406250,00
101037643;H2020;2022;933533918;ALSEAMAR;ALSEAMAR;FR;PRC;participant;270550,00
101037643;H2020;2022;907702236;ALPHA UNMANNED SYSTEMS SL;;ES;PRC;participant;193375,00
101037643;H2020;2022;915036503;STICHTING DOTSPACE;;NL;OTH;participant;212875,00
101037643;H2020;2022;917186508;ECO WAVE POWER LTD;AWP;IL;PRC;participant;178500,00
101037643;H2020;2022;999732829;TERRADUE SRL;TERRADUE;IT;PRC;participant;159425,00
101037643;H2020;2022;998886116;ACONDICIONAMIENTO TARRASENSE ASSOCIACION;LEITAT;ES;REC;participant;361250,00
101037643;H2020;2022;999907720;TECHNION - ISRAEL INSTITUTE OF TECHNOLOGY;;IL;HES;participant;372343,75
101037643;H2020;2022;999986484;UNIVERSITAT AUTONOMA DE BARCELONA;UAB;ES;HES;participant;203500,00
101037643;H2020;2022;973040272;REGIONAL ACTIVITY CENTRE FOR SPECIALLY PROTECTED AREAS;CENTRE D'ACTIVITES REGIONALES POUR LES AIRES SPECIALEMENT PROTEGEES (CAR/ASP);TN;PUB;participant;234750,00
101037643;H2020;2022;999751938;THALES;THALES;FR;PRC;participant;350083,13
101037643;H2020;2022;891827410;DOCKTECH LTD;;IL;PRC;participant;225750,00
101037643;H2020;2022;999702371;NETCOMPANY S.A.;;LU;PRC;thirdParty;257833,93
101037643;H2020;2022;999977851;NORGES TEKNISK-NATURVITENSKAPELIGE UNIVERSITET NTNU;NTNU;NO;HES;participant;252500,00
101037643;H2020;2022;999975717;UNIVERSITY COLLEGE CORK -  NATIONAL UNIVERSITY OF IRELAND, CORK;UCC;IE;HES;participant;507500,00
101037643;H2020;2022;999842536;TALLINNA TEHNIKAÜLIKOOL;TALLINN UNIVERSITY OF TECHNOLOGY;EE;HES;participant;476250,00
101037643;H2020;2022;999974941;THE UNIVERSITY OF EDINBURGH;UEDIN;UK;HES;participant;392097,50
101037643;H2020;2022;999987745;UNIVERSITA DEGLI STUDI DI ROMA LA SAPIENZA;UNIROMA1;IT;HES;participant;390000,00
101037643;H2020;2022;986900020;BYE BENTE;LILJA;NO;PRC;participant;261625,00
101037643;H2020;2022;891653295;STIFTELSEN HUB OCEAN;Stiftelsen HUB Ocean;NO;OTH;participant;337541,06
101037643;H2020;2022;899555206;OPEN GEOSPATIAL CONSORTIUM EUROPE;OPEN GEOSPATIAL CONSORTIUM EUROPE;BE;OTH;participant;305000,00
101037643;H2020;2022;999619824;DEIMOS SPACE SOCIEDAD LIMITADA UNIPERSONAL;DEIMOS;ES;PRC;participant;96643,75
283783;FP7;2011;;UNIVERSIDAD DE MALAGA;UMA;ES;;participant;0,00
283783;FP7;2011;;FYZIKALNI USTAV AV CR V.V.I;IP-ASCR;CZ;;participant;0,00
283783;FP7;2011;;THE CHANCELLOR, MASTERS AND SCHOLARS OF THE UNIVERSITY OF OXFORD;UOXF;UK;;participant;0,00
283783;FP7;2011;;ASTRONOMICKY USTAV AVCR VVI;AUAV;CZ;;participant;0,00
283783;FP7;2011;;UNIVERSIDAD POLITECNICA DE MADRID;UPM;ES;;coordinator;0,00
283783;FP7;2011;;INSTITUTION OF THE RUSSIAN ACADEMYOF SCIENCES THE SPECIAL ASTROPHYSICAL OBSERVATORY OF RAS;SAO;RU;;participant;0,00
283783;FP7;2011;;CESKE VYSOKE UCENI TECHNICKE V PRAZE;CVUT;CZ;;participant;0,00
283783;FP7;2011;;INSTITUTO DE ASTROFISICA DE CANARIAS;IAC;ES;;participant;0,00
283783;FP7;2011;;ISTITUTO NAZIONALE DI ASTROFISICA;INAF;IT;;participant;0,00
283783;FP7;2011;;INSTITUTO NACIONAL DE TECNICA AEROESPACIAL;INTA;ES;;participant;0,00
283783;FP7;2011;;UNIVERSITY COLLEGE DUBLIN, NATIONAL UNIVERSITY OF IRELAND, DUBLIN;UCDNUID;IE;;participant;0,00
283783;FP7;2011;;UNIVERSIDAD DE CHILE;UC;CL;;participant;0,00
283783;FP7;2011;;AGENCIA ESTATAL CONSEJO SUPERIOR DE INVESTIGACIONES CIENTIFICAS;CSIC;ES;;participant;0,00
283783;FP7;2011;;UNIWERSYTET WARSZAWSKI;UNIWARSAW;PL;;participant;0,00
327940;FP7;2014;999991043;KOBENHAVNS UNIVERSITET;UCPH;DK;HES;coordinator;221154,60
312902;FP7;2012;999898214;UNIVERSIDAD DE ZARAGOZA;UNIVERSIDAD DE ZARAGOZA;ES;HES;coordinator;173394,00
312902;FP7;2012;997826391;UNIVERSIDADE DE COIMBRA;UNIVERSIDADE DE COIMBRA;PT;HES;participant;165005,00
312902;FP7;2012;940719872;ZENTRUM FUR SOZIALE INNOVATION GMBH;Zentrum fuer Soziale Innovation GmbH;AT;REC;participant;0,00
312902;FP7;2012;998075584;UNIVERSIDADE FEDERAL DE CAMPINA GRANDE;UFCG;BR;HES;participant;97370,00
312902;FP7;2012;986502126;FUNDACAO MUSEU DA CIENCIA;FMC-UC;PT;OTH;participant;21175,00
312902;FP7;2012;999624286;ZENTRUM FUER SOZIALE INNOVATION;ZSI;AT;REC;participant;159965,00
312902;FP7;2012;957254201;ASOCIACION CLUSTER DE EMPRESAS DE TECNOLOGIAS DE LA INFORMACION ELECTRONICA Y TELECOMUNICACIONES DE ARAGON;TECN;ES;OTH;participant;93090,00
317705;FP7;2012;999993468;IMPERIAL COLLEGE OF SCIENCE TECHNOLOGY AND MEDICINE;;UK;HES;participant;619162,00
317705;FP7;2012;999974650;UNIVERSITE DE GENEVE;UNIGE;CH;HES;participant;522500,00
317705;FP7;2012;999988133;ORGANISATION EUROPEENNE POUR LA RECHERCHE NUCLEAIRE;EUROPEAN ORGANIZATION FOR NUCLEAR RESEARCH;CH;REC;participant;309040,00
317705;FP7;2012;955052204;GOLD MOBILE INNOVATION LTD;TMC;UK;PRC;participant;302590,00
317705;FP7;2012;888898146;UNIVERSITY COLLEGE LONDON;;;HES;participant;600615,00
317705;FP7;2012;997721825;UNITED NATIONS INSTITUTE FOR TRAINING AND RESEARCH;UNITAR;CH;REC;participant;307080,00
317705;FP7;2012;999869793;Université Paris Descartes;UPD;FR;HES;coordinator;739013,00
