id;programa;acronimo;titulo;subprograma;subprograma_nombre;familia;tipo_accion;coordinador;coordinador_pais;entidades_pais_foco;estado;inicio;fin;anio_inicio;aportacion_ue_eur;coste_total_eur
101057332;HORIZON;4D PICTURE;Design-based Data-Driven Decision-support Tools: Producing Improved Cancer Outcomes Through User-Centred Research;HORIZON.2.1;Health;Health;HORIZON-RIA;ERASMUS UNIVERSITAIR MEDISCH CENTRUM ROTTERDAM;NL;FRACTAL STRATEGY SOCIEDAD LIMITADA | UNIVERSIDAD DE ZARAGOZA | FUNDACION INSTITUTO DE INVESTIGACION SANITARIA ARAGON;SIGNED;2022-10-01;2027-09-30;2022;9033750,00;9033750,00
101057554;HORIZON;IDAlert;Infectious Disease decision-support tools and Alert systems to build climate Resilience to emerging health Threats;HORIZON.2.1;Health;Health;HORIZON-RIA;UMEA UNIVERSITET;SE;UNIVERSIDAD POMPEU FABRA | AGENCIA ESTATAL CONSEJO SUPERIOR DE INVESTIGACIONES CIENTIFICAS | IRIDEON SL | UNIVERSITAT AUTONOMA DE BARCELONA | Agencia de Salut Publica de Barcelona | BARCELONA SUPERCOMPUTING CENTER CENTRO NACIONAL DE SUPERCOMPUTACION;SIGNED;2022-06-01;2027-05-31;2022;9188294,00;9188298,75
101059737;HORIZON;LiS-Dig;Life is Science in a Digital World;HORIZON.1.2;Marie Skłodowska-Curie Actions (MSCA);Marie Skłodowska-Curie Actions;HORIZON-CSA;ACIB GMBH;AT;;CLOSED;2022-04-01;2024-03-31;2022;274862,00;0,00
101061001;HORIZON;AD4GD;All Data 4 Green Deal - An Integrated, FAIR Approach for the Common European Data Space;HORIZON.2.6;Food, Bioeconomy Natural Resources, Agriculture and Environment;Food, Bioeconomy Natural Resources, Agriculture and Environment;HORIZON-IA;CENTRO DE INVESTIGACION ECOLOGICA Y APLICACIONES FORESTALES;ES;ATOS SPAIN SA | CENTRO DE INVESTIGACION ECOLOGICA Y APLICACIONES FORESTALES | ATOS IT SOLUTIONS AND SERVICES IBERIA SL;SIGNED;2022-09-01;2025-08-31;2022;4136964,75;4364196,25
101061179;HORIZON;SCIENCE GTS;Science Goes To School;HORIZON.1.2;Marie Skłodowska-Curie Actions (MSCA);Marie Skłodowska-Curie Actions;HORIZON-CSA;ATAMA ESTRATEGIA RESPONSABLE SL;ES;UNIVERSIDAD DE ALICANTE | UNIVERSITAT JAUME I DE CASTELLON | UNIVERSIDAD POLITECNICA DE CARTAGENA | UNIVERSITAT DE VALENCIA | FUNDACION DE LA COMUNITAT VALENCIANA PARA LA GESTION DEL INSTITUTO DEINVESTIGACION SANITARIA Y BIOMEDICADE ALICANTE | UNIVERSIDAD DE MURCIA | ATAMA ESTRATEGIA RESPONSABLE SL | UNIVERSITAT POLITECNICA DE VALENCIA | UNIVERSIDAD MIGUEL HERNANDEZ DE ELCHE | FUNDACIÓN SÉNECA-AGENCIA DE CIENCIA Y TECNOLOGÍA DE LA REGIÓN DE MURCIA;CLOSED;2022-03-01;2023-12-31;2022;296157,46;0,00
101061464;HORIZON;FF2022_23;European Researchers' Night in Sweden 2022_2023: ForskarFredag 2022_2023;HORIZON.1.2;Marie Skłodowska-Curie Actions (MSCA);Marie Skłodowska-Curie Actions;HORIZON-CSA;VETENSKAP & ALLMANHET, VA;SE;;CLOSED;2022-04-01;2024-03-31;2022;300000,00;0,00
101061558;HORIZON;exploREsearch;Explore Research from East to West in Austria;HORIZON.1.2;Marie Skłodowska-Curie Actions (MSCA);Marie Skłodowska-Curie Actions;HORIZON-CSA;BEE PRODUCED GMBH;AT;;CLOSED;2022-02-01;2023-12-31;2022;253000,00;0,00
101056883;HORIZON;INCHILDHEALTH;IDENTIFYING DETERMINANTS FOR INDOOR AIR QUALITY AND THEIR HEALTH IMPACT IN ENVIRONMENTS FOR CHILDREN: MEASURES TO IMPROVE INDOOR AIR QUALITY AND REDUCE DISEASE BURDENS.;HORIZON.2.1;Health;Health;HORIZON-RIA;AALTO KORKEAKOULUSAATIO SR;FI;SENSING SOLUTIONS SL | FUNDACION PRIVADA INSTITUTO DE SALUD GLOBAL BARCELONA | AGENCIA ESTATAL CONSEJO SUPERIOR DE INVESTIGACIONES CIENTIFICAS;SIGNED;2022-09-01;2026-08-31;2022;7368144,00;7382288,50
101061610;HORIZON;U-Night;U*Night - The UNITA Researchers' Night;HORIZON.1.2;Marie Skłodowska-Curie Actions (MSCA);Marie Skłodowska-Curie Actions;HORIZON-CSA;UNIVERSITA DEGLI STUDI DI TORINO;IT;UNIVERSIDAD DE ZARAGOZA;CLOSED;2022-03-01;2024-02-29;2022;395000,00;0,00
101070524;HORIZON;RECLAIM;AI-powered Robotic Material Recovery in a Box;HORIZON.2.4;Digital, Industry and Space;Digital, Industry and Space;HORIZON-IA;IDRYMA TECHNOLOGIAS KAI EREVNAS;EL;AIMPLAS - ASOCIACION DE INVESTIGACION DE MATERIALES PLASTICOS Y CONEXAS | IRIS TECHNOLOGY SOLUTIONS, SOCIEDAD LIMITADA;CLOSED;2022-09-01;2025-08-31;2022;2934800,00;3278725,00
101059954;HORIZON;FOSTER;Fostering food system transformation by integrating heterogeneous perspectives in knowledge and innovation within the ERA;HORIZON.2.6;Food, Bioeconomy Natural Resources, Agriculture and Environment;Food, Bioeconomy Natural Resources, Agriculture and Environment;HORIZON-RIA;DIL DEUTSCHES INSTITUT FUR LEBENSMITTELTECHNIK EV;DE;FUNDACIO PRIVADA INSTITUT DE RECERCA SOBRE IMMUNOPATOLOGIES-CAIXA, IRSICAIXA | INSTITUT DE RECERCA I TECNOLOGIA AGROALIMENTARIES | INSTITUT D'ARQUITECTURA AVANCADA DE CATALUNYA;SIGNED;2022-09-01;2026-08-31;2022;5063631,25;5063631,25
101073543;HORIZON;AntCom;From antiquity to community: rethinking classical heritage through citizen humanities;HORIZON.1.2;Marie Skłodowska-Curie Actions (MSCA);Marie Skłodowska-Curie Actions;HORIZON-TMA-MSCA-DN;SYDDANSK UNIVERSITET;DK;AYUNTAMIENTO A GUARDA | AYUNATMIENTO DE A CORUNA | Noveolas Producciones S. L. | UNIVERSIDAD DE SANTIAGO DE COMPOSTELA | Consorcio de Turismo y Congresos de A Coruña | ALLARIZ;SIGNED;2023-01-01;2027-03-31;2023;2699028,00;0,00
101079466;HORIZON;EUROPAST;FACING THE PAST. PUBLIC HISTORY FOR STRONGER EUROPE;HORIZON.4.1;Widening participation and spreading excellence;Widening participation and spreading excellence;HORIZON-CSA;VILNIAUS UNIVERSITETAS;LT;;SIGNED;2022-12-01;2025-11-30;2022;1174142,50;1174142,50
101088822;HORIZON;PlasticPiratesEU;UPSCALING THE PLASTIC PIRATES CITIZEN SCIENCE INITIATIVE;HORIZON.2.6;Food, Bioeconomy Natural Resources, Agriculture and Environment;Food, Bioeconomy Natural Resources, Agriculture and Environment;HORIZON-CSA;DEUTSCHES ZENTRUM FUR LUFT - UND RAUMFAHRT EV;DE;;SIGNED;2022-06-01;2025-05-31;2022;1999775,00;1999775,00
101063173;HORIZON;PEP-4-QPE;Co-creating a preparatory policy engagement programme for quality physical education;HORIZON.1.2;Marie Skłodowska-Curie Actions (MSCA);Marie Skłodowska-Curie Actions;HORIZON-TMA-MSCA-PF-EF;UNIVERSITY OF LIMERICK;IE;;CLOSED;2023-01-01;2024-12-31;2023;215534,40;0,00
101060639;HORIZON;MAMBO;Modern Approaches to the Monitoring of BiOdiversity;HORIZON.2.6;Food, Bioeconomy Natural Resources, Agriculture and Environment;Food, Bioeconomy Natural Resources, Agriculture and Environment;HORIZON-RIA;AARHUS UNIVERSITET;DK;;SIGNED;2022-09-01;2026-08-31;2022;3703783,00;3703783,75
101061450;HORIZON;PatchWORK;A PATCH OF LAND: RE-CONSIDERING WORK AS A LIFE-SUSTAINING PRACTICE IN THE POST-SOCIALIST SEMI-PERIPHERY THROUGH INTERGENERATIONAL CHILDHOOD MEMORIES;HORIZON.1.2;Marie Skłodowska-Curie Actions (MSCA);Marie Skłodowska-Curie Actions;HORIZON-TMA-MSCA-PF-EF;TAMPEREEN KORKEAKOULUSAATIO SR;FI;;SIGNED;2022-09-05;2025-03-04;2022;269418,00;0,00
101073292;HORIZON;GEM-DIAMOND;Globalisation, Europe and Multilateralism : Democratic Institutions, the rise of Alternative MOdels and mounting Normative Dissensus;HORIZON.1.2;Marie Skłodowska-Curie Actions (MSCA);Marie Skłodowska-Curie Actions;HORIZON-TMA-MSCA-DN-JD;UNIVERSITE LIBRE DE BRUXELLES;BE;;SIGNED;2022-10-01;2026-09-30;2022;3993645,60;0,00
101060423;HORIZON;LAMASUS;LAnd use and MAnagement modelling for SUStainable governance;HORIZON.2.6;Food, Bioeconomy Natural Resources, Agriculture and Environment;Food, Bioeconomy Natural Resources, Agriculture and Environment;HORIZON-RIA;INTERNATIONALES INSTITUT FUER ANGEWANDTE SYSTEMANALYSE;AT;UNIVERSITAT DE VALENCIA;SIGNED;2022-09-01;2026-11-30;2022;4995355,83;5216588,58
101059915;HORIZON;BIOcean5D;MARINE BIODIVERSITY ASSESSMENT AND PREDICTION ACROSS SPATIAL, TEMPORAL AND HUMAN SCALES;HORIZON.2.6;Food, Bioeconomy Natural Resources, Agriculture and Environment;Food, Bioeconomy Natural Resources, Agriculture and Environment;HORIZON-RIA;EUROPEAN MOLECULAR BIOLOGY LABORATORY;DE;AGENCIA ESTATAL CONSEJO SUPERIOR DE INVESTIGACIONES CIENTIFICAS | FUNDACION AZTI - AZTI FUNDAZIOA;SIGNED;2022-12-01;2027-04-30;2022;15449902,50;15449903,00
101058509;HORIZON;ECS;European Citizen Science;HORIZON.4.2;Reforming and enhancing the European R&I System;Reforming and enhancing the European R&I System;HORIZON-CSA;VEREIN DER EUROPAISCHEN BURGEWISSENSCHAFTEN - ECSA EV;DE;FUNDACION IBERCIVIS | AGENCIA ESTATAL CONSEJO SUPERIOR DE INVESTIGACIONES CIENTIFICAS | SCIENCE FOR CHANGE, SL;SIGNED;2022-08-01;2026-07-31;2022;3999043,00;3999043,75
101057216;HORIZON;ETAIN;Exposure To electromAgnetic fIelds and plaNetary health;HORIZON.2.1;Health;Health;HORIZON-RIA;UNIVERSITEIT UTRECHT;NL;IDEAS 3493 SL;SIGNED;2022-06-01;2027-05-31;2022;6635053,00;6635053,75
101056848;HORIZON;WET HORIZONS;WET HORIZONS - upgrading knowledge and solutions to fast-track wetland restoration across Europe;HORIZON.2.5;Climate, Energy and Mobility;Climate, Energy and Mobility;HORIZON-RIA;AARHUS UNIVERSITET;DK;;SIGNED;2022-09-01;2026-08-31;2022;5561610,75;5561610,75
101058677;HORIZON;Impetus;Impetus;HORIZON.4.2;Reforming and enhancing the European R&I System;Reforming and enhancing the European R&I System;HORIZON-CSA;ZABALA INNOVATION CONSULTING SA;ES;ZABALA INNOVATION CONSULTING SA | SCIENCE FOR CHANGE, SL;SIGNED;2022-07-01;2026-06-30;2022;4113312,00;4113312,50
101060917;HORIZON;SESAM2030;SESAM2030 - science, citizens, schools and a hungry planet;HORIZON.1.2;Marie Skłodowska-Curie Actions (MSCA);Marie Skłodowska-Curie Actions;HORIZON-CSA;KOBENHAVNS UNIVERSITET;DK;;CLOSED;2022-07-01;2024-06-30;2022;299722,00;0,00
101079902;HORIZON;ProLight;Progressive lighthouse districts serving as green district Gate towards Leadership in Sustainability;HORIZON.2.4;Digital, Industry and Space;Digital, Industry and Space;HORIZON-IA;FACHHOCHSCHULE TECHNIKUM WIEN;AT;ASOCIACION DE INDUSTRIAS DE CONOCIMIENTO Y TECNOLOGIA - GAIA - EUSKALHERRIKO EZAGUTZA ETA TEKNOLOGIA INDUSTRIEN ELKARTEA | GERNIKA-LUMOKO KULTUR ETXEA;SIGNED;2022-10-01;2026-09-30;2022;2667457,25;2896695,28
101079156;HORIZON;NEXUS-MONARC;CAPACITY BUILDING NEXUS FOR MONITORING WATER QUALITY IN MULTI-STRESSOR AREAS: PILOT STUDY AT THE HELLENIC VOLCANIC ARC;HORIZON.4.1;Widening participation and spreading excellence;Widening participation and spreading excellence;HORIZON-CSA;ETHNIKO KAI KAPODISTRIAKO PANEPISTIMIO ATHINON;EL;;SIGNED;2023-01-01;2025-12-31;2023;1499750,00;1499750,00
101079929;HORIZON;CULTUURCAMPUS;Cultuurcampus: a sustainable hub of arts, research, learning and community as catalyst;HORIZON.2.2;Culture, creativity and inclusive society;Culture, creativity and inclusive society;HORIZON-CSA;ERASMUS UNIVERSITEIT ROTTERDAM;NL;;SIGNED;2022-10-01;2026-06-30;2022;4999216,00;4999216,29
101081642;HORIZON;OBAMA-NEXT;OBSERVING AND MAPPING MARINE ECOSYSTEMS – NEXT GENERATION TOOLS;HORIZON.2.6;Food, Bioeconomy Natural Resources, Agriculture and Environment;Food, Bioeconomy Natural Resources, Agriculture and Environment;HORIZON-RIA;AARHUS UNIVERSITET;DK;AGENCIA ESTATAL CONSEJO SUPERIOR DE INVESTIGACIONES CIENTIFICAS | FUNDACION AZTI - AZTI FUNDAZIOA;SIGNED;2022-12-01;2026-11-30;2022;8612068,50;8612070,50
101081903;HORIZON;TETTRIs;Transforming European Taxonomy through Training, Research, and Innovations;HORIZON.2.6;Food, Bioeconomy Natural Resources, Agriculture and Environment;Food, Bioeconomy Natural Resources, Agriculture and Environment;HORIZON-IA;INSTITUT ROYAL DES SCIENCES NATURELLES DE BELGIQUE;BE;;SIGNED;2022-12-01;2026-05-31;2022;5987337,00;5987337,25
101086320;HORIZON;CLEVERFOOD;Connected Labs for Empowering Versatile Engagement in Radical Food system transformation;HORIZON.2.6;Food, Bioeconomy Natural Resources, Agriculture and Environment;Food, Bioeconomy Natural Resources, Agriculture and Environment;HORIZON-CSA;KOBENHAVNS UNIVERSITET;DK;FUNDACIO PRIVADA INSTITUT DE RECERCA SOBRE IMMUNOPATOLOGIES-CAIXA, IRSICAIXA;SIGNED;2023-01-01;2026-12-31;2023;7999981,00;7999981,25
101091010;HORIZON;BENCHMARKS;Building a European Network for the Characterisation and Harmonisation of Monitoring Approaches for Research and Knowledge on Soils;HORIZON.2.2;Culture, creativity and inclusive society;Culture, creativity and inclusive society;HORIZON-RIA;WAGENINGEN UNIVERSITY;NL;FUNDACIO PRIVADA ERSILIA | FUNDACION REGENERATION ACADEMY | AGENCIA ESTATAL CONSEJO SUPERIOR DE INVESTIGACIONES CIENTIFICAS;SIGNED;2023-01-01;2027-12-31;2023;11502963,25;11610406,26
101094041;HORIZON;OTTERS;Social Transformation for Water Stewardship through Scaling Up Citizen Science;HORIZON.2.2;Culture, creativity and inclusive society;Culture, creativity and inclusive society;HORIZON-CSA;AMERICAN UNIVERSITY OF ARMENIA FOUNDATION;AM;;CLOSED;2023-01-01;2025-06-30;2023;925625,00;925625,00
101093985;HORIZON;DANUBE4all;RESTORATION OF THE DANUBE RIVER BASIN WATERS FOR ECOSYSTEMS AND PEOPLE FROM MOUNTAINS TO COAST;HORIZON.2.2;Culture, creativity and inclusive society;Culture, creativity and inclusive society;HORIZON-IA;UNIVERSITAET FUER BODENKULTUR WIEN;AT;;SIGNED;2023-01-01;2027-12-31;2023;7968216,13;8422267,50
101094021;HORIZON;CLIMAS;CLIMAte change citizens engagement toolbox for dealing with Societal resilience;HORIZON.2.2;Culture, creativity and inclusive society;Culture, creativity and inclusive society;HORIZON-RIA;VILNIAUS GEDIMINO TECHNIKOS UNIVERSITETAS;LT;FUNDACIO EURECAT | CAMBIAMO SOCIEDAD COOPERATIVA MADRILENA | DEPARTAMENT DE LA PRESIDENCIA - GENERALITAT DE CATALUNYA | ASOCIACION PARA EL DESARROLLO DE LADEMOCRACIA DELIBERATIVA Y PARTICIPATIVA;SIGNED;2023-01-01;2025-12-31;2023;2817902,50;2817902,50
101095186;HORIZON;B-SHAPES;Borders shaping perceptions of European societies;HORIZON.2.2;Culture, creativity and inclusive society;Culture, creativity and inclusive society;HORIZON-RIA;SYDDANSK UNIVERSITET;DK;;SIGNED;2023-04-01;2026-03-31;2023;2645732,50;2645732,50
101094665;HORIZON;SOLARIS;Strengthening demOcratic engagement through vaLue-bAsed geneRative adversarIal networkS;HORIZON.2.2;Culture, creativity and inclusive society;Culture, creativity and inclusive society;HORIZON-RIA;UNIVERSITEIT UTRECHT;NL;UNIVERSIDAD CARLOS III DE MADRID;SIGNED;2023-02-01;2026-01-31;2023;2761250,00;2761250,01
101094766;HORIZON;GREAT;Games Realising Effective and Affective Transformation (societal and cultural domains);HORIZON.2.2;Culture, creativity and inclusive society;Culture, creativity and inclusive society;HORIZON-RIA;DIPF LEIBNIZ-INSTITUT FÜR BILDUNGSFORSCHUNG UND BILDUNGSINFORMATION;DE;UNIVERSIDAD INTERNACIONAL DE LA RIOJA SA;CLOSED;2023-02-01;2026-01-31;2023;1743947,50;1743947,50
101094073;HORIZON;BlueMissionMed;BlueMissionMed - Supporting the Mediterranean Sea Basin for the implementation of the EU Mission Restore Our Ocean and Waters;HORIZON.2.2;Culture, creativity and inclusive society;Culture, creativity and inclusive society;HORIZON-CSA;CONSIGLIO NAZIONALE DELLE RICERCHE;IT;AGENCIA ESTATAL CONSEJO SUPERIOR DE INVESTIGACIONES CIENTIFICAS | AGENCIA DE RESIDUS DE CATALUNYA | MEDCITIES - MEDCITES | MEDCRUISE ASSOCIATION | ECORYS ESPANA SL;SIGNED;2023-01-01;2025-12-31;2023;3000097,25;3000097,51
101099283;HORIZON;MOBVEC;Mobile Bio-Lab to support first response in Arbovirus outbreaks;HORIZON.3.1;The European Innovation Council (EIC);The European Innovation Council;HORIZON-EIC;IRIDEON SL;ES;AGENCIA ESTATAL CONSEJO SUPERIOR DE INVESTIGACIONES CIENTIFICAS | IRIDEON SL | Agencia de Salut Publica de Barcelona;SIGNED;2023-07-01;2027-06-30;2023;2998500,00;2998500,00
101106282;HORIZON;MIBWAM;Marseille and the (Im-)Mobilities of Black Maritime Workers in the African Mediterranean;HORIZON.1.2;Marie Skłodowska-Curie Actions (MSCA);Marie Skłodowska-Curie Actions;HORIZON-TMA-MSCA-PF-EF;UNIVERSITE D'AIX MARSEILLE;FR;;SIGNED;2024-09-01;2027-02-28;2024;264693,60;0,00
101110202;HORIZON;COMMONCITY;A new frontier in EU urban policy-making: commons-inspired co-production arrangements;HORIZON.1.2;Marie Skłodowska-Curie Actions (MSCA);Marie Skłodowska-Curie Actions;HORIZON-TMA-MSCA-PF-EF;UNIVERSITEIT ANTWERPEN;BE;;TERMINATED;2023-09-01;2025-08-31;2023;191760,00;0,00
101113001;HORIZON;ProBleu;Promoting ocean and water literacy in school communities;HORIZON.2.2;Culture, creativity and inclusive society;Culture, creativity and inclusive society;HORIZON-CSA;AGENCIA ESTATAL CONSEJO SUPERIOR DE INVESTIGACIONES CIENTIFICAS;ES;AGENCIA ESTATAL CONSEJO SUPERIOR DE INVESTIGACIONES CIENTIFICAS;SIGNED;2023-06-01;2026-05-31;2023;1792562,50;1792562,50
101111515;HORIZON;SOLVE-H;Mapping social value of participation in collaborative housing: From a knowledge-based to evidence-based perspective;HORIZON.1.2;Marie Skłodowska-Curie Actions (MSCA);Marie Skłodowska-Curie Actions;HORIZON-TMA-MSCA-PF-GF;Iscte - Instituto Universitário de Lisboa;PT;;SIGNED;2024-02-15;2027-08-14;2024;356093,04;0,00
101107324;HORIZON;JustWATER;JustWATER -- Water Decision Making tools for informed hydro politics in Italy;HORIZON.1.2;Marie Skłodowska-Curie Actions (MSCA);Marie Skłodowska-Curie Actions;HORIZON-TMA-MSCA-PF-EF;UNIVERSITA' DEGLI STUDI DI BERGAMO;IT;;SIGNED;2023-10-01;2025-12-31;2023;188590,08;0,00
101096539;HORIZON;BOSTAN TREE;Bioarchaeology of Orchards and Sustainable Terroir in the Arid Near East – Trends in Ecology and Evolution;HORIZON.1.1;European Research Council (ERC);European Research Council;HORIZON-ERC;UNIVERSITY OF HAIFA;IL;;SIGNED;2024-01-01;2028-12-31;2024;3496176,00;3496176,25
101112869;HORIZON;ECHO;Engaging Citizens in soil science: the road to Healthier sOils;HORIZON.2.2;Culture, creativity and inclusive society;Culture, creativity and inclusive society;HORIZON-RIA;LIBERA UNIVERSITA DI BOLZANO;IT;FUNDACION IBERCIVIS | QUANTA SYSTEMS SL | UNIVERSIDAD DE EXTREMADURA | AMBIENTA INGENIERIA Y SERVICIOS AGRARIOS Y FORESTALES SL;SIGNED;2023-06-01;2027-05-31;2023;5344250,00;5344250,00
101112752;HORIZON;EFFECTIVE;Enhancing social well-being and economic prosperity by reinforcing the eFFECTIVEness of protection and restoration management in Mediterranean MPAs;HORIZON.2.2;Culture, creativity and inclusive society;Culture, creativity and inclusive society;HORIZON-IA;ASOCIACION CENTRO TECNOLOGICO NAVAL Y DEL MAR;ES;OCEAN ECOSTRUCTURES | AGENCIA ESTATAL CONSEJO SUPERIOR DE INVESTIGACIONES CIENTIFICAS | GPASEABOTS SL | CORAL SOUL | ASOCIACION CENTRO TECNOLOGICO NAVAL Y DEL MAR | FUNDACIO EURECAT | SEASTAINABLE VENTURES SL;SIGNED;2023-06-01;2027-05-31;2023;8197136,00;9434729,75
101112736;HORIZON;Restore4Life;Restoration of wetland complexes as life supporting systems in the Danube Basin;HORIZON.2.2;Culture, creativity and inclusive society;Culture, creativity and inclusive society;HORIZON-IA;UNIVERSITATEA DIN BUCURESTI;RO;AGENCIA ESTATAL CONSEJO SUPERIOR DE INVESTIGACIONES CIENTIFICAS;SIGNED;2023-06-01;2027-05-31;2023;8300641,25;8499953,75
101082004;HORIZON;DiverSea;INTEGRATED OBSERVATION, MONITORING AND PREDICTION ARCHITECTURE FOR FUNCTIONAL BIODIVERSITY OF COASTAL SEAS;HORIZON.2.6;Food, Bioeconomy Natural Resources, Agriculture and Environment;Food, Bioeconomy Natural Resources, Agriculture and Environment;HORIZON-RIA;NORGES TEKNISK-NATURVITENSKAPELIGE UNIVERSITET NTNU;NO;UNIVERSIDAD POMPEU FABRA | ASOCIACION TURSIOPS;SIGNED;2023-09-01;2027-08-31;2023;9688013,92;9688013,92
101094822;HORIZON;STECCI;Stone monument ensambles and the climate change impact;HORIZON.2.2;Culture, creativity and inclusive society;Culture, creativity and inclusive society;HORIZON-RIA;UNIVERZITET U SARAJEVU;BA;;SIGNED;2023-09-01;2027-08-31;2023;3372687,50;3372687,50
101123091;HORIZON;HyperCitizen;Breaking the wall between professional science and citizen science by hyperautomation;HORIZON.1.1;European Research Council (ERC);European Research Council;HORIZON-ERC-POC;JYVASKYLAN YLIOPISTO;FI;;CLOSED;2023-07-01;2024-12-31;2023;150000,00;0,00
101130751;HORIZON;HubCities;A New Approach to Sustainable Development of Airport and Seaport Territory through Citizen Science: HubCities;HORIZON.4.1;Widening participation and spreading excellence;Widening participation and spreading excellence;HORIZON-TMA-MSCA-PF-EF;UNIVERZA V LJUBLJANI;SI;;SIGNED;2024-01-01;2025-12-31;2024;171399,36;0,00
101131696;HORIZON;CROPS;Curating, Replicating, Orchestrating, and Propogating Citizen Science across Europe;HORIZON.4.2;Reforming and enhancing the European R&I System;Reforming and enhancing the European R&I System;HORIZON-CSA;INOVA+ - INNOVATION SERVICES, SA;PT;IDEAS 3493 SL;SIGNED;2024-01-01;2026-12-31;2024;1485625,00;1485625,00
101131109;HORIZON;TOPIO;TOWARDS DEMOCRATIC LANDSCAPE OBSERVATION THROUGH GEOINFORMATICS AND PUBLIC PARTICIPATION;HORIZON.1.2;Marie Skłodowska-Curie Actions (MSCA);Marie Skłodowska-Curie Actions;HORIZON-TMA-MSCA-SE;IDRYMA TECHNOLOGIAS KAI EREVNAS;EL;UNIVERSIDAD DE SEVILLA;SIGNED;2023-12-01;2027-11-30;2023;915400,00;0,00
101132113;HORIZON;ScienceUs;Integration of citizen SCIENCE best practices to Upscale and maximise projects impact related to Green Deal and EU missions;HORIZON.4.2;Reforming and enhancing the European R&I System;Reforming and enhancing the European R&I System;HORIZON-CSA;UNIVERSIDAD AUTONOMA DE MADRID;ES;UNIVERSIDAD AUTONOMA DE MADRID;SIGNED;2024-01-01;2026-12-31;2024;1498587,50;1498587,50
101131765;HORIZON;EXCITE2;Enhanced X(cross)-disciplinary Community-driven Imaging Technologies for Earth and Environmental material research;HORIZON.1.3;Research infrastructures;Research infrastructures;HORIZON-RIA;UNIVERSITEIT UTRECHT;NL;UNIVERSIDAD DE GRANADA;SIGNED;2024-04-01;2028-03-31;2024;14360285,75;14360285,75
101132481;HORIZON;DIGICHer;Digitisation of cultural heritage of minority communities for equity and renewed engagement;HORIZON.2.2;Culture, creativity and inclusive society;Culture, creativity and inclusive society;HORIZON-RIA;VILNIAUS GEDIMINO TECHNIKOS UNIVERSITETAS;LT;;SIGNED;2024-02-01;2027-01-31;2024;3899812,50;3899812,50
101116504;HORIZON;TRACES;Tracking Long-Term Resilience in Arctic Sociocultural-Ecological Systems;HORIZON.1.1;European Research Council (ERC);European Research Council;HORIZON-ERC;RIJKSUNIVERSITEIT GRONINGEN;NL;;SIGNED;2024-01-01;2028-12-31;2024;1499952,50;1499952,50
101132442;HORIZON;ChemiNova;Novel technologies for on-site and remote collaborative enriched monitoring to detect structural and chemical damages in cultural heritage assets;HORIZON.2.2;Culture, creativity and inclusive society;Culture, creativity and inclusive society;HORIZON-RIA;UNIVERSITAT DE VALENCIA;ES;UNIVERSITAT DE VALENCIA;SIGNED;2024-02-01;2027-01-31;2024;3477816,25;3477816,25
101134878;HORIZON;CERBERUS;MULTIPLATFORM FIELD SURVEILLANCE FOR INTEGRAL CROP HEALTH, EARLY DETECTION AND ACTUATION;HORIZON.2.6;Food, Bioeconomy Natural Resources, Agriculture and Environment;Food, Bioeconomy Natural Resources, Agriculture and Environment;HORIZON-RIA;UNIVERSITAT POLITECNICA DE VALENCIA;ES;NTT DATA SPAIN SOLUCIONES TECNOLOGICAS SL | NTT DATA SPAIN, SL | CLEYFER MAQUINARIA AGRICOLA SL | MASÍA EL CARMEN, S.L. | SCIENCE FOR CHANGE, SL | UNIVERSITAT POLITECNICA DE VALENCIA | CONSELLERIA DE AGRICULTURA GANADERIA Y PESCA;SIGNED;2024-01-01;2027-12-31;2024;4891830,00;4891830,00
101135432;HORIZON;AquaBioSens;On-site biological sensing for aquatic pollutants and biohazards;HORIZON.2.6;Food, Bioeconomy Natural Resources, Agriculture and Environment;Food, Bioeconomy Natural Resources, Agriculture and Environment;HORIZON-RIA;IDRYMA TECHNOLOGIAS KAI EREVNAS;EL;;SIGNED;2024-01-01;2027-06-30;2024;2470992,50;2470992,50
101086091;HORIZON;BlueGreen Governance;BlueGreen Governance;HORIZON.2.6;Food, Bioeconomy Natural Resources, Agriculture and Environment;Food, Bioeconomy Natural Resources, Agriculture and Environment;HORIZON-RIA;UNIVERSITAT DE VALENCIA;ES;UNIVERSIDAD DE LAS PALMAS DE GRAN CANARIA | FUNDACION CANARIA PARQUE CIENTIFICO TECNOLOGICO DE LA UNIVERSIDAD DE LAS PALMAS DE GRAN CANARIA | UNIVERSITAT DE VALENCIA;SIGNED;2024-01-01;2027-12-31;2024;4981157,55;4981157,55
101134575;HORIZON;LandSeaLot;Land-Sea interface: Let’s observe together!;HORIZON.2.6;Food, Bioeconomy Natural Resources, Agriculture and Environment;Food, Bioeconomy Natural Resources, Agriculture and Environment;HORIZON-RIA;STICHTING DELTARES;NL;;SIGNED;2024-02-01;2028-01-31;2024;8437021,25;8437021,25
101134954;HORIZON;OBSGESSION;OBSERVATION OF ECOSYSTEM CHANGES FOR ACTION;HORIZON.2.6;Food, Bioeconomy Natural Resources, Agriculture and Environment;Food, Bioeconomy Natural Resources, Agriculture and Environment;HORIZON-RIA;SUOMEN YMPARISTOKESKUS;FI;;SIGNED;2024-01-01;2027-12-31;2024;5303940,00;5303940,00
101135203;HORIZON;ELSA;Euclid Legacy Science Advanced analysis tools;HORIZON.2.4;Digital, Industry and Space;Digital, Industry and Space;HORIZON-RIA;ALMA MATER STUDIORUM - UNIVERSITA DI BOLOGNA;IT;;SIGNED;2024-01-01;2027-12-31;2024;1076873,75;1076873,75
101133983;HORIZON;MoRe4nature;Empowering citizens in collaborative environmental compliance assurance via MOnitoring, REporting and action;HORIZON.2.6;Food, Bioeconomy Natural Resources, Agriculture and Environment;Food, Bioeconomy Natural Resources, Agriculture and Environment;HORIZON-RIA;STICHTING IHE DELFT INSTITUTE FOR WATER EDUCATION;NL;SIMBIOTICA SL | TRABAJOS CATASTRALES SA SOCIEDAD UNIPERSONAL | CENTRO DE INVESTIGACION ECOLOGICA Y APLICACIONES FORESTALES | INSTITUT D'ARQUITECTURA AVANCADA DE CATALUNYA;SIGNED;2024-01-01;2027-12-31;2024;7229083,75;7229083,75
101082327;HORIZON;PRO-COAST;A PROactive approach for COmmunities to enAble Societal Transformation;HORIZON.2.6;Food, Bioeconomy Natural Resources, Agriculture and Environment;Food, Bioeconomy Natural Resources, Agriculture and Environment;HORIZON-RIA;EUROPEAN SUSTAINABLE USE GROUP;BE;FUNDACION IBERCIVIS | FUNDACION CARTIF;SIGNED;2023-11-01;2026-10-31;2023;3285362,50;3285362,50
101123325;HORIZON;REGEN;REGENeration of neighbourhoods towards a low-carbon, inclusive and affordable built environment.;HORIZON.2.5;Climate, Energy and Mobility;Climate, Energy and Mobility;HORIZON-IA;LUXEMBOURG INSTITUTE OF SCIENCE AND TECHNOLOGY;LU;FUNDACION TECNALIA RESEARCH & INNOVATION | DINYCON SISTEMAS SL | AYUNTAMIENTO DE LAREDO | FUNDACION BEGIRUNE FUNDAZIOA;SIGNED;2024-01-01;2027-12-31;2024;7489390,97;8845138,56
101137074;HORIZON;HEREDITARY;HetERogeneous sEmantic Data integratIon for the guT-bRain interplaY;HORIZON.2.1;Health;Health;HORIZON-RIA;UNIVERSITA DEGLI STUDI DI PADOVA;IT;CONSORCIO PARA LA EXPLOTACION DEL CENTRO NACIONAL DE ANALISIS GENOMICO | FUNDACION EMPRESA UNIVERSIDAD GALLEGA | FUNDACIO CENTRE DE REGULACIO GENOMICA;SIGNED;2024-01-01;2027-12-31;2024;9988833,75;9988833,75
101135130;HORIZON;ICEBERG;INNOVATIVE COMMUNITY ENGAGEMENT FOR BUILDING EFFECTIVE RESILIENCE AND ARCTIC OCEAN POLLUTION-CONTROL GOVERNANCE IN THE CONTEXT OF CLIMATE CHANGE;HORIZON.2.6;Food, Bioeconomy Natural Resources, Agriculture and Environment;Food, Bioeconomy Natural Resources, Agriculture and Environment;HORIZON-RIA;OULUN YLIOPISTO;FI;BARCELONA SUPERCOMPUTING CENTER CENTRO NACIONAL DE SUPERCOMPUTACION;SIGNED;2024-01-01;2027-06-30;2024;5987060,00;5987060,00
101135258;HORIZON;MAGNO;CONQUERING NEW STRATEGIES TO PREVENT AND REDUCE PACKAGING POLLUTION;HORIZON.2.6;Food, Bioeconomy Natural Resources, Agriculture and Environment;Food, Bioeconomy Natural Resources, Agriculture and Environment;HORIZON-RIA;IDENER RESEARCH & DEVELOPMENT AIE;ES;ASOCIACION EMPRESARIAL DE INVESTIGACION CENTRO TECNOLOGICO DEL CALZADOY DEL PLASTICO DE LA REGION DE MURCIA | IDENER RESEARCH & DEVELOPMENT AIE | SENIOR EUROPA SOCIEDAD LIMITADA | IRIS TECHNOLOGY SOLUTIONS, SOCIEDAD LIMITADA;SIGNED;2024-01-01;2027-06-30;2024;3999963,75;3999963,75
101147317;HORIZON;DIVE IN;Predicting functional DIVErsity of INvasive freshwater plants;HORIZON.1.2;Marie Skłodowska-Curie Actions (MSCA);Marie Skłodowska-Curie Actions;HORIZON-TMA-MSCA-PF-GF;UNIVERSITA DEGLI STUDI DI PARMA;IT;;SIGNED;2024-08-01;2027-07-31;2024;256442,88;0,00
101153176;HORIZON;FNIT;Comprehensive Framework for the Future of Water-Energy-Food Nexus and Socio-Environmental Issues in a Transboundary River Basin (FNIT);HORIZON.1.2;Marie Skłodowska-Curie Actions (MSCA);Marie Skłodowska-Curie Actions;HORIZON-TMA-MSCA-PF-EF;INTERNATIONALES INSTITUT FUER ANGEWANDTE SYSTEMANALYSE;AT;;SIGNED;2024-07-01;2026-09-30;2024;183600,96;0,00
101151329;HORIZON;UPOxArene;Unspecific Peroxygenases for the Oxidation of Arenes;HORIZON.1.2;Marie Skłodowska-Curie Actions (MSCA);Marie Skłodowska-Curie Actions;HORIZON-TMA-MSCA-PF-EF;TECHNISCHE UNIVERSITEIT DELFT;NL;ICP -Instituto de Catálisis y Petroleoquímica;SIGNED;2024-11-01;2026-10-31;2024;187624,32;0,00
101162542;HORIZON;SCIENCEinBLUE;WHEN SCENTIST GO UNDER THE OCEANS;HORIZON.1.2;Marie Skłodowska-Curie Actions (MSCA);Marie Skłodowska-Curie Actions;HORIZON-CSA;BOGAZICI ULUSLARARASI EGITIM DANISMANLIK MERKEZI VE TICARET LIMITED SIRKETI;TR;;SIGNED;2024-03-01;2026-02-28;2024;298839,25;0,00
101145940;HORIZON;ORCHESTRA;Growing Up with Super-Diversity: The Importance of School Experiences in the Development of Youth’s Inter-Ethnic Attitudes;HORIZON.1.2;Marie Skłodowska-Curie Actions (MSCA);Marie Skłodowska-Curie Actions;HORIZON-TMA-MSCA-PF-EF;UNIVERSITAET MANNHEIM;DE;;SIGNED;2025-09-01;2027-08-31;2025;189687,36;0,00
101146660;HORIZON;ASHIPUM;Ancient Spaces of Healing: Integrated Perspectives for the Study of Urukean Medicine (1st millennium BCE);HORIZON.1.2;Marie Skłodowska-Curie Actions (MSCA);Marie Skłodowska-Curie Actions;HORIZON-TMA-MSCA-PF-EF;UNIVERSITE PARIS I PANTHEON-SORBONNE;FR;;SIGNED;2025-09-01;2027-08-31;2025;195914,88;0,00
101162355;HORIZON;MEET;Missions: Engagement and Education for Tomorrow;HORIZON.1.2;Marie Skłodowska-Curie Actions (MSCA);Marie Skłodowska-Curie Actions;HORIZON-CSA;UNIVERSITA' DEGLI STUDI DI MILANO-BICOCCA;IT;;SIGNED;2024-05-01;2026-04-30;2024;284313,88;0,00
101134447;HORIZON;ENFORCE;Empower citizeNs to join Forces with public authORities in proteCting the Environment;HORIZON.2.6;Food, Bioeconomy Natural Resources, Agriculture and Environment;Food, Bioeconomy Natural Resources, Agriculture and Environment;HORIZON-RIA;GAC;FR;BARCELONA CICLE DE L'AIGUA SA | AGENCIA ESTATAL CONSEJO SUPERIOR DE INVESTIGACIONES CIENTIFICAS;SIGNED;2024-09-01;2028-08-31;2024;6365498,75;6365498,75
101148374;HORIZON;U_CAN;Ukraine towards Carbon Neutrality;HORIZON.2.2;Culture, creativity and inclusive society;Culture, creativity and inclusive society;HORIZON-CSA;TECHNISCHE UNIVERSITAET DRESDEN;DE;;SIGNED;2024-05-01;2028-04-30;2024;4999375,00;4999375,00
101152568;HORIZON;SHIFT-GEN;SHIFTting the narrative of the climate GENeration: ecology, emotions, and critical thinking in young adult contemporary climate fiction;HORIZON.1.2;Marie Skłodowska-Curie Actions (MSCA);Marie Skłodowska-Curie Actions;HORIZON-TMA-MSCA-PF-GF;ALMA MATER STUDIORUM - UNIVERSITA DI BOLOGNA;IT;;SIGNED;2024-10-01;2027-09-30;2024;288859,20;0,00
101162172;HORIZON;ERN 24-25 Groningen;Get Connected;HORIZON.1.2;Marie Skłodowska-Curie Actions (MSCA);Marie Skłodowska-Curie Actions;HORIZON-CSA;RIJKSUNIVERSITEIT GRONINGEN;NL;;SIGNED;2024-05-01;2026-04-30;2024;299581,39;0,00
101162306;HORIZON;FF2024_25;European Researchers' Night in Sweden 2024_2025: ForskarFredag 2024_2025;HORIZON.1.2;Marie Skłodowska-Curie Actions (MSCA);Marie Skłodowska-Curie Actions;HORIZON-CSA;VETENSKAP & ALLMANHET, VA;SE;;SIGNED;2024-06-01;2026-05-31;2024;300000,00;0,00
101156759;HORIZON;BLUE CONNECT;Strict protection, restoration and co-management of Marine Protected Areas to ensure effective ecosystem conservation and improved connectivity of Blue Corridors;HORIZON.2.2;Culture, creativity and inclusive society;Culture, creativity and inclusive society;HORIZON-IA;SUBMARINER NETWORK FOR BLUE GROWTH EWIV;DE;MINISTERIO PARA LA TRANSICION ECOLOGICA Y EL RETO DEMOGRAFICO | GRUP BALEAR D'ORNITOLOGIA I DEFENSA DE LA NATURALESA | SOCIEDAD PARA EL DESAROLLO DE LAS COMUNIDADES COSTERAS | UNIVERSIDAD DE MALAGA | SUBMON | ASOCIACION PARA LA DEFENSA DE LA NATURALEZA;SIGNED;2024-09-01;2028-02-29;2024;8375060,00;8469860,00
101125731;HORIZON;K9VocLearn;Capturing the evolution of a transformative cognitive capacity: the case of vocal learning in dogs;HORIZON.1.1;European Research Council (ERC);European Research Council;HORIZON-ERC;EOTVOS LORAND TUDOMANYEGYETEM;HU;;SIGNED;2024-06-01;2029-05-31;2024;2573296,00;2573296,25
101132698;HORIZON;ENCODE;ENCODE - Unveiling emotional dimensions of politics to foster European democracy;HORIZON.2.2;Culture, creativity and inclusive society;Culture, creativity and inclusive society;HORIZON-RIA;ASM RESEARCH SOLUTIONS STRATEGY SPOLKA Z OGRANICZONA ODPOWIEDZIALNOSCIA;PL;PREDICTBY RESEARCH AND CONSULTING S.L.;SIGNED;2024-06-01;2027-05-31;2024;3035393,75;3035393,75
101157886;HORIZON;ProCleanLakes;Integrated emerging approaches for joint protection and restoration of Natural Lakes in the spirit of European life heritage support (ProCleanLakes);HORIZON.2.2;Culture, creativity and inclusive society;Culture, creativity and inclusive society;HORIZON-IA;UNIVERSITAET FUER BODENKULTUR WIEN;AT;FUNDACIO INSTITUT CATALA DE RECERCA DE L'AIGUA;SIGNED;2024-06-01;2028-05-31;2024;3968226,00;4207312,50
101135051;HORIZON;ArcSolution;Arctic Pollution in a One Health perspective - from complex challenges to sustainable solutions;HORIZON.2.6;Food, Bioeconomy Natural Resources, Agriculture and Environment;Food, Bioeconomy Natural Resources, Agriculture and Environment;HORIZON-RIA;NORD UNIVERSITET;NO;;SIGNED;2024-08-01;2028-07-31;2024;6598877,50;6598877,50
101168576;HORIZON;HealthIntelAct;Actionable Performance Intelligence towards Health and Care Systems for People, Planet, and Prosperity;HORIZON.1.2;Marie Skłodowska-Curie Actions (MSCA);Marie Skłodowska-Curie Actions;HORIZON-TMA-MSCA-DN-ID;STICHTING AMSTERDAM UMC;NL;SCHLESINGER GROUP MARKET RESEARCH SPAIN SL | FUNDACION PARA EL FOMENTO DE LA INVESTIGACION SANITARIA Y BIOMEDICA DE LA COMUNITAT VALENCIANA;SIGNED;2025-01-01;2028-12-31;2025;3957048,00;0,00
101123291;HORIZON;ECSTATIC;Extreme Citizen Science Techniques And Tools In the Cloud;HORIZON.1.1;European Research Council (ERC);European Research Council;HORIZON-ERC-POC;MUSEUM NATIONAL D'HISTOIRE NATURELLE;FR;;SIGNED;2024-08-01;2026-06-30;2024;150000,00;0,00
101142006;HORIZON;DATAGOV;Governance by data infrastructure in the post-pandemic democracy;HORIZON.1.1;European Research Council (ERC);European Research Council;HORIZON-ERC;UNIVERSITEIT VAN AMSTERDAM;NL;;SIGNED;2025-03-01;2030-02-28;2025;2500000,00;2500000,00
101162844;HORIZON;DOMESTIC;The role of domestic markets and public policy for sustainable food systems: the case of Brazil;HORIZON.1.1;European Research Council (ERC);European Research Council;HORIZON-ERC;UNIVERSITE CATHOLIQUE DE LOUVAIN;BE;;SIGNED;2025-01-01;2029-12-31;2025;1499614,00;1499614,00
101181774;HORIZON;FOODMISSION;Engaging citizens as agents of change for sustainable food system transition with a novel gamified educational citizen science platform;HORIZON.2.6;Food, Bioeconomy Natural Resources, Agriculture and Environment;Food, Bioeconomy Natural Resources, Agriculture and Environment;HORIZON-RIA;HOGSKULEN PA VESTLANDET;NO;SPHERICAL PIXEL S.L.;SIGNED;2025-01-01;2028-06-30;2025;4997966,25;4997966,25
101180146;HORIZON;ENHANCE;Enabling One Health Coastal Management through advanced AI over Marine Copernicus and citizen science data;HORIZON.2.4;Digital, Industry and Space;Digital, Industry and Space;HORIZON-RIA;SINGULARLOGIC PLIROFORIAKON SYSTIMATON KAI EFARMOGON PLIROFORIKIS;EL;AGENCIA ESTATAL CONSEJO SUPERIOR DE INVESTIGACIONES CIENTIFICAS;SIGNED;2024-12-01;2027-11-30;2024;1701375,00;1701375,00
101169293;HORIZON;BEYOND;Beyond the current: Improving European flowing waters in an era of global change;HORIZON.1.2;Marie Skłodowska-Curie Actions (MSCA);Marie Skłodowska-Curie Actions;HORIZON-TMA-MSCA-DN;SVERIGES LANTBRUKSUNIVERSITET;SE;CONSORCI BESOS TORDERA | AGENCIA ESTATAL CONSEJO SUPERIOR DE INVESTIGACIONES CIENTIFICAS | UNIVERSITAT DE BARCELONA | AGENCIA CATALANA DE L'AIGUA;SIGNED;2025-01-01;2028-12-31;2025;2192760,00;0,00
101181413;HORIZON;GuardIAS;GuardIAS - Guarding European Waters from IAS;HORIZON.2.6;Food, Bioeconomy Natural Resources, Agriculture and Environment;Food, Bioeconomy Natural Resources, Agriculture and Environment;HORIZON-IA;PANEPISTIMIO AIGAIOU;EL;AGENCIA ESTATAL CONSEJO SUPERIOR DE INVESTIGACIONES CIENTIFICAS;SIGNED;2025-01-01;2027-12-31;2025;6475880,50;7150222,50
101187606;HORIZON;MusicAnalytica;MusicAnalytica - Interdisciplining Music Studies through the Reconfiguration of Theoretical and Analytical Knowledge;HORIZON.4.1;Widening participation and spreading excellence;Widening participation and spreading excellence;HORIZON-CSA;UNIVERSIDADE DE COIMBRA;PT;;SIGNED;2025-03-01;2030-02-28;2025;2498945,78;0,00
101181878;HORIZON;FORbEST;Safeguarding Carbon and Biodiversity across European Forest Ecosystems through Multi-actor Innovation;HORIZON.2.6;Food, Bioeconomy Natural Resources, Agriculture and Environment;Food, Bioeconomy Natural Resources, Agriculture and Environment;HORIZON-RIA;OULUN YLIOPISTO;FI;;SIGNED;2025-05-01;2029-04-30;2025;5967518,75;5967518,75
101182299;HORIZON;SPOON;Food Systems in transition – ParticipatOry, Open citizen research for sustainable Nutrition;HORIZON.2.6;Food, Bioeconomy Natural Resources, Agriculture and Environment;Food, Bioeconomy Natural Resources, Agriculture and Environment;HORIZON-RIA;COLLABORATING CENTRE ON SUSTAINABLE CONSUMPTION AND PRODUCTION GGMBH;DE;FUNDACION DE LA COMUNITAT VALENCIANA PARA LA PROMOCION ESTRATEGICA EL DESARROLLO Y LA INNOVACION URBANA | PNO INNOVATION SL | SCIENCE FOR CHANGE, SL;SIGNED;2024-12-01;2028-11-30;2024;5022917,50;5022917,50
101180559;HORIZON;OneSTOP;OneBiosecurity Systems and Technology for People, Places and Pathways;HORIZON.2.6;Food, Bioeconomy Natural Resources, Agriculture and Environment;Food, Bioeconomy Natural Resources, Agriculture and Environment;HORIZON-IA;AGENTSCHAP PLANTENTUIN MEISE;BE;AGENCIA ESTATAL CONSEJO SUPERIOR DE INVESTIGACIONES CIENTIFICAS;SIGNED;2025-01-01;2028-06-30;2025;5999990,00;6337799,38
101181692;HORIZON;DietWise;DietWise: Systemic Solutions to Enhance Healthy and Sustainable Food Provision and Cooking at Home;HORIZON.2.6;Food, Bioeconomy Natural Resources, Agriculture and Environment;Food, Bioeconomy Natural Resources, Agriculture and Environment;HORIZON-IA;KATHOLIEKE UNIVERSITEIT LEUVEN;BE;;SIGNED;2024-11-01;2027-10-31;2024;2956750,00;0,00
101188210;HORIZON;RIECS-Concept;TOWARDS A  PAN-EUROPEAN RESEARCH INFRASTRUCTURE FOR EXCELLENT CITIZEN SCIENCE;HORIZON.1.3;Research infrastructures;Research infrastructures;HORIZON-RIA;FUNDACION IBERCIVIS;ES;FUNDACION IBERCIVIS | AGENCIA ESTATAL CONSEJO SUPERIOR DE INVESTIGACIONES CIENTIFICAS;SIGNED;2025-01-01;2027-12-31;2025;2997895,75;0,00
101188028;HORIZON;TRICUSO;Three Research Infrastructures together: Carbon Uptake Southern Ocean;HORIZON.1.3;Research infrastructures;Research infrastructures;HORIZON-RIA;NORCE RESEARCH AS;NO;;SIGNED;2025-01-01;2028-12-31;2025;9999300,00;9999300,00
101157269;HORIZON;ENVESOME;The Environmental Exposome And Health;HORIZON.2.1;Health;Health;HORIZON-RIA;ETHNIKO IDRYMA EREVNON;EL;INSTITUTO DE SALUD CARLOS III | AGENCIA ESTATAL CONSEJO SUPERIOR DE INVESTIGACIONES CIENTIFICAS | FUNDACIO INSTITUT D'INVESTIGACIO SANITARIA PERE VIRGILI (IISPV);SIGNED;2024-12-01;2028-11-30;2024;7999798,58;0,00
101139637;HORIZON;ClimaGen;Climate-resilient reGeneration and renaturing for, by and with vulnerable neighbourhoods, striving towards net-zero;HORIZON.2.2;Culture, creativity and inclusive society;Culture, creativity and inclusive society;HORIZON-IA;NORGES TEKNISK-NATURVITENSKAPELIGE UNIVERSITET NTNU;NO;ASOCIACION DE INDUSTRIAS DE CONOCIMIENTO Y TECNOLOGIA - GAIA - EUSKALHERRIKO EZAGUTZA ETA TEKNOLOGIA INDUSTRIEN ELKARTEA | ESKILARA S KOOP TXIKIA | GERNIKA-LUMOKO KULTUR ETXEA;SIGNED;2025-01-01;2028-12-31;2025;11999496,25;12332537,50
101161971;HORIZON;LOUARN;Lights in the nightsky and Ozone loss: Unravelling Atmosphere forcing from space with Radar, optics, and Novel citizen science;HORIZON.1.1;European Research Council (ERC);European Research Council;HORIZON-ERC;ILMATIETEEN LAITOS;FI;;SIGNED;2025-04-01;2030-03-31;2025;2459229,00;2459229,00
101169640;HORIZON;LOTIS;Loneliness Across Time and Space;HORIZON.1.1;European Research Council (ERC);European Research Council;HORIZON-ERC;RUHR-UNIVERSITAET BOCHUM;DE;;SIGNED;2025-06-01;2030-05-31;2025;1998018,00;1998018,00
101169706;HORIZON;NorseMap;Mapping the Reception and Legacy of the Vikings in Europe;HORIZON.1.1;European Research Council (ERC);European Research Council;HORIZON-ERC;UNIVERSITY COLLEGE CORK -  NATIONAL UNIVERSITY OF IRELAND, CORK;IE;;SIGNED;2025-06-01;2030-05-31;2025;1999519,00;1999519,00
101198735;HORIZON;SCITIZEN;Science with citizens;HORIZON.1.2;Marie Skłodowska-Curie Actions (MSCA);Marie Skłodowska-Curie Actions;HORIZON-TMA-MSCA-PF-GF;UNIVERSITAT DE VALENCIA;ES;UNIVERSITAT DE VALENCIA;SIGNED;2025-04-01;2028-03-31;2025;333129,36;0,00
101204042;HORIZON;UrbanPACE;Urban Phenology and Anthropogenic Climate Effects: getting the timing right in a warmer and more urban world;HORIZON.1.2;Marie Skłodowska-Curie Actions (MSCA);Marie Skłodowska-Curie Actions;HORIZON-TMA-MSCA-PF-EF;THE UNIVERSITY OF EDINBURGH;UK;;SIGNED;2026-07-01;2028-06-30;2026;260347,92;0,00
101209275;HORIZON;CoNFine;Conservation of built heritage: Natural Formulations agaINst bio-dEterioration;HORIZON.1.2;Marie Skłodowska-Curie Actions (MSCA);Marie Skłodowska-Curie Actions;HORIZON-TMA-MSCA-PF-GF;AGENCIA ESTATAL CONSEJO SUPERIOR DE INVESTIGACIONES CIENTIFICAS;ES;AGENCIA ESTATAL CONSEJO SUPERIOR DE INVESTIGACIONES CIENTIFICAS;SIGNED;2026-01-01;2028-12-31;2026;256753,20;0,00
101244205;HORIZON;GENARTMENT;InterGENerational Youthful Narratives: ARTs-Based Approaches to Digital Citizenship and Civic EngageMENT;HORIZON.4.1;Widening participation and spreading excellence;Widening participation and spreading excellence;HORIZON-TMA-MSCA-PF-EF;UNIVERSIDADE DO PORTO;PT;;SIGNED;2025-11-01;2027-10-31;2025;191343,12;0,00
101215153;HORIZON;UNDERPIN;oUtcome iNDicators to mEasuRe Progress on climate resIlieNce;HORIZON.2.2;Culture, creativity and inclusive society;Culture, creativity and inclusive society;HORIZON-RIA;ETABLISSEMENT D'ENSEIGNEMENT SUPERIEUR CONSULAIRE HAUTES ETUDES COMMERCIALES DE PARIS;FR;FUNDACION TECNALIA RESEARCH & INNOVATION;SIGNED;2025-09-01;2028-08-31;2025;2998937,50;2998937,50
101214613;HORIZON;CS-MACH1;MArine Citizen science data Horizon;HORIZON.2.2;Culture, creativity and inclusive society;Culture, creativity and inclusive society;HORIZON-CSA;FONDAZIONE CENTRO EURO-MEDITERRANEOSUI CAMBIAMENTI CLIMATICI;IT;AGENCIA ESTATAL CONSEJO SUPERIOR DE INVESTIGACIONES CIENTIFICAS;SIGNED;2025-06-01;2027-11-30;2025;1875617,50;1875617,50
101181560;HORIZON;INNATURE;ENHANCING BIODIVERSITY AND SOCIAL INCLUSION BY TRANSFORMING EUROPE’S LIVING ENVIRONMENTS;HORIZON.2.6;Food, Bioeconomy Natural Resources, Agriculture and Environment;Food, Bioeconomy Natural Resources, Agriculture and Environment;HORIZON-IA;TAMPEREEN KORKEAKOULUSAATIO SR;FI;;SIGNED;2025-09-01;2029-08-31;2025;4999758,75;5099423,20
101181351;HORIZON;NBS4Drought;Demonstrating wetlands as Nature-Based Solutions on resilience development to extreme drought across European cities and landscapes.;HORIZON.2.6;Food, Bioeconomy Natural Resources, Agriculture and Environment;Food, Bioeconomy Natural Resources, Agriculture and Environment;HORIZON-IA;AARHUS UNIVERSITET;DK;CONSORCI BESOS TORDERA | UNIVERSITAT POLITECNICA DE CATALUNYA | INSTITUT MUNICIPAL D URBANISME | FUNDACIO RIVUS | AJUNTAMENT DE GRANOLLERS | NATURALEA CONSERVACIO, SL;SIGNED;2025-09-01;2029-08-31;2025;7981953,75;8014586,25
101206245;HORIZON;SEAMPHONI;Strengthening Ecosystem-based Assessment and Monitoring for Protected Habitats in Offshore areas and Newly Identified MPAs;HORIZON.2.2;Culture, creativity and inclusive society;Culture, creativity and inclusive society;HORIZON-IA;UNIVERSITAT POLITECNICA DE CATALUNYA;ES;UNIVERSIDAD DE ALICANTE | UNIVERSIDAD DE SANTIAGO DE COMPOSTELA | ASOCIACION EDMAKTUB | UNIVERSITAT POLITECNICA DE CATALUNYA | TECNICAS Y SERVICIOS DE INGENIERÍA, S.L.;SIGNED;2025-06-01;2029-05-31;2025;11095368,75;12100582,50
101217160;HORIZON;TRACE;Translational Research in Action for Cancer in regional Ecosystem;HORIZON.2.2;Culture, creativity and inclusive society;Culture, creativity and inclusive society;HORIZON-RIA;UNIVERSIDADE NOVA DE LISBOA;PT;;SIGNED;2025-10-01;2028-09-30;2025;1992750,00;1992750,00
101216923;HORIZON;URBAN PROSUMERS;URBAN PROSUMERS – towards a knowledge transfer hub for empowering citizens as producers and consumers of sustainable solutions to climate-neutrality;HORIZON.2.2;Culture, creativity and inclusive society;Culture, creativity and inclusive society;HORIZON-RIA;TAMPEREEN KORKEAKOULUSAATIO SR;FI;;SIGNED;2025-10-01;2028-03-31;2025;1999847,25;1999847,50
101216412;HORIZON;HARARA;Co-creating inclusive local climate adaptation practices to deal with experienced heat;HORIZON.2.2;Culture, creativity and inclusive society;Culture, creativity and inclusive society;HORIZON-RIA;ERASMUS UNIVERSITEIT ROTTERDAM;NL;;SIGNED;2026-01-01;2028-12-31;2026;1999658,75;1999658,75
101235455;HORIZON;BUILDERS;Building Resilience Through Citizen Science-Driven Approaches to Invasive Species;HORIZON.1.2;Marie Skłodowska-Curie Actions (MSCA);Marie Skłodowska-Curie Actions;HORIZON-TMA-MSCA-SE;UNIVERSITA DEGLI STUDI DI PARMA;IT;;SIGNED;2025-11-01;2029-10-31;2025;716430,00;0,00
101222637;HORIZON;EWINCOL;The Evolution of Wing Coloration in Lepidoptera;HORIZON.1.1;European Research Council (ERC);European Research Council;HORIZON-ERC;LEIBNIZ-INSTITUT ZUR ANALYSE DES BIODIVERSITATSWANDELS;DE;;SIGNED;2026-10-01;2031-09-30;2026;1491415,00;1491415,00
101233051;HORIZON;INFINITY;Multidimensional knowledge-based annotation for ethical context-aware heritage data life cycles;HORIZON.2.2;Culture, creativity and inclusive society;Culture, creativity and inclusive society;HORIZON-IA;ALMA MATER STUDIORUM - UNIVERSITA DI BOLOGNA;IT;EIT CULTURE AND CREATIVITY SOUTH WEST SL;SIGNED;2026-01-01;2029-06-30;2026;5971161,21;0,00
101234870;HORIZON;PUREPOLIS;Dynamic Abatement Strategies for maximized environmental and societal health in cities;HORIZON.2.2;Culture, creativity and inclusive society;Culture, creativity and inclusive society;HORIZON-RIA;HELMHOLTZ ZENTRUM MUENCHEN DEUTSCHES FORSCHUNGSZENTRUM FUER GESUNDHEIT UND UMWELT GMBH;DE;TREE TECHNOLOGY SA | FUNDACION DE LA COMUNITAT VALENCIANA PARA LA PROMOCION ESTRATEGICA EL DESARROLLO Y LA INNOVACION URBANA | ACONDICIONAMIENTO TARRASENSE ASSOCIACION | Healthy Cities S.L. | UNIVERSIDAD DE VIGO;SIGNED;2026-01-01;2028-12-31;2026;4937518,00;4937520,00
101212647;HORIZON;SEA4FUTURE;Sustainable and  Ecosystem-based Approach for Fisheries through the Utilization of Technology to Uphold Resilient Environments;HORIZON.2.2;Culture, creativity and inclusive society;Culture, creativity and inclusive society;HORIZON-IA;UNIVERSIDAD DE ALICANTE;ES;UNIVERSIDAD DE ALICANTE | ALTUM INGENIERIA Y SERVICIOS SL | UNIVERSITAT DE GIRONA | UNIVERSIDAD DE SANTIAGO DE COMPOSTELA | AGENCIA ESTATAL CONSEJO SUPERIOR DE INVESTIGACIONES CIENTIFICAS | UNIVERSITAT POLITECNICA DE CATALUNYA | SUBMON;SIGNED;2026-01-01;2029-12-31;2026;7999200,26;8525944,35
101230145;HORIZON;NATURETIME;Understanding how nature reshapes human sense of time to foster well-being and sustainable futures;HORIZON.1.1;European Research Council (ERC);European Research Council;HORIZON-ERC;TURUN YLIOPISTO;FI;;SIGNED;2026-06-01;2031-05-31;2026;1983773,00;1983773,00
101275571;HORIZON;INFloR;Invasive and Native Flowering phenology Responses to climate change in Mediterranean-type ecosystems;HORIZON.1.2;Marie Skłodowska-Curie Actions (MSCA);Marie Skłodowska-Curie Actions;HORIZON-TMA-MSCA-PF-GF;UNIVERSIDAD DE SEVILLA;ES;UNIVERSIDAD DE SEVILLA;SIGNED;2026-07-01;2029-06-30;2026;420966,72;0,00
101276165;HORIZON;PoEthics East;The Ethics and Poetics of Remembering. Eastern European perspectives;HORIZON.1.2;Marie Skłodowska-Curie Actions (MSCA);Marie Skłodowska-Curie Actions;HORIZON-TMA-MSCA-PF-EF;UNIVERSITY COLLEGE LONDON;UK;;SIGNED;2026-09-01;2028-08-31;2026;276187,92;0,00
101270173;HORIZON;GENeCITY;Generative Agentic AI and Explainable Digital Twins for Climate-Neutral Cities;HORIZON.2.5;Climate, Energy and Mobility;Climate, Energy and Mobility;HORIZON-IA;MAGGIOLI S.P.A.;IT;AYUNTAMIENTO DE MURCIA;SIGNED;2026-06-01;2029-11-30;2026;5999554,04;0,00
101292911;HORIZON;BEYOND BARRIERS;Building Bridges for Equitable Opportunities for Underrepresented and Marginalized Researchers in the European Research Area;HORIZON.4.2;Reforming and enhancing the European R&I System;Reforming and enhancing the European R&I System;HORIZON-RIA;UNIVERSITETET I OSLO;NO;UNIVERSITAT AUTONOMA DE BARCELONA;SIGNED;2026-09-01;2029-08-31;2026;1999583,75;1999583,75
101277689;HORIZON;SEROTONIN;A Sight for sore Eyes: BRidging PeOple and PollinaTors ThrOugh PolliNator monItoriNg;HORIZON.1.2;Marie Skłodowska-Curie Actions (MSCA);Marie Skłodowska-Curie Actions;HORIZON-TMA-MSCA-PF-EF;UNIVERZA V LJUBLJANI;SI;;SIGNED;2026-06-01;2028-05-31;2026;198557,52;0,00
101288580;HORIZON;Ruralise;Ruralise - Revitalising Rural Communities;HORIZON.2.6;Food, Bioeconomy Natural Resources, Agriculture and Environment;Food, Bioeconomy Natural Resources, Agriculture and Environment;HORIZON-RIA;INSTITUTE FOR EUROPEAN ENERGY AND CLIMATE POLICY STICHTING;NL;;SIGNED;2026-09-01;2029-10-31;2026;5976798,96;0,00
101262484;HORIZON;REMEDYOS;CLIMATE-RESILIENT INTEGRATED BIO- AND NATURE-BASED REMEDIATION OF PFAS-POLLUTED SITES;HORIZON.2.6;Food, Bioeconomy Natural Resources, Agriculture and Environment;Food, Bioeconomy Natural Resources, Agriculture and Environment;HORIZON-RIA;IRIS TECHNOLOGY SOLUTIONS, SOCIEDAD LIMITADA;ES;UNIVERSIDAD DE BURGOS | IDENER RESEARCH & DEVELOPMENT AIE | UNIVERSIDAD DE ALMERIA | VEOLIA SERVICIOS LECAM SA | IRIS TECHNOLOGY SOLUTIONS, SOCIEDAD LIMITADA;SIGNED;2026-06-01;2030-05-31;2026;3997392,65;0,00
101291194;HORIZON;EARTH-AID;Agentic AI for Trustworthy Impact Simulations Integrating Digital Twins and Data Lakes for Geohazards & Georesources within Destination Earth;HORIZON.1.3;Research infrastructures;Research infrastructures;HORIZON-RIA;EIDGENOESSISCHE TECHNISCHE HOCHSCHULE ZUERICH;CH;AGENCIA ESTATAL CONSEJO SUPERIOR DE INVESTIGACIONES CIENTIFICAS | UNIVERSIDAD DE MALAGA | BARCELONA SUPERCOMPUTING CENTER CENTRO NACIONAL DE SUPERCOMPUTACION;SIGNED;2026-09-01;2029-08-31;2026;9999101,90;0,00
101287608;HORIZON;NextBON;Next Generation Biodiversity Observation Network;HORIZON.2.6;Food, Bioeconomy Natural Resources, Agriculture and Environment;Food, Bioeconomy Natural Resources, Agriculture and Environment;HORIZON-RIA;KOBENHAVNS UNIVERSITET;DK;AGENCIA ESTATAL CONSEJO SUPERIOR DE INVESTIGACIONES CIENTIFICAS | UNIVERSIDAD DE MALAGA | UNIVERSIDAD POLITECNICA DE MADRID;SIGNED;2026-10-01;2030-09-30;2026;10999230,00;10999230,00
101302215;HORIZON;BBGNight-TR;Science & Future Night: Engaging Researchers and Citizens in Climate, Health and Digital Transitions in Türkiye;HORIZON.1.2;Marie Skłodowska-Curie Actions (MSCA);Marie Skłodowska-Curie Actions;HORIZON-CSA;YILDIZ TECHNICAL UNIVERSITY;TR;;SIGNED;2026-06-01;2028-05-31;2026;279311,00;0,00
101305179;HORIZON;ERN 2026-2027 SVK;European Researchers´ Night and Researchers at Schools 2026-2027 in Slovakia;HORIZON.1.2;Marie Skłodowska-Curie Actions (MSCA);Marie Skłodowska-Curie Actions;HORIZON-CSA;SLOVENSKA ORGANIZACIA PRE VYSKUMNE A VYVOJOVE AKTIVITY;SK;;SIGNED;2026-04-01;2027-12-31;2026;349900,00;0,00
101289005;HORIZON;THRIVE;Towards a Harmonised landscape that expands the Role of citizen science in biodIVersity & Ecosystem services monitoring;HORIZON.2.6;Food, Bioeconomy Natural Resources, Agriculture and Environment;Food, Bioeconomy Natural Resources, Agriculture and Environment;HORIZON-CSA;ZENTRUM FUR SOZIALE INNOVATION GMBH;AT;FUNDACION IBERCIVIS;SIGNED;2026-09-01;2029-08-31;2026;3999999,98;0,00
101305453;HORIZON;CITIES-IN-STEAM;Citizen Integration Through Innovative Engagement in Science, Technology, Engineering, Arts and Mathematics for Climate-Neutral Smart Cities;HORIZON.1.2;Marie Skłodowska-Curie Actions (MSCA);Marie Skłodowska-Curie Actions;HORIZON-CSA;KLAIPEDOS UNIVERSITETAS;LT;;SIGNED;2026-06-01;2028-05-31;2026;300000,00;0,00
101292567;HORIZON;TALENTUM;Technical Advancement and Learning for Technical Staff Upskilling and Mobility in European Research Infrastructures;HORIZON.1.3;Research infrastructures;Research infrastructures;HORIZON-CSA;SCIENSANO;BE;FUNDACION IBERCIVIS;SIGNED;2027-01-01;2030-06-30;2027;1497394,13;0,00
101292372;HORIZON;Science4Everyone;Science Comes to Town: Bringing Science Closer to Citizens - Science4Everyone;HORIZON.4.2;Reforming and enhancing the European R&I System;Reforming and enhancing the European R&I System;HORIZON-CSA;AGENZIA PER LA PROMOZIONE DELLA RICERCA EUROPEA;IT;SCIENCE FOR CHANGE, SL;SIGNED;2026-05-01;2028-05-31;2026;5999261,25;5999261,25
101288740;HORIZON;VISIONAIR;Virtual Integration for Sustainable and Innovative Observation of Urban Air Quality;HORIZON.2.6;Food, Bioeconomy Natural Resources, Agriculture and Environment;Food, Bioeconomy Natural Resources, Agriculture and Environment;HORIZON-RIA;VLAAMSE INSTELLING VOOR TECHNOLOGISCH ONDERZOEK N.V.;BE;FUNDACION CARTIF;SIGNED;2026-09-01;2030-08-31;2026;7705663,75;7705663,75
101294308;HORIZON;ROWER;Restoring Oceans and Waters in European Regions;HORIZON.2.2;Culture, creativity and inclusive society;Culture, creativity and inclusive society;HORIZON-IA;TARTU ULIKOOL;EE;E-SCIENCE EUROPEAN INFRASTRUCTURE FOR BIODIVERSITY AND ECOSYSTEM RESEARCH;SIGNED;2026-10-01;2030-09-30;2026;12543239,75;13000254,25
101295540;HORIZON;Tools4Ocean;Toolbox for Integrated Monitoring and Action on Plastic Pollution from Land-to-Ocean Pathways;HORIZON.2.2;Culture, creativity and inclusive society;Culture, creativity and inclusive society;HORIZON-IA;NORSK INSTITUTT FOR VANNFORSKNING STI;NO;;SIGNED;2026-09-01;2030-08-31;2026;5498763,76;5680965,00
101296045;HORIZON;RIPPLE;Reducing Impact of Plastic Pollution through Learning & Engagement;HORIZON.2.2;Culture, creativity and inclusive society;Culture, creativity and inclusive society;HORIZON-IA;SVEUCILISTE U ZAGREBU ARHITEKTONSKI FAKULTET;HR;TRANSFOLAB BCN | ASSOCIACIO LICHEN INNOVACION SOCIAL | AGENCIA ESTATAL CONSEJO SUPERIOR DE INVESTIGACIONES CIENTIFICAS | TECHNAI TECHNOLOGY CULTURE AND SOCIETY SL | TEAMLABS SL;SIGNED;2026-09-01;2030-08-31;2026;4897506,38;5547215,36
101296089;HORIZON;MEDCONNECT;Mediterranean Lighthouse CONNECTivity Platform for Scaling Up Solutions and Regional Partnerships;HORIZON.2.2;Culture, creativity and inclusive society;Culture, creativity and inclusive society;HORIZON-CSA;CMMI CYPRUS MARINE AND MARITIME INSTITUTE;CY;E-SCIENCE EUROPEAN INFRASTRUCTURE FOR BIODIVERSITY AND ECOSYSTEM RESEARCH | CLUSTER MARITIMO MARINO DE ANDALUCIA;SIGNED;2026-09-01;2029-08-31;2026;3496880,00;0,00
101295874;HORIZON;SUNRISE;EXTREME EVENTS IN A WARMING, UNEQUAL WORLD: LINKING DRIVERS TO IMPACTS FOR IMPROVED ATTRIBUTION, FORECASTING AND REGIONAL RESPONSES;HORIZON.2.5;Climate, Energy and Mobility;Climate, Energy and Mobility;HORIZON-RIA;POLITECNICO DI MILANO;IT;;SIGNED;2026-10-01;2030-03-31;2026;5993593,98;0,00
101305260;HORIZON;ROOTS;ROOTS AND RECIPES: THE SCIENCE OF FOOD, IDENTITY AND BELONGING;HORIZON.1.2;Marie Skłodowska-Curie Actions (MSCA);Marie Skłodowska-Curie Actions;HORIZON-CSA;MUSEE ROYAL DE L'AFRIQUE CENTRALE;BE;;SIGNED;2026-06-01;2028-05-31;2026;349890,00;0,00
101266061;HORIZON;BEETHOVEN;Linking Brain, Environment and Ecosystems Through Holistic Omics and Validated Evidence-based Nutrition guidelines;HORIZON.2.6;Food, Bioeconomy Natural Resources, Agriculture and Environment;Food, Bioeconomy Natural Resources, Agriculture and Environment;HORIZON-RIA;UNIVERSITAT FUR WEITERBILDUNG KREMS;AT;FUNDACIO INSTITUT UNIVERSITARI PERA LA RECERCA A L'ATENCIO PRIMARIA DE SALUT JORDI GOL I GURINA;SIGNED;2026-09-01;2030-08-31;2026;4939763,48;0,00
101289021;HORIZON;CITADEL;CITizenship And DEmocracy through policy Labs: Inclusive Transitions for Participation, Trust and Fair Governance;HORIZON.2.2;Culture, creativity and inclusive society;Culture, creativity and inclusive society;HORIZON-RIA;UC LIMBURG;BE;;SIGNED;2026-09-01;2029-08-31;2026;4319893,05;0,00
101292089;HORIZON;CLEAR-WATER;Harmonising Aquatic Litter Monitoring and Assessment Across EU Waters;HORIZON.2.6;Food, Bioeconomy Natural Resources, Agriculture and Environment;Food, Bioeconomy Natural Resources, Agriculture and Environment;HORIZON-RIA;MATIS OHF;IS;;SIGNED;2026-09-01;2030-08-31;2026;5998047,96;0,00
101287404;HORIZON;NUTRIMIND;Improving Mental Health and Nutrition in Europe;HORIZON.2.6;Food, Bioeconomy Natural Resources, Agriculture and Environment;Food, Bioeconomy Natural Resources, Agriculture and Environment;HORIZON-RIA;EUROPEAN FOOD INFORMATION COUNCIL;BE;FUNDACIO INSTITUT D'INVESTIGACIO SANITARIA PERE VIRGILI (IISPV) | CONSORCIO CENTRO DE INVESTIGACION BIOMEDICA EN RED M.P.;SIGNED;2026-06-01;2030-05-31;2026;5372351,16;0,00
101305184;HORIZON;Blue-connect 3.0;Reconnecting Science with the Blue Society - Blue-connect 3.0;HORIZON.1.2;Marie Skłodowska-Curie Actions (MSCA);Marie Skłodowska-Curie Actions;HORIZON-CSA;SVEUCILISTE U SPLITU;HR;;SIGNED;2026-06-01;2028-01-31;2026;349435,00;0,00
101296129;HORIZON;JUST-COAST;Justice-Driven Integrated Transformation for Climate-Resilient Coastal Futures: Co-creating just, systemic, and inclusive solutions for transformative adaptation in vulnerable coastal hotspots;HORIZON.2.2;Culture, creativity and inclusive society;Culture, creativity and inclusive society;HORIZON-IA;LABORATORIO NACIONAL DE ENGENHARIA CIVIL;PT;CAMBIAMO SOCIEDAD COOPERATIVA MADRILENA;SIGNED;2026-11-01;2030-10-31;2026;9977080,63;11474480,00
101305427;HORIZON;LABWISE;Living And Bridging Schools for Innovation, Sustainability, and Education;HORIZON.1.2;Marie Skłodowska-Curie Actions (MSCA);Marie Skłodowska-Curie Actions;HORIZON-CSA;University of Sousse;TN;FUNDACION RED DEPORTE Y COOPERACION | FUNDACION AI GRANADA RESEARCH & INNOVATION;SIGNED;2026-07-01;2028-06-30;2026;349012,28;0,00
101308841;HORIZON;ROUTES;Reimagining Open schoolyards and Urban sTreets as Equitable Spaces;HORIZON.2.2;Culture, creativity and inclusive society;Culture, creativity and inclusive society;HORIZON-RIA;TECHNISCHE UNIVERSITEIT DELFT;NL;;SIGNED;2026-09-01;2030-08-31;2026;3499376,41;0,00
101312390;HORIZON;SOLSTIS;Highly Efficient and Stable Organic Photovoltaic Indoor Sensors;HORIZON.1.2;Marie Skłodowska-Curie Actions (MSCA);Marie Skłodowska-Curie Actions;HORIZON-TMA-MSCA-DN;CENTRE NATIONAL DE LA RECHERCHE SCIENTIFIQUE CNRS;FR;;SIGNED;2027-01-01;2030-12-31;2027;4880710,08;0,00
101311025;HORIZON;WISE;From WIdening to urban Sustainability innovation and Excellence;HORIZON.4.1;Widening participation and spreading excellence;Widening participation and spreading excellence;HORIZON-CSA;UNIVERZA NA PRIMORSKEM UNIVERSITA DEL LITORALE;SI;UNIVERSIDAD DE ALICANTE;SIGNED;2026-09-01;2030-08-31;2026;4984935,00;4984935,00
633379;H2020;CITSCI;CITIZEN SCIENCE: BRIDGING THE GAP BETWEEN  RESEARCH AND SOCIETY IN PORTUGAL;H2020-EU.1.3.;EXCELLENT SCIENCE - Marie Skłodowska-Curie Actions;Marie Skłodowska-Curie Actions;CSA;UNIVERSIDADE DE LISBOA;PT;;CLOSED;2014-05-01;2015-11-30;2014;122050,00;122050,00
642241;H2020;BIG4;BIG4 - Biosystematics, Informatics and Genetics of the big 4 insect groups: training tomorrow's researchers and entrepreneurs;H2020-EU.1.3.;EXCELLENT SCIENCE - Marie Skłodowska-Curie Actions;Marie Skłodowska-Curie Actions;MSCA-ITN-ETN;KOBENHAVNS UNIVERSITET;DK;Era7 Information Technologies SL;CLOSED;2015-01-01;2018-12-31;2015;3874278,60;3874278,60
644964;H2020;LIGHT2015;The International Year of Light in Europe 2015;H2020-EU.2.1.1.;INDUSTRIAL LEADERSHIP - Leadership in enabling and industrial technologies - Information and Communication Technologies (ICT);Leadership in enabling and industrial technologies - Information and Communication Technologies;CSA;EUROPEAN PHYSICAL SOCIETY ASSOCIATION;FR;FUNDACIO INSTITUT DE CIENCIES FOTONIQUES;CLOSED;2015-01-01;2016-06-30;2015;979808,75;979808,75
656439;H2020;ESAIRE;Engaging Citizens in Science: Promoting the Viability of Participatory Sensing for Monitoring Air and Environmental Quality;H2020-EU.1.3.;EXCELLENT SCIENCE - Marie Skłodowska-Curie Actions;Marie Skłodowska-Curie Actions;MSCA-IF;FUNDACION PRIVADA INSTITUTO DE SALUD GLOBAL BARCELONA;ES;FUNDACION PRIVADA INSTITUTO DE SALUD GLOBAL BARCELONA;CLOSED;2015-04-01;2018-04-17;2015;170121,60;170121,60
642197;H2020;AQUAINVAD-ED;AQUAtic INVAders: Early Detection, Control and Management;H2020-EU.1.3.;EXCELLENT SCIENCE - Marie Skłodowska-Curie Actions;Marie Skłodowska-Curie Actions;MSCA-ITN-ETN;SWANSEA UNIVERSITY;UK;NEOALGAE MICRO SEAWEEDS PRODUCTS SL | UNIVERSIDAD DE OVIEDO | FUNDACION AZTI - AZTI FUNDAZIOA;CLOSED;2015-06-01;2019-05-31;2015;2079605,16;2079605,16
688110;H2020;CAPTOR;Collective Awareness Platform for Tropospheric Ozone Pollution;H2020-EU.2.1.1.;INDUSTRIAL LEADERSHIP - Leadership in enabling and industrial technologies - Information and Communication Technologies (ICT);Leadership in enabling and industrial technologies - Information and Communication Technologies;RIA;UNIVERSITAT POLITECNICA DE CATALUNYA;ES;AGENCIA ESTATAL CONSEJO SUPERIOR DE INVESTIGACIONES CIENTIFICAS | UNIVERSITAT POLITECNICA DE CATALUNYA | FUNDACIO PRIVADA PER A LA XARXA OBERTA, LLIURE I NEUTRAL, GUIFI.NET | ECOLOGISTAS EN ACCION;CLOSED;2016-01-01;2018-12-31;2016;1963982,50;1963982,50
688620;H2020;Making Sense;Making Sense;H2020-EU.2.1.1.;INDUSTRIAL LEADERSHIP - Leadership in enabling and industrial technologies - Information and Communication Technologies (ICT);Leadership in enabling and industrial technologies - Information and Communication Technologies;RIA;STICHTING WAAG SOCIETY;NL;INSTITUT D'ARQUITECTURA AVANCADA DE CATALUNYA;CLOSED;2015-11-01;2017-12-31;2015;1547774,50;1547774,50
709443;H2020;DITOs;Doing It Together science (DITOs);H2020-EU.5.c.;Integrate society in science and innovation issues, policies and activities in order to integrate citizens' interests and values and to increase the quality, relevance, social acceptability and sustainability of research and innovation outcomes in various fields of activity from social innovation to areas such as biotechnology and nanotechnology;Integrate society in science and innovation issues, policies and activities in order to integrate citizens' interests and values and to increase the quality, relevance, social acceptability and sustainability of research and innovation outcomes in various fields of activity from social innovation to areas such as biotechnology and nanotechnology;CSA;UNIVERSITY COLLEGE LONDON;UK;MADRID DESTINO CULTURA TURISMO Y NEGOCIO SA;CLOSED;2016-06-01;2019-05-31;2016;3498953,75;3935075,00
710577;H2020;STEM4youth;Promotion of STEM education by key scientific challenges and their impact on our life and career perspectives;H2020-EU.5.a.;Make scientific and technological careers attractive to young students, and forster sustainable interaction between schools, research institutions, industry and civil society organisations;Make scientific and technological careers attractive to young students, and forster sustainable interaction between schools, research institutions, industry and civil society organisations;RIA;POLITECHNIKA WARSZAWSKA;PL;UNIVERSITAT DE BARCELONA | OPEN EVIDENCE | UNIVERSIDAD DE CANTABRIA;CLOSED;2016-05-01;2018-10-31;2016;1766936,25;1776936,25
688995;H2020;Waste4Think;Moving towards Life Cycle Thinking by integrating Advanced Waste Management Systems;H2020-EU.3.5.;SOCIETAL CHALLENGES - Climate action, Environment, Resource Efficiency and Raw Materials;Climate action, Environment, Resource Efficiency and Raw Materials;IA;FUNDACION DEUSTO-DEUSTU FUNDAZIOA;ES;FUNDACION DEUSTO-DEUSTU FUNDAZIOA | ZABALA INNOVATION CONSULTING SA | VIRTUALWARE 2007 SA | AYUNTAMIENTO DE ZAMUDIO | MANCOMUNIDAD DE SERVICIOS DEL TXORIERRI | MOBA-ISE MOBILE AUTOMATION SL | UNIVERSIDAD DE LA IGLESIA DE DEUSTO ENTIDAD RELIGIOSA | FUNDACION VIRTUALWARE LABS | ASOCIACION CLUSTER DE INDUSTRIAS DEMEDIO AMBIENTE DE EUSKADI | AGENCIA DE ECOLOGIA URBANA DE BARCELONA;CLOSED;2016-06-01;2020-02-29;2016;8818556,12;10521412,35
703999;H2020;YnotSing;Evolution of sexual dimorphisms: all about losing not choosing?;H2020-EU.1.3.;EXCELLENT SCIENCE - Marie Skłodowska-Curie Actions;Marie Skłodowska-Curie Actions;MSCA-IF;UNIVERSITEIT LEIDEN;NL;;TERMINATED;2016-09-01;2018-08-31;2016;165598,80;165598,80
722628;H2020;reSEARCH;Re(search);H2020-EU.1.3.;EXCELLENT SCIENCE - Marie Skłodowska-Curie Actions;Marie Skłodowska-Curie Actions;CSA;THE PROVOST, FELLOWS, FOUNDATION SCHOLARS & THE OTHER MEMBERS OF BOARD, OF THE COLLEGE OF THE HOLY & UNDIVIDED TRINITY OF QUEEN ELIZABETH NEAR DUBLIN;IE;;CLOSED;2016-06-01;2017-11-30;2016;159900,00;159900,00
722750;H2020;RNEst16-17;Researcher's Night 2016-2017 in Estonia;H2020-EU.1.3.;EXCELLENT SCIENCE - Marie Skłodowska-Curie Actions;Marie Skłodowska-Curie Actions;CSA;SIHTASUTUS TEADUSKESKUS AHHAA;EE;;CLOSED;2016-06-01;2017-11-30;2016;164000,00;177250,00
720325;H2020;FoodSmartphone;Smartphone analyzers for on-site testing of food quality and safety;H2020-EU.1.3.;EXCELLENT SCIENCE - Marie Skłodowska-Curie Actions;Marie Skłodowska-Curie Actions;MSCA-ITN-ETN;STICHTING WAGENINGEN RESEARCH;NL;AGENCIA ESTATAL CONSEJO SUPERIOR DE INVESTIGACIONES CIENTIFICAS;CLOSED;2017-01-01;2021-03-31;2017;2830941,14;2830941,14
694767;H2020;ECSAnVis;Extreme Citizen Science: Analysis and Visualisation;H2020-EU.1.1.;EXCELLENT SCIENCE - European Research Council (ERC);European Research Council;ERC-ADG;UNIVERSITY COLLEGE LONDON;UK;;CLOSED;2016-11-01;2022-07-31;2016;2500000,00;2500000,00
732703;H2020;GAPARS;Gamification of participatory science for training and education purposes;H2020-EU.2.1.1.;INDUSTRIAL LEADERSHIP - Leadership in enabling and industrial technologies - Information and Communication Technologies (ICT);Leadership in enabling and industrial technologies - Information and Communication Technologies;IA;MMOS SARL;CH;;CLOSED;2017-01-01;2019-06-30;2017;573297,00;1661852,87
740481;H2020;PIONEER;The effect of seagrass bed habitat quality on selected ecosystem services;H2020-EU.1.3.;EXCELLENT SCIENCE - Marie Skłodowska-Curie Actions;Marie Skłodowska-Curie Actions;MSCA-IF-EF-ST;AGENCIA ESTATAL CONSEJO SUPERIOR DE INVESTIGACIONES CIENTIFICAS;ES;AGENCIA ESTATAL CONSEJO SUPERIOR DE INVESTIGACIONES CIENTIFICAS;CLOSED;2018-01-08;2020-01-07;2018;158121,60;158121,60
115985;H2020;MOPEAD;Models Of Patient Engagement for Alzheimer’s Disease - Sofia ref.: 115985;H2020-EU.3.1.;SOCIETAL CHALLENGES - Health, demographic change and well-being;Health, demographic change and well-being;IMI2-RIA;FUNDACIO ACE;ES;GMV SOLUCIONES GLOBALES INTERNET SAU | FUNDACIO ACE | FUNDACIO HOSPITAL UNIVERSITARI VALL D'HEBRON - INSTITUT DE RECERCA;CLOSED;2016-10-01;2019-12-31;2016;2043000,00;4581967,80
741527;H2020;ORION;Open Responsible research and Innovation to further Outstanding kNowledge.;H2020-EU.5.f.;Develop the governance for the advancement of responsible research and innovation by all stakeholders, which is sensitive to society needs and demands and promote an ethics framework for research and innovation;Develop the governance for the advancement of responsible research and innovation by all stakeholders, which is sensitive to society needs and demands and promote an ethics framework for research and innovation;CSA;FUNDACIO CENTRE DE REGULACIO GENOMICA;ES;INSTITUTO DE SALUD CARLOS III | UNIVERSITAT AUTONOMA DE BARCELONA | FUNDACIO CENTRE DE REGULACIO GENOMICA;CLOSED;2017-05-01;2021-09-30;2017;3157301,25;3157301,25
746334;H2020;LUCCA;Land Use and Climate Change Attribution for biodiversity impact assessments;H2020-EU.1.3.;EXCELLENT SCIENCE - Marie Skłodowska-Curie Actions;Marie Skłodowska-Curie Actions;MSCA-IF-EF-ST;KOBENHAVNS UNIVERSITET;DK;;CLOSED;2018-09-01;2021-09-01;2018;212194,80;212194,80
776691;H2020;TWIGA;Transforming Weather  Water data into value-added Information services for sustainable Growth in Africa;H2020-EU.3.5.;SOCIETAL CHALLENGES - Climate action, Environment, Resource Efficiency and Raw Materials;Climate action, Environment, Resource Efficiency and Raw Materials;RIA;TECHNISCHE UNIVERSITEIT DELFT;NL;FUTUREWATER SL | STARLAB BARCELONA SL;CLOSED;2018-02-01;2022-07-31;2018;4979622,50;5006823,77
776740;H2020;WeObserve;An Ecosystem of Citizen Observatories for Environmental Monitoring;H2020-EU.3.5.;SOCIETAL CHALLENGES - Climate action, Environment, Resource Efficiency and Raw Materials;Climate action, Environment, Resource Efficiency and Raw Materials;CSA;INTERNATIONALES INSTITUT FUER ANGEWANDTE SYSTEMANALYSE;AT;CENTRO DE INVESTIGACION ECOLOGICA Y APLICACIONES FORESTALES;CLOSED;2017-12-01;2021-03-31;2017;1069507,50;1069507,50
777435;H2020;DEEP-HybridDataCloud;Designing and Enabling E-infrastructures for intensive Processing in a Hybrid DataCloud;H2020-EU.1.4.;EXCELLENT SCIENCE - Research Infrastructures;Research Infrastructures;RIA;AGENCIA ESTATAL CONSEJO SUPERIOR DE INVESTIGACIONES CIENTIFICAS;ES;AGENCIA ESTATAL CONSEJO SUPERIOR DE INVESTIGACIONES CIENTIFICAS | ATOS SPAIN SA | UNIVERSITAT POLITECNICA DE VALENCIA | ATOS IT SOLUTIONS AND SERVICES IBERIA SL;CLOSED;2017-11-01;2020-04-30;2017;2988750,00;2988750,00
777541;H2020;OpenAIRE-Advance;OpenAIRE Advancing Open Scholarship;H2020-EU.1.4.;EXCELLENT SCIENCE - Research Infrastructures;Research Infrastructures;RIA;ETHNIKO KAI KAPODISTRIAKO PANEPISTIMIO ATHINON;EL;FUNDACION ESPANOLA PARA LA CIENCIAY LA TECNOLOGIA, F.S.P., FECYT;CLOSED;2018-01-01;2021-02-28;2018;9999997,50;9999997,50
780262;H2020;SHARE4RARE;Social media platform dedicated to rare diseases, using collective intelligence for the generation of awareness and advanced knowledge on this large group of diseases.;H2020-EU.2.1.1.;INDUSTRIAL LEADERSHIP - Leadership in enabling and industrial technologies - Information and Communication Technologies (ICT);Leadership in enabling and industrial technologies - Information and Communication Technologies;IA;FUNDACIO PRIVADA PER A LA RECERCA I LA DOCENCIA SANT JOAN DE DEU;ES;FUNDACIO PRIVADA PER A LA RECERCA I LA DOCENCIA SANT JOAN DE DEU | HOSPITAL SANT JOAN DE DEU | UNIVERSITAT POLITECNICA DE CATALUNYA | ASSERTA GLOBAL HEALTHCARE SOLUTIONS | OMADA INTERACTIVA SLL | CLICLAB TRANSFORMATIVE AGENT SL;CLOSED;2018-01-01;2021-06-30;2018;1921962,50;2165047,37
795114;H2020;THREAT;The threat status of endemic Atlantic Forest trees;H2020-EU.1.3.;EXCELLENT SCIENCE - Marie Skłodowska-Curie Actions;Marie Skłodowska-Curie Actions;MSCA-IF-EF-ST;STICHTING NATURALIS BIODIVERSITY CENTER;NL;;CLOSED;2018-08-01;2020-10-12;2018;165598,80;165598,80
795921;H2020;urbanbird;Social life in the city: how urbanization affects cooperation and competition among social birds;H2020-EU.1.3.;EXCELLENT SCIENCE - Marie Skłodowska-Curie Actions;Marie Skłodowska-Curie Actions;MSCA-IF-EF-RI;STICHTING RADBOUD UNIVERSITEIT;NL;;CLOSED;2018-04-01;2020-03-31;2018;177598,80;177598,80
796520;H2020;PEPPER;Positive Environment in Public Participation and Engagement for Responsible Research and Innovation;H2020-EU.1.3.;EXCELLENT SCIENCE - Marie Skłodowska-Curie Actions;Marie Skłodowska-Curie Actions;MSCA-IF;OSLOMET - STORBYUNIVERSITETET;NO;;CLOSED;2018-09-03;2020-09-02;2018;208400,40;208400,40
787289;H2020;GRECO;Fostering a Next Generation of European Photovoltaic Society through Open Science;H2020-EU.5.d.;Encourage citizens to engage in science through formal and informal science education, and promote the diffusion of science-based activities, namely in science centres and through other appropriate channels;Encourage citizens to engage in science through formal and informal science education, and promote the diffusion of science-based activities, namely in science centres and through other appropriate channels;RIA;UNIVERSIDAD POLITECNICA DE MADRID;ES;UNIVERSIDAD POMPEU FABRA | CONSEJERÍA DE SOSTENIBILIDAD Y MEDIO AMBIENTE | EUROMEDITERRANEAN IRRIGATORS COMMUNITY | UNIVERSIDAD POLITECNICA DE MADRID;CLOSED;2018-06-01;2021-05-31;2018;2973220,00;3116595,00
788960;H2020;COSMOS;COSMOS: Computational Shaping and Modeling of Musical Structures;H2020-EU.1.1.;EXCELLENT SCIENCE - European Research Council (ERC);European Research Council;ERC-ADG;KING'S COLLEGE LONDON;UK;;SIGNED;2019-06-01;2025-11-30;2019;2495776,00;2495776,25
789315;H2020;D-NOSES;Distributed Network for Odour Sensing, Empowerment and Sustainability;H2020-EU.5.f.;Develop the governance for the advancement of responsible research and innovation by all stakeholders, which is sensitive to society needs and demands and promote an ethics framework for research and innovation;Develop the governance for the advancement of responsible research and innovation by all stakeholders, which is sensitive to society needs and demands and promote an ethics framework for research and innovation;CSA;FUNDACION IBERCIVIS;ES;IDEAS 3493 SL | FUNDACION IBERCIVIS | ASOCIACION MEDIOAMBIENTAL INTERNACIONAL DE GESTORES DEL OLOR;CLOSED;2018-04-01;2021-09-30;2018;3158612,50;3158612,50
819006;H2020;Sci4all;Science is for all of us;H2020-EU.1.3.;EXCELLENT SCIENCE - Marie Skłodowska-Curie Actions;Marie Skłodowska-Curie Actions;CSA;PRACTICAL ROBOTICS INSTITUTE AUSTRIA (PRIA) ZUR FORDERUNG DES WISSENSCHAFTLICH-TECHNISCHEM NACHWUCHSES UBER ROBOTIK IN OSTERREICH;AT;;CLOSED;2018-05-01;2019-12-31;2018;149132,50;149132,50
817914;H2020;PROBE;PROBE: European Researchers' Night at Trinity College Dublin;H2020-EU.1.3.;EXCELLENT SCIENCE - Marie Skłodowska-Curie Actions;Marie Skłodowska-Curie Actions;CSA;THE PROVOST, FELLOWS, FOUNDATION SCHOLARS & THE OTHER MEMBERS OF BOARD, OF THE COLLEGE OF THE HOLY & UNDIVIDED TRINITY OF QUEEN ELIZABETH NEAR DUBLIN;IE;;CLOSED;2018-06-01;2019-11-30;2018;203750,00;203750,00
818728;H2020;BEES;BE a citizEn Scientist;H2020-EU.1.3.;EXCELLENT SCIENCE - Marie Skłodowska-Curie Actions;Marie Skłodowska-Curie Actions;CSA;ASSOCIAZIONE FRASCATI SCIENZA;IT;;CLOSED;2018-04-01;2019-11-30;2018;360000,00;360000,00
818352;H2020;NOCMOC;Noč ima svojo moč, European Researchers’ Night (NIGHT);H2020-EU.1.3.;EXCELLENT SCIENCE - Marie Skłodowska-Curie Actions;Marie Skłodowska-Curie Actions;CSA;USTANOVA HISA EKSPERIMENTOV;SI;;CLOSED;2018-04-15;2019-12-14;2018;175062,50;175062,50
818879;H2020;REFRESH;REFRESH - Relate, Experience, Find Research Everywhere and SHare;H2020-EU.1.3.;EXCELLENT SCIENCE - Marie Skłodowska-Curie Actions;Marie Skłodowska-Curie Actions;CSA;ZENTYR ZA IZSLEDVANE I ANALISI;BG;;CLOSED;2018-06-01;2020-01-31;2018;208125,00;208125,00
818515;H2020;BRIGHT;Brilliant Researchers Impact on Growth Health and Trust in Research;H2020-EU.1.3.;EXCELLENT SCIENCE - Marie Skłodowska-Curie Actions;Marie Skłodowska-Curie Actions;CSA;UNIVERSITA DEGLI STUDI DI SIENA;IT;;CLOSED;2018-06-01;2020-01-31;2018;200000,00;200000,00
819158;H2020;NHM Night 7;NHM Researchers Night;H2020-EU.1.3.;EXCELLENT SCIENCE - Marie Skłodowska-Curie Actions;Marie Skłodowska-Curie Actions;CSA;NATURAL HISTORY MUSEUM;UK;;CLOSED;2018-07-01;2020-02-29;2018;181194,00;370013,75
818340;H2020;OPENRESEARCHERS1819;Open Researchers 2018-2019;H2020-EU.1.3.;EXCELLENT SCIENCE - Marie Skłodowska-Curie Actions;Marie Skłodowska-Curie Actions;CSA;DESCUBRE - FUNDACION ANDALUZA PARA LA DIVULGACION DE LA INNOVACION Y EL CONOCIMIENTO;ES;UNIVERSIDAD PABLO DE OLAVIDE | INSTITUTO MUNICIPAL DE GESTION MEDIOAMBIENTAL - JARDIN BOTANICO DE CORDOBA | UNIVERSIDAD DE GRANADA | UNIVERSIDAD DE HUELVA | UNIVERSIDAD DE JAEN | AGENCIA ESTATAL CONSEJO SUPERIOR DE INVESTIGACIONES CIENTIFICAS | UNIVERSIDAD DE CORDOBA | UNIVERSIDAD DE ALMERIA | DESCUBRE - FUNDACION ANDALUZA PARA LA DIVULGACION DE LA INNOVACION Y EL CONOCIMIENTO | UNIVERSIDAD DE MALAGA | FUNDACION PUBLICA ANDALUZA PROGRESO Y SALUD M.P. | UNIVERSIDAD DE CADIZ | UNIVERSIDAD DE SEVILLA;CLOSED;2018-04-01;2019-11-30;2018;202326,18;414739,94
824484;H2020;CitieS-Health;Citizen Science for Urban Environment and Health;H2020-EU.5.c.;Integrate society in science and innovation issues, policies and activities in order to integrate citizens' interests and values and to increase the quality, relevance, social acceptability and sustainability of research and innovation outcomes in various fields of activity from social innovation to areas such as biotechnology and nanotechnology;Integrate society in science and innovation issues, policies and activities in order to integrate citizens' interests and values and to increase the quality, relevance, social acceptability and sustainability of research and innovation outcomes in various fields of activity from social innovation to areas such as biotechnology and nanotechnology;RIA;FUNDACION PRIVADA INSTITUTO DE SALUD GLOBAL BARCELONA;ES;FUNDACION PRIVADA INSTITUTO DE SALUD GLOBAL BARCELONA | IDEAS 3493 SL;CLOSED;2019-01-01;2022-06-30;2019;2000500,00;2000500,00
824323;H2020;BE OPEN;European forum and oBsErvatory for OPEN science in transport;H2020-EU.3.4.;SOCIETAL CHALLENGES - Smart, Green And Integrated Transport;Smart, Green And Integrated Transport;CSA;ETHNIKO KENTRO EREVNAS KAI TECHNOLOGIKIS ANAPTYXIS;EL;SCIPEDIA SL;CLOSED;2019-01-01;2021-06-30;2019;1997283,75;1997283,75
824603;H2020;ACTION;Participatory science toolkit against pollution;H2020-EU.5.c.;Integrate society in science and innovation issues, policies and activities in order to integrate citizens' interests and values and to increase the quality, relevance, social acceptability and sustainability of research and innovation outcomes in various fields of activity from social innovation to areas such as biotechnology and nanotechnology;Integrate society in science and innovation issues, policies and activities in order to integrate citizens' interests and values and to increase the quality, relevance, social acceptability and sustainability of research and innovation outcomes in various fields of activity from social innovation to areas such as biotechnology and nanotechnology;RIA;KING'S COLLEGE LONDON;UK;UNIVERSIDAD COMPLUTENSE DE MADRID | UNIVERSIDAD POLITECNICA DE MADRID;CLOSED;2019-02-01;2022-01-31;2019;1994911,25;1994911,25
824711;H2020;MICS;Developing metrics and instruments to evaluate citizen science impacts on the environment and society;H2020-EU.5.c.;Integrate society in science and innovation issues, policies and activities in order to integrate citizens' interests and values and to increase the quality, relevance, social acceptability and sustainability of research and innovation outcomes in various fields of activity from social innovation to areas such as biotechnology and nanotechnology;Integrate society in science and innovation issues, policies and activities in order to integrate citizens' interests and values and to increase the quality, relevance, social acceptability and sustainability of research and innovation outcomes in various fields of activity from social innovation to areas such as biotechnology and nanotechnology;RIA;CONSERVATION EDUCATION AND RESEARCH TRUST;UK;;CLOSED;2019-01-01;2022-07-31;2019;1944428,00;1944428,00
824580;H2020;EU-Citizen.Science;The Platform for Sharing, Initiating, and Learning Citizen Science in Europe;H2020-EU.5.c.;Integrate society in science and innovation issues, policies and activities in order to integrate citizens' interests and values and to increase the quality, relevance, social acceptability and sustainability of research and innovation outcomes in various fields of activity from social innovation to areas such as biotechnology and nanotechnology;Integrate society in science and innovation issues, policies and activities in order to integrate citizens' interests and values and to increase the quality, relevance, social acceptability and sustainability of research and innovation outcomes in various fields of activity from social innovation to areas such as biotechnology and nanotechnology;CSA;MUSEUM FUR NATURKUNDE - LEIBNIZ-INSTITUT FUR EVOLUTIONS- UND BIODIVERSITATSFORSCHUNG AN DER HUMBOLDT-UNIVERSITAT ZU BERLIN;DE;FUNDACION IBERCIVIS | MINISTERIO DE ECONOMIA, COMERCIO Y EMPRESA;CLOSED;2019-01-01;2021-12-31;2019;1999878,75;1999878,75
833401;H2020;NEXUS-DRR;Building resilience in the face of nexus threats: local knowledge and social practices of Brazilian youth;H2020-EU.1.3.;EXCELLENT SCIENCE - Marie Skłodowska-Curie Actions;Marie Skłodowska-Curie Actions;MSCA-IF;THE UNIVERSITY OF BIRMINGHAM;UK;;CLOSED;2019-08-05;2023-02-20;2019;270327,36;270327,36
836989;H2020;GRACE;GRAssroots Citizen science for global data Environments;H2020-EU.1.3.;EXCELLENT SCIENCE - Marie Skłodowska-Curie Actions;Marie Skłodowska-Curie Actions;MSCA-IF;THE CHANCELLOR MASTERS AND SCHOLARS OF THE UNIVERSITY OF CAMBRIDGE;UK;;TERMINATED;2019-09-01;2022-08-31;2019;224933,76;224933,76
821242;H2020;CLEARING HOUSE;CLEARING HOUSE - Collaborative Learning in Research, Information-sharing and Governance on How Urban tree-based solutions support Sino-European urban futures;H2020-EU.3.5.;SOCIETAL CHALLENGES - Climate action, Environment, Resource Efficiency and Raw Materials;Climate action, Environment, Resource Efficiency and Raw Materials;RIA;EUROPEAN FOREST INSTITUTE;FI;CENTRO DE INVESTIGACION ECOLOGICA Y APLICACIONES FORESTALES | AREA METROPOLITANA DE BARCELONA;CLOSED;2019-09-01;2024-02-29;2019;4986463,75;7687863,75
863463;H2020;COS4CLOUD;Co-designed Citizen Observatories Services for the EOS-Cloud;H2020-EU.1.4.;EXCELLENT SCIENCE - Research Infrastructures;Research Infrastructures;RIA;AGENCIA ESTATAL CONSEJO SUPERIOR DE INVESTIGACIONES CIENTIFICAS;ES;BINEO CONSULTING S.L. | AGENCIA ESTATAL CONSEJO SUPERIOR DE INVESTIGACIONES CIENTIFICAS | SCIENCE FOR CHANGE, SL | CENTRO DE INVESTIGACION ECOLOGICA Y APLICACIONES FORESTALES;CLOSED;2019-11-01;2023-02-28;2019;5999055,75;5999055,75
862663;H2020;FoodE;Food Systems in European Cities;H2020-EU.3.2.;SOCIETAL CHALLENGES - Food security, sustainable agriculture and forestry, marine, maritime and inland water research, and the bioeconomy;Food security, sustainable agriculture and forestry, marine, maritime and inland water research, and the bioeconomy;IA;ALMA MATER STUDIORUM - UNIVERSITA DI BOLOGNA;IT;ORGANIZACION DE PRODUCTORES DE TUNIDOS Y PESCA FRESCA DE LA ISTA DE TENERIFE | AJUNTAMENT DE SABADELL | UNIVERSIDAD DE LA LAGUNA | UNIVERSITAT AUTONOMA DE BARCELONA;CLOSED;2020-02-01;2024-01-31;2020;7174252,38;7591314,95
869673;H2020;CAPARDUS;Capacity-building in Arctic standardisation development;H2020-EU.3.5.;SOCIETAL CHALLENGES - Climate action, Environment, Resource Efficiency and Raw Materials;Climate action, Environment, Resource Efficiency and Raw Materials;CSA;STIFTELSEN NANSEN SENTER FOR MILJOOG FJERNMALING;NO;;CLOSED;2019-12-01;2023-05-31;2019;2003009,25;2021009,25
872687;H2020;TRANSFORM;Territories as Responsive and Accountable Networks of S3 through new Forms of Open and Responsible decision-Making;H2020-EU.5.f.;Develop the governance for the advancement of responsible research and innovation by all stakeholders, which is sensitive to society needs and demands and promote an ethics framework for research and innovation;Develop the governance for the advancement of responsible research and innovation by all stakeholders, which is sensitive to society needs and demands and promote an ethics framework for research and innovation;CSA;FONDAZIONE GIANNINO BASSETTI ETS;IT;DEPARTAMENT D'ECONOMIA I HISENDA | SCIENCE FOR CHANGE, SL | UNIVERSITAT DE BARCELONA;CLOSED;2020-01-01;2022-12-31;2020;2083187,50;2083187,50
872522;H2020;CS-Track;Expanding our knowledge on Citizen Science through analytics and analysis;H2020-EU.5.c.;Integrate society in science and innovation issues, policies and activities in order to integrate citizens' interests and values and to increase the quality, relevance, social acceptability and sustainability of research and innovation outcomes in various fields of activity from social innovation to areas such as biotechnology and nanotechnology;Integrate society in science and innovation issues, policies and activities in order to integrate citizens' interests and values and to increase the quality, relevance, social acceptability and sustainability of research and innovation outcomes in various fields of activity from social innovation to areas such as biotechnology and nanotechnology;RIA;THE MOFET INSTITUTE - THE SCHOOL FOR THE RESEARCH AND DEVELOPMENT OF PROGRAMS IN TEACHER TRAINING AND EDUCATION AT COLLEGES;IL;UNIVERSIDAD POMPEU FABRA | UNIVERSIDAD REY JUAN CARLOS;CLOSED;2019-12-01;2023-01-31;2019;2270283,75;2270283,75
872859;H2020;REINFORCE;REsearch INfrastructures FOR Citizens in Europe;H2020-EU.5.c.;Integrate society in science and innovation issues, policies and activities in order to integrate citizens' interests and values and to increase the quality, relevance, social acceptability and sustainability of research and innovation outcomes in various fields of activity from social innovation to areas such as biotechnology and nanotechnology;Integrate society in science and innovation issues, policies and activities in order to integrate citizens' interests and values and to increase the quality, relevance, social acceptability and sustainability of research and innovation outcomes in various fields of activity from social innovation to areas such as biotechnology and nanotechnology;RIA;EUROPEAN GRAVITATIONAL OBSERVATORY(EGO) (OSSERVATORIO GRAVITAZIONALE EUROPEO);IT;;CLOSED;2019-12-01;2022-11-30;2019;2030265,00;2030265,00
872500;H2020;ParCos;Participatory Communication of Science;H2020-EU.5.h.;Improving knowledge on science communication in order to improve the quality and effectiveness of interactions between scientists, general media and the public;Improving knowledge on science communication in order to improve the quality and effectiveness of interactions between scientists, general media and the public;RIA;LAPPEENRANNAN-LAHDEN TEKNILLINEN YLIOPISTO LUT;FI;;CLOSED;2020-01-01;2023-03-31;2020;1379772,50;1379772,50
872557;H2020;EnviroCitizen;Citizen Science for Environmental Citizenship: Backyard Birding and the Potential for Cultivating Green Engagement;H2020-EU.5.c.;Integrate society in science and innovation issues, policies and activities in order to integrate citizens' interests and values and to increase the quality, relevance, social acceptability and sustainability of research and innovation outcomes in various fields of activity from social innovation to areas such as biotechnology and nanotechnology;Integrate society in science and innovation issues, policies and activities in order to integrate citizens' interests and values and to increase the quality, relevance, social acceptability and sustainability of research and innovation outcomes in various fields of activity from social innovation to areas such as biotechnology and nanotechnology;RIA;UNIVERSITETET I STAVANGER;NO;UNIVERSIDAD DE EXTREMADURA;CLOSED;2020-04-01;2023-09-30;2020;2259280,00;2611135,00
872743;H2020;WeCount;WeCount: Citizens Observing UrbaN Transport;H2020-EU.5.c.;Integrate society in science and innovation issues, policies and activities in order to integrate citizens' interests and values and to increase the quality, relevance, social acceptability and sustainability of research and innovation outcomes in various fields of activity from social innovation to areas such as biotechnology and nanotechnology;Integrate society in science and innovation issues, policies and activities in order to integrate citizens' interests and values and to increase the quality, relevance, social acceptability and sustainability of research and innovation outcomes in various fields of activity from social innovation to areas such as biotechnology and nanotechnology;RIA;TRANSPORT & MOBILITY LEUVEN;BE;IDEAS 3493 SL;CLOSED;2019-12-01;2021-11-30;2019;1957897,50;1957897,50
873048;H2020;CoAct;Co-designing Citizen Social Science for Collective Action;H2020-EU.5.c.;Integrate society in science and innovation issues, policies and activities in order to integrate citizens' interests and values and to increase the quality, relevance, social acceptability and sustainability of research and innovation outcomes in various fields of activity from social innovation to areas such as biotechnology and nanotechnology;Integrate society in science and innovation issues, policies and activities in order to integrate citizens' interests and values and to increase the quality, relevance, social acceptability and sustainability of research and innovation outcomes in various fields of activity from social innovation to areas such as biotechnology and nanotechnology;RIA;UNIVERSITAT DE BARCELONA;ES;UNIVERSITAT DE BARCELONA | FEDERACIO SALUT MENTAL CATALUNYA;CLOSED;2020-01-01;2022-12-31;2020;2047226,25;2047226,25
873125;H2020;NEWSERA;Citizen Science as the new paradigm for Science Communication;H2020-EU.5.h.;Improving knowledge on science communication in order to improve the quality and effectiveness of interactions between scientists, general media and the public;Improving knowledge on science communication in order to improve the quality and effectiveness of interactions between scientists, general media and the public;RIA;SCIENCE FOR CHANGE, SL;ES;FUNDACION ESPANOLA PARA LA CIENCIAY LA TECNOLOGIA, F.S.P., FECYT | FUNDACION IBERCIVIS | SCIENCE FOR CHANGE, SL;CLOSED;2020-01-01;2023-03-31;2020;1299250,00;1299250,00
895220;H2020;WaspCLIM;A continental-scale test of the climate hypothesis for the evolution of altruism in insects;H2020-EU.1.3.;EXCELLENT SCIENCE - Marie Skłodowska-Curie Actions;Marie Skłodowska-Curie Actions;MSCA-IF;UNIVERSITY OF BRISTOL;UK;;CLOSED;2021-01-01;2023-12-31;2021;271732,80;271732,80
895147;H2020;CHICC;Culture, Heritage and Identities: Impacts of Climate Change in North West Europe;H2020-EU.1.3.;EXCELLENT SCIENCE - Marie Skłodowska-Curie Actions;Marie Skłodowska-Curie Actions;MSCA-IF;AARHUS UNIVERSITET;DK;;CLOSED;2021-02-01;2023-09-21;2021;207312,00;207312,00
853271;H2020;H-MIP;Human-Mosquito Interaction Project: Host-vector networks, mobility, and the socio-ecological context of mosquito-borne disease;H2020-EU.1.1.;EXCELLENT SCIENCE - European Research Council (ERC);European Research Council;ERC-STG;UNIVERSIDAD POMPEU FABRA;ES;UNIVERSIDAD POMPEU FABRA | AGENCIA ESTATAL CONSEJO SUPERIOR DE INVESTIGACIONES CIENTIFICAS;SIGNED;2020-04-01;2026-09-30;2020;1960828,00;1960828,00
882682;H2020;PLOCEAN;Plastic impacts on Ocean's biogeochemical cycles in the Anthropocene;H2020-EU.1.3.;EXCELLENT SCIENCE - Marie Skłodowska-Curie Actions;Marie Skłodowska-Curie Actions;MSCA-IF;HELMHOLTZ-ZENTRUM FUR OZEANFORSCHUNG KIEL (GEOMAR);DE;;TERMINATED;2021-07-05;2025-07-05;2021;264669,12;264669,12
869550;H2020;DOWN2EARTH;DOWN2EARTH: Translation of climate information into multilevel decision support for social adaptation, policy development, and resilience to water scarcity in the Horn of Africa Drylands;H2020-EU.3.5.;SOCIETAL CHALLENGES - Climate action, Environment, Resource Efficiency and Raw Materials;Climate action, Environment, Resource Efficiency and Raw Materials;RIA;CARDIFF UNIVERSITY;UK;;SIGNED;2020-09-01;2025-02-28;2020;6645663,50;6645663,50
891052;H2020;OptimCS;Optimising big data from citizen science projects for biodiversity research;H2020-EU.1.3.;EXCELLENT SCIENCE - Marie Skłodowska-Curie Actions;Marie Skłodowska-Curie Actions;MSCA-IF;MARTIN-LUTHER-UNIVERSITAT HALLE-WITTENBERG;DE;;CLOSED;2020-11-01;2022-10-31;2020;174806,40;174806,40
101000014;H2020;CS-SDG;A citizen science decade (2020-2030) in support to the Sustainable Development Goals;H2020-EU.5.c.;Integrate society in science and innovation issues, policies and activities in order to integrate citizens' interests and values and to increase the quality, relevance, social acceptability and sustainability of research and innovation outcomes in various fields of activity from social innovation to areas such as biotechnology and nanotechnology;Integrate society in science and innovation issues, policies and activities in order to integrate citizens' interests and values and to increase the quality, relevance, social acceptability and sustainability of research and innovation outcomes in various fields of activity from social innovation to areas such as biotechnology and nanotechnology;CSA;MUSEUM FUR NATURKUNDE - LEIBNIZ-INSTITUT FUR EVOLUTIONS- UND BIODIVERSITATSFORSCHUNG AN DER HUMBOLDT-UNIVERSITAT ZU BERLIN;DE;;CLOSED;2020-02-01;2021-01-31;2020;254250,00;254250,00
862862;H2020;INCREASE;Intelligent Collections of Food Legumes Genetic Resources for European Agrofood Systems;H2020-EU.3.2.;SOCIETAL CHALLENGES - Food security, sustainable agriculture and forestry, marine, maritime and inland water research, and the bioeconomy;Food security, sustainable agriculture and forestry, marine, maritime and inland water research, and the bioeconomy;RIA;UNIVERSITA POLITECNICA DELLE MARCHE;IT;AGENCIA ESTATAL CONSEJO SUPERIOR DE INVESTIGACIONES CIENTIFICAS | SERVICIO REGIONAL DE INVESTIGACION Y DESARROLLO AGROALIMENTARIO DEL PRINCIPADO DE ASTURIAS | INSTITUTO REGIONAL DE INVESTIGACION Y DESARROLLO AGROALIMENTARIO Y FORESTAL DE CASTILLA-LA MANCHA;SIGNED;2020-05-01;2026-04-30;2020;6999999,50;8826824,50
872944;H2020;CROWD4SDG;Citizen Science for Monitoring Climate Impacts and Achieving Climate Resilience;H2020-EU.5.c.;Integrate society in science and innovation issues, policies and activities in order to integrate citizens' interests and values and to increase the quality, relevance, social acceptability and sustainability of research and innovation outcomes in various fields of activity from social innovation to areas such as biotechnology and nanotechnology;Integrate society in science and innovation issues, policies and activities in order to integrate citizens' interests and values and to increase the quality, relevance, social acceptability and sustainability of research and innovation outcomes in various fields of activity from social innovation to areas such as biotechnology and nanotechnology;RIA;UNIVERSITE DE GENEVE;CH;AGENCIA ESTATAL CONSEJO SUPERIOR DE INVESTIGACIONES CIENTIFICAS;CLOSED;2020-05-01;2023-04-30;2020;1999436,25;1999436,25
862739;H2020;MOVING;Mountain Valorization through Interconnectedness and Green Growth;H2020-EU.3.2.;SOCIETAL CHALLENGES - Food security, sustainable agriculture and forestry, marine, maritime and inland water research, and the bioeconomy;Food security, sustainable agriculture and forestry, marine, maritime and inland water research, and the bioeconomy;RIA;UNIVERSIDAD DE CORDOBA;ES;UNIVERSIDAD DE CORDOBA | ASOCIACION PARA EL DESARROLLO DEL GUADAJOZ Y CAMPINA ESTE DE CORDOBA;CLOSED;2020-09-01;2024-08-31;2020;5996748,75;6000398,75
891513;H2020;SensJus;Sensing for Justice - Citizen Sensing as a source of evidence in environmental justice litigation and as a tool for environmental mediation;H2020-EU.1.3.;EXCELLENT SCIENCE - Marie Skłodowska-Curie Actions;Marie Skłodowska-Curie Actions;MSCA-IF;JRC -JOINT RESEARCH CENTRE- EUROPEAN COMMISSION;BE;;CLOSED;2021-09-01;2023-08-31;2021;171473,28;171473,28
955366;H2020;FF2020;European Researchers' Night in Sweden 2020: ForskarFredag (Researchers' Friday) 2020.;H2020-EU.1.3.;EXCELLENT SCIENCE - Marie Skłodowska-Curie Actions;Marie Skłodowska-Curie Actions;CSA;VETENSKAP & ALLMANHET, VA;SE;;CLOSED;2020-05-01;2021-04-30;2020;120000,00;538755,50
955377;H2020;Forschung begreifen;Forschung begreifen (Understanding Science and Research);H2020-EU.1.3.;EXCELLENT SCIENCE - Marie Skłodowska-Curie Actions;Marie Skłodowska-Curie Actions;CSA;PRACTICAL ROBOTICS INSTITUTE AUSTRIA (PRIA) ZUR FORDERUNG DES WISSENSCHAFTLICH-TECHNISCHEM NACHWUCHSES UBER ROBOTIK IN OSTERREICH;AT;;CLOSED;2020-05-01;2021-01-31;2020;89075,00;99075,00
955391;H2020;NOCMOC;Noč ima svojo moč (The Night has its Might), European Researchers' Night (NIGHT);H2020-EU.1.3.;EXCELLENT SCIENCE - Marie Skłodowska-Curie Actions;Marie Skłodowska-Curie Actions;CSA;USTANOVA HISA EKSPERIMENTOV;SI;;CLOSED;2020-05-01;2021-02-28;2020;170312,50;170312,50
862480;H2020;SHOWCASE;SHOWCASing synergies between agriculture, biodiversity and Ecosystem services to help farmers capitalising on native biodiversity;H2020-EU.3.2.;SOCIETAL CHALLENGES - Food security, sustainable agriculture and forestry, marine, maritime and inland water research, and the bioeconomy;Food security, sustainable agriculture and forestry, marine, maritime and inland water research, and the bioeconomy;RIA;WAGENINGEN UNIVERSITY;NL;AGENCIA ESTATAL CONSEJO SUPERIOR DE INVESTIGACIONES CIENTIFICAS | SCIENSEED SL | UNIVERSIDAD DE CADIZ;SIGNED;2020-11-01;2025-10-31;2020;7999771,25;7999837,50
955330;H2020;Cork Discovers;Cork Discovers: Discover your changing world;H2020-EU.1.3.;EXCELLENT SCIENCE - Marie Skłodowska-Curie Actions;Marie Skłodowska-Curie Actions;CSA;UCC ACADEMY DESIGNATED ACTIVITY COMPANY;IE;;CLOSED;2020-06-01;2021-05-31;2020;193485,00;193485,00
861852;H2020;IPM-Popillia;Integrated Pest Management of the invasive Japanese Beetle, Popillia japonica;H2020-EU.3.2.;SOCIETAL CHALLENGES - Food security, sustainable agriculture and forestry, marine, maritime and inland water research, and the bioeconomy;Food security, sustainable agriculture and forestry, marine, maritime and inland water research, and the bioeconomy;RIA;EIDGENOESSISCHES DEPARTEMENT FUER WIRTSCHAFT, BILDUNG UND FORSCHUNG;CH;;CLOSED;2020-09-01;2024-12-31;2020;5489350,00;5489350,00
954638;H2020;DoReMi-RO;Doing Research Midnight in ROmania;H2020-EU.1.3.;EXCELLENT SCIENCE - Marie Skłodowska-Curie Actions;Marie Skłodowska-Curie Actions;CSA;UNIVERSITATEA ALEXANDRU IOAN CUZA DIN IASI;RO;;CLOSED;2020-07-01;2021-02-28;2020;95250,00;95250,00
101000836;H2020;HOOP;HUB OF CIRCULAR CITIES BOOSTING PLATFORM TO FOSTER INVESTMENTS FOR THE  VALORISATION OF URBAN BIOWASTE AND WASTEWATER;H2020-EU.3.2.;SOCIETAL CHALLENGES - Food security, sustainable agriculture and forestry, marine, maritime and inland water research, and the bioeconomy;Food security, sustainable agriculture and forestry, marine, maritime and inland water research, and the bioeconomy;IA;ASOCIACION EMPRESARIAL CENTRO TECNOLOGICO DE LA ENERGIA Y DEL MEDIO AMBIENTE DE LA REGION DE MURCIA;ES;FUNDACION CENTRO GALLEGO DE INVESTIGACIONES DEL AGUA | INSTITUTO TECNOLOGICO DEL EMBALAJE, TRANSPORTE Y LOGISTICA | SCIENCE FOR CHANGE, SL | FUNDACION CENTRO ANDALUZ DE INVESTIGACIONES DEL AGUA | AYUNTAMIENTO DE MURCIA | BAX INNOVATION CONSULTING SL | ASOCIACION EMPRESARIAL CENTRO TECNOLOGICO DE LA ENERGIA Y DEL MEDIO AMBIENTE DE LA REGION DE MURCIA | SOCIEDAD ANONIMA AGRICULTORES DE LAVEGA DE VALENCIA;CLOSED;2020-10-01;2025-03-31;2020;7994989,13;8964207,52
101017448;H2020;Arqus R.I.;Arqus Research and Innovation;H2020-EU.5.;SCIENCE WITH AND FOR SOCIETY;SCIENCE WITH AND FOR SOCIETY;CSA;UNIVERSIDAD DE GRANADA;ES;UNIVERSIDAD DE GRANADA;CLOSED;2021-01-01;2023-12-31;2021;2000000,00;0,00
101004318;H2020;SEEDS;Sentinel EO-Based Emission and Deposition Service;H2020-EU.3.5.;SOCIETAL CHALLENGES - Climate action, Environment, Resource Efficiency and Raw Materials;Climate action, Environment, Resource Efficiency and Raw Materials;RIA;STIFTELSEN NILU;NO;ISARDSAT SL | LOBELIA EARTH SL;CLOSED;2021-01-01;2023-12-31;2021;1498875,00;1498875,00
960366;H2020;ISEED;Inclusive Science and European Democracies;H2020-EU.3.6.;SOCIETAL CHALLENGES - Europe In A Changing World - Inclusive, Innovative And Reflective Societies;Europe In A Changing World - Inclusive, Innovative And Reflective Societies;RIA;UNIVERSITA CA' FOSCARI  VENEZIA;IT;UNIVERSIDAD POMPEU FABRA;CLOSED;2021-02-01;2024-07-31;2021;2723287,00;2723287,00
101005931;H2020;YOUCOUNT;YOUCOUNT - EMPOWERING YOUTH AND COCREATING SOCIAL INNOVATIONS AND POLICYMAKING THROUGH YOUTH-FOCUSED CITIZEN SOCIAL SCIENCE;H2020-EU.5.;SCIENCE WITH AND FOR SOCIETY;SCIENCE WITH AND FOR SOCIETY;RIA;OSLOMET - STORBYUNIVERSITETET;NO;FUNDACION DEUSTO-DEUSTU FUNDAZIOA | UNIVERSIDAD DE LA IGLESIA DE DEUSTO ENTIDAD RELIGIOSA;CLOSED;2021-02-01;2024-01-31;2021;2200000,00;2200000,00
101006201;H2020;TIME4CS;Supporting sustainable Institutional Changes to promote Citizen Science in Science and Technology;H2020-EU.5.;SCIENCE WITH AND FOR SOCIETY;SCIENCE WITH AND FOR SOCIETY;CSA;AGENZIA PER LA PROMOZIONE DELLA RICERCA EUROPEA;IT;FUNDACIO CENTRE DE REGULACIO GENOMICA;CLOSED;2021-01-01;2023-12-31;2021;1499127,50;1499127,50
101007579;H2020;SciCoMove;Scientific Collections on the Move: Provincial Museums, Archives, and Collecting Practices (1800-1950);H2020-EU.1.3.;EXCELLENT SCIENCE - Marie Skłodowska-Curie Actions;Marie Skłodowska-Curie Actions;MSCA-RISE;UNIVERSITE DU MANS;FR;AGENCIA ESTATAL CONSEJO SUPERIOR DE INVESTIGACIONES CIENTIFICAS | CONSORCI DEL MUSEU DE CIENCIES NATURALS DE BARCELONA;CLOSED;2021-05-01;2025-04-30;2021;726800,00;726800,00
945536;H2020;LensEra;The statistical era of strong gravitational lensing cosmology;H2020-EU.1.1.;EXCELLENT SCIENCE - European Research Council (ERC);European Research Council;ERC-STG;UNIVERSITY OF PORTSMOUTH HIGHER EDUCATION CORPORATION;UK;;SIGNED;2021-08-01;2027-07-31;2021;1794707,00;1794707,00
101006386;H2020;STEP CHANGE;Science Transformation in EuroPe through Citizens involvement in HeAlth, coNservation and enerGy rEsearch;H2020-EU.5.;SCIENCE WITH AND FOR SOCIETY;SCIENCE WITH AND FOR SOCIETY;RIA;UNIVERZA NA PRIMORSKEM UNIVERSITA DEL LITORALE;SI;SCIENCE FOR CHANGE, SL;CLOSED;2021-03-01;2024-04-30;2021;2195836,25;2195836,25
101006430;H2020;ROSiE;Responsible Open Science in Europe;H2020-EU.5.;SCIENCE WITH AND FOR SOCIETY;SCIENCE WITH AND FOR SOCIETY;CSA;UNIVERSITETET I OSLO;NO;;CLOSED;2021-03-01;2024-02-29;2021;2498586,25;2498586,25
101016888;H2020;SMART-ER;ECIU University Research Institute for Smart European Regions;H2020-EU.5.;SCIENCE WITH AND FOR SOCIETY;SCIENCE WITH AND FOR SOCIETY;CSA;UNIVERSITEIT TWENTE;NL;UNIVERSITAT AUTONOMA DE BARCELONA;CLOSED;2021-02-01;2024-01-31;2021;1999052,50;0,00
101017861;H2020;SMARTLAGOON;Innovative modelling approaches for predicting Socio-environMentAl evolution in highly anthRopized coasTal LAGOONs;H2020-EU.1.2.;EXCELLENT SCIENCE - Future and Emerging Technologies (FET);Future and Emerging Technologies;RIA;FUNDACION UNIVERSITARIA SAN ANTONIO;ES;FUNDACION UNIVERSITARIA SAN ANTONIO | VIELCA INGENIEROS SA | UNIVERSITAT POLITECNICA DE VALENCIA;CLOSED;2021-01-01;2024-12-31;2021;3972313,71;3981907,50
101006518;H2020;JoinUs4Health;Join Us to Optimize Health Through Cohort Research;H2020-EU.5.;SCIENCE WITH AND FOR SOCIETY;SCIENCE WITH AND FOR SOCIETY;CSA;UNIVERSITATSMEDIZIN GREIFSWALD KORPERSCHAFT DES OFFENTLICHEN RECHTS;DE;;CLOSED;2021-01-01;2023-12-31;2021;1588541,25;1588541,25
101006325;H2020;COESO;Collaborative Engagement on Societal Issues;H2020-EU.5.;SCIENCE WITH AND FOR SOCIETY;SCIENCE WITH AND FOR SOCIETY;RIA;ECOLE DES HAUTES ETUDES EN SCIENCES SOCIALES;FR;FUNDACION IBERCIVIS;CLOSED;2021-01-01;2023-12-31;2021;2193418,75;2193418,75
101016967;H2020;YUFERING;YUFE Transforming Research and Innovation through Europe-wide Knowledge Transfer;H2020-EU.5.;SCIENCE WITH AND FOR SOCIETY;SCIENCE WITH AND FOR SOCIETY;CSA;UNIVERSITY OF CYPRUS;CY;UNIVERSIDAD CARLOS III DE MADRID;CLOSED;2021-03-01;2024-02-29;2021;1999997,50;0,00
101005330;H2020;INCENTIVE;Establishing Citizen Science Hubs in European Research Performing and Funding Organisations to drive institutional change and ground Responsible Research and Innovation in society;H2020-EU.5.;SCIENCE WITH AND FOR SOCIETY;SCIENCE WITH AND FOR SOCIETY;CSA;UNIVERSITEIT TWENTE;NL;UNIVERSITAT AUTONOMA DE BARCELONA;CLOSED;2021-02-01;2024-01-31;2021;1499458,75;1499458,75
101006251;H2020;SEEDS;Science Engagement to Empower Disadvantaged adoleScents;H2020-EU.5.;SCIENCE WITH AND FOR SOCIETY;SCIENCE WITH AND FOR SOCIETY;RIA;FUNDACIO INSTITUT D'INVESTIGACIO SANITARIA PERE VIRGILI (IISPV);ES;FUNDACIO INSTITUT D'INVESTIGACIO SANITARIA PERE VIRGILI (IISPV);CLOSED;2021-01-01;2022-12-31;2021;1099502,50;1099502,50
965315;H2020;RE-SAMPLE;RE-SAMPLE;H2020-EU.3.1.;SOCIETAL CHALLENGES - Health, demographic change and well-being;Health, demographic change and well-being;RIA;UNIVERSITEIT TWENTE;NL;ATOS SPAIN SA | ATOS IT SOLUTIONS AND SERVICES IBERIA SL;CLOSED;2021-03-01;2025-08-31;2021;5960795,00;5960795,00
949247;H2020;DeVOTE;The meanings of ‘voting’ for ordinary citizens, their causes and consequences;H2020-EU.1.1.;EXCELLENT SCIENCE - European Research Council (ERC);European Research Council;ERC-STG;UNIVERSITAT WIEN;AT;;SIGNED;2021-01-01;2026-12-31;2021;1498767,00;1498767,00
101023024;H2020;AUGMENTED-HUMANS;Augmenting Human and Artificial Intelligence to Scale Innovation;H2020-EU.1.3.;EXCELLENT SCIENCE - Marie Skłodowska-Curie Actions;Marie Skłodowska-Curie Actions;MSCA-IF;TAMPEREEN KORKEAKOULUSAATIO SR;FI;;CLOSED;2022-09-01;2024-08-31;2022;202680,96;202680,96
101017229;H2020;TORCH;Transforming Open Responsible Research and Innovation through CHARM;H2020-EU.5.;SCIENCE WITH AND FOR SOCIETY;SCIENCE WITH AND FOR SOCIETY;CSA;UNIVERSITAT DE BARCELONA;ES;UNIVERSITAT DE BARCELONA;CLOSED;2021-01-01;2023-12-31;2021;2163011,05;0,00
101026399;H2020;PESTNET;Depicting the impact of an invasive alien crop pest on local ecological networks;H2020-EU.1.3.;EXCELLENT SCIENCE - Marie Skłodowska-Curie Actions;Marie Skłodowska-Curie Actions;MSCA-IF;UNIVERSITA DEGLI STUDI DI PERUGIA;IT;;CLOSED;2022-09-01;2025-08-31;2022;255768,00;255768,00
101008724;H2020;MINKE;Metrology for Integrated Marine Management and Knowledge-Transfer Network;H2020-EU.1.4.;EXCELLENT SCIENCE - Research Infrastructures;Research Infrastructures;RIA;AGENCIA ESTATAL CONSEJO SUPERIOR DE INVESTIGACIONES CIENTIFICAS;ES;CONSORCIO PARA EL DISENO, CONSTRUCCION, EQUIPAMIENTO Y EXPLOTACION DE LA PLATAFORMA OCEANICA DE CANARIAS | ANEL.LIDES SL | AGENCIA ESTATAL CONSEJO SUPERIOR DE INVESTIGACIONES CIENTIFICAS | UNIVERSITAT POLITECNICA DE CATALUNYA | INSTITUT D'ARQUITECTURA AVANCADA DE CATALUNYA;CLOSED;2021-04-01;2025-03-31;2021;4994955,00;4994955,00
957566;H2020;DNA4Science;DNA4Science: Citizen-science data collection for ethical data re-use;H2020-EU.1.1.;EXCELLENT SCIENCE - European Research Council (ERC);European Research Council;ERC-POC;THE CHANCELLOR, MASTERS AND SCHOLARS OF THE UNIVERSITY OF OXFORD;UK;;CLOSED;2021-05-01;2023-01-31;2021;150000,00;0,00
101036119;H2020;FF2021;European Researchers' Night in Sweden 2021: ForskarFredag 2021;H2020-EU.1.3.;EXCELLENT SCIENCE - Marie Skłodowska-Curie Actions;Marie Skłodowska-Curie Actions;CSA;VETENSKAP & ALLMANHET, VA;SE;;CLOSED;2021-04-01;2022-03-31;2021;130000,00;566241,50
101034170;H2020;EURIdoc;Eucor Upper Rhine Immunology doctoral programme;H2020-EU.1.3.;EXCELLENT SCIENCE - Marie Skłodowska-Curie Actions;Marie Skłodowska-Curie Actions;MSCA-COFUND;EUCOR - THE EUROPEAN CAMPUS;DE;;SIGNED;2021-09-01;2027-05-31;2021;3037440,00;6074880,00
101035811;H2020;EELISA innoCORE;EELISA INNOvation and COmmon REsearch strategy;H2020-EU.5.;SCIENCE WITH AND FOR SOCIETY;SCIENCE WITH AND FOR SOCIETY;CSA;UNIVERSIDAD POLITECNICA DE MADRID;ES;UNIVERSIDAD POLITECNICA DE MADRID;CLOSED;2021-06-01;2024-05-31;2021;1999950,00;0,00
101003534;H2020;SCORE;Smart Control of the Climate Resilience in European Coastal Cities;H2020-EU.3.5.;SOCIETAL CHALLENGES - Climate action, Environment, Resource Efficiency and Raw Materials;Climate action, Environment, Resource Efficiency and Raw Materials;RIA;ATLANTIC TECHNOLOGICAL UNIVERSITY;IE;UNIVERSIDAD DE ALICANTE | NEAPOLIS | AJUNTAMENT DE VILANOVA I LA GELTRU | NAIDER ANALISIS Y ACCION SOCIOECONOMICA SL | OARSOALDEA SA | SERVEIS DE SUPORT A LA GESTIO SL | DIPUTACION PROVINCIAL DE BARCELONA;CLOSED;2021-07-01;2025-06-30;2021;9980831,00;9980831,00
101003656;H2020;FULFILL;Fundamental Decarbonisation Through Sufficiency By Lifestyle Changes;H2020-EU.3.5.;SOCIETAL CHALLENGES - Climate action, Environment, Resource Efficiency and Raw Materials;Climate action, Environment, Resource Efficiency and Raw Materials;RIA;FRAUNHOFER GESELLSCHAFT ZUR FORDERUNG DER ANGEWANDTEN FORSCHUNG EV;DE;;CLOSED;2021-10-01;2024-09-30;2021;3210085,00;3210085,00
101002440;H2020;NovelEco;Societal Attitudes to Urban Novel Ecosystems;H2020-EU.1.1.;EXCELLENT SCIENCE - European Research Council (ERC);European Research Council;ERC-COG;THE PROVOST, FELLOWS, FOUNDATION SCHOLARS & THE OTHER MEMBERS OF BOARD, OF THE COLLEGE OF THE HOLY & UNDIVIDED TRINITY OF QUEEN ELIZABETH NEAR DUBLIN;IE;;SIGNED;2021-06-01;2026-05-31;2021;1999941,00;1999941,00
101031566;H2020;DACIP;Developing Action Competence for Insect Preservation;H2020-EU.1.3.;EXCELLENT SCIENCE - Marie Skłodowska-Curie Actions;Marie Skłodowska-Curie Actions;MSCA-IF;KARLSTADS UNIVERSITET;SE;;CLOSED;2021-08-23;2023-08-22;2021;191852,16;191852,16
101003799;H2020;DivAirCity;The power of diversity and social inclusion as a mean for reducing air pollution and achieving green urban nexus in climate neutral cities;H2020-EU.3.5.;SOCIETAL CHALLENGES - Climate action, Environment, Resource Efficiency and Raw Materials;Climate action, Environment, Resource Efficiency and Raw Materials;IA;UNIVERSITAT POLITECNICA DE VALENCIA;ES;AYUNTAMIENTO DE CASTELLON DE LA PLANA | DE LA MATA MUNOZ ALMUDENA | BIPOLAIRE ARQUITECTOS SLP | UNIVERSITAT POLITECNICA DE VALENCIA;SIGNED;2021-09-01;2025-08-31;2021;9921987,50;10733255,90
101036418;H2020;AURORA;Achieving a new European Energy Awareness.;H2020-EU.3.5.;SOCIETAL CHALLENGES - Climate action, Environment, Resource Efficiency and Raw Materials;Climate action, Environment, Resource Efficiency and Raw Materials;IA;UNIVERSIDAD POLITECNICA DE MADRID;ES;QUALIFYING PHOTOVOLTICS, SL | UNIVERSIDAD POLITECNICA DE MADRID;SIGNED;2021-12-01;2025-11-30;2021;4628631,13;4786456,25
101036563;H2020;CompAir;Community Observation Measurement & Participation in AIR Science;H2020-EU.3.5.;SOCIETAL CHALLENGES - Climate action, Environment, Resource Efficiency and Raw Materials;Climate action, Environment, Resource Efficiency and Raw Materials;IA;VLAAMSE GEWEST;BE;;CLOSED;2021-11-01;2024-10-31;2021;4686189,00;5325454,35
101037342;H2020;PSLifestyle;Co-Creating Positive and Sustainable Lifestyle Tool with and for European Citizens;H2020-EU.3.5.;SOCIETAL CHALLENGES - Climate action, Environment, Resource Efficiency and Raw Materials;Climate action, Environment, Resource Efficiency and Raw Materials;IA;SUOMEN ITSENAISYYDEN JUHLARAHASTO;FI;;SIGNED;2021-10-01;2025-09-30;2021;4999871,25;5338231,06
101037648;H2020;SOCIO-BEE;Wearables and droneS fOr CIty Socio-Environmental Observations and BEhavioral ChangE;H2020-EU.3.5.;SOCIETAL CHALLENGES - Climate action, Environment, Resource Efficiency and Raw Materials;Climate action, Environment, Resource Efficiency and Raw Materials;IA;ETHNIKO KENTRO EREVNAS KAI TECHNOLOGIKIS ANAPTYXIS;EL;BETTAIR CITIES SL | AYUNTAMIENTO DE ZARAGOZA | FUNDACION ZARAGOZA CIUDAD DE CONOCIMIENTO | FUNDACION IBERCIVIS | UNIVERSIDAD DE LA IGLESIA DE DEUSTO ENTIDAD RELIGIOSA | LIBELIUM LAB SL;CLOSED;2021-10-01;2024-09-30;2021;4999858,91;5455801,66
101036505;H2020;ECF4CLIM;A EUROPEAN COMPETENCE FRAMEWORK FOR A LOW CARBON ECONOMY AND SUSTAINABILITY THROUGH EDUCATION;H2020-EU.3.5.;SOCIETAL CHALLENGES - Climate action, Environment, Resource Efficiency and Raw Materials;Climate action, Environment, Resource Efficiency and Raw Materials;IA;CENTRO DE INVESTIGACIONES ENERGETICAS MEDIOAMBIENTALES Y TECNOLOGICAS;ES;CENTRO DE INVESTIGACIONES ENERGETICAS MEDIOAMBIENTALES Y TECNOLOGICAS | UNIVERSITAT AUTONOMA DE BARCELONA | UNIVERSIDAD DE SEVILLA;SIGNED;2021-10-01;2025-12-31;2021;4896710,00;5383047,50
101035813;H2020;REUNICE;Research with and for society in EUNICE;H2020-EU.5.;SCIENCE WITH AND FOR SOCIETY;SCIENCE WITH AND FOR SOCIETY;CSA;POLITECHNIKA POZNANSKA;PL;UNIVERSIDAD DE CANTABRIA;CLOSED;2021-10-01;2024-12-31;2021;1997875,00;0,00
101037643;H2020;ILIAD;INTEGRATED DigitaL Framework FOR Comprehensive MARITIME DATA AND INFORMATION SERVICES;H2020-EU.3.2.;SOCIETAL CHALLENGES - Food security, sustainable agriculture and forestry, marine, maritime and inland water research, and the bioeconomy;Food security, sustainable agriculture and forestry, marine, maritime and inland water research, and the bioeconomy;IA;NETCOMPANY SA;BE;CONSORCIO PARA EL DISENO, CONSTRUCCION, EQUIPAMIENTO Y EXPLOTACION DE LA PLATAFORMA OCEANICA DE CANARIAS | DEIMOS ENGINEERING AND SYSTEMS SLU | FUNDACION CENTRO TECNOLOGICO ACUICULTURA DE ANDALUCIA | CENTRO DE INVESTIGACION ECOLOGICA Y APLICACIONES FORESTALES | FUNDACION DE LA COMUNIDAD VALENCIANA PARA LA INVESTIGACION, PROMOCION Y ESTUDIOS COMERCIALES DE VALENCIAPORT | ALPHA UNMANNED SYSTEMS SL | ACONDICIONAMIENTO TARRASENSE ASSOCIACION | UNIVERSITAT AUTONOMA DE BARCELONA | DEIMOS SPACE SOCIEDAD LIMITADA UNIPERSONAL;CLOSED;2022-02-01;2025-07-31;2022;17046229,63;18956630,00
283783;FP7;GLORIA;GLObal Robotic telescopes Intelligent Array for e-Science;FP7-INFRASTRUCTURES;"Specific Programme ""Capacities"": Research infrastructures";"Specific Programme ""Capacities"": Research infrastructures";CPCSA;UNIVERSIDAD POLITECNICA DE MADRID;ES;UNIVERSIDAD DE MALAGA | UNIVERSIDAD POLITECNICA DE MADRID | INSTITUTO DE ASTROFISICA DE CANARIAS | INSTITUTO NACIONAL DE TECNICA AEROESPACIAL | AGENCIA ESTATAL CONSEJO SUPERIOR DE INVESTIGACIONES CIENTIFICAS;CLOSED;2011-10-01;2014-09-30;2011;2499955,00;3484044,00
327940;FP7;INSEAME;INtegrating Social Evolution and Metabolic Ecology;FP7-PEOPLE;"Specific programme ""People"" implementing the Seventh Framework Programme of the European Community for research, technological development and demonstration activities (2007 to 2013)";"Specific programme ""People"" implementing the Seventh Framework Programme of the European Community for research, technological development and demonstration activities (2007 to 2013)";MC-IIF;KOBENHAVNS UNIVERSITET;DK;;CLOSED;2014-04-15;2016-04-14;2014;221154,60;221154,60
312902;FP7;Socientize;Society as infrastructure for e-science via technology, innovation and creativity;FP7-INFRASTRUCTURES;"Specific Programme ""Capacities"": Research infrastructures";"Specific Programme ""Capacities"": Research infrastructures";CSA;UNIVERSIDAD DE ZARAGOZA;ES;UNIVERSIDAD DE ZARAGOZA | ASOCIACION CLUSTER DE EMPRESAS DE TECNOLOGIAS DE LA INFORMACION ELECTRONICA Y TELECOMUNICACIONES DE ARAGON;CLOSED;2012-10-01;2014-09-30;2012;709999,00;791745,00
317705;FP7;Citizen Cyberlab;Technology Enhanced Creative Learning in the field of Citizen Cyberscience;FP7-ICT;"Specific Programme ""Cooperation"": Information and communication technologies";"Specific Programme ""Cooperation"": Information and communication technologies";CP;Université Paris Descartes;FR;;CLOSED;2012-10-01;2015-11-30;2012;3400000,00;4307237,00
